"spark_size","total_re_emergence_prob_1_year","total_re_emergence_prob_2_year","total_re_emergence_prob_3_year","spark_year","R_naught","sigma_P","gamma","phi","sigma_M","rho","Beta_0","delta","mu_H","N_0","I_0","R_0","C_0","r","omega","epsilon","t_stop_immigration","spark","spark_time_start","spark_time_end"
20,0.06,0,0,1990,1.2172787809521,0.92188984375,0.0588235294117647,1.08107255188867,0.474276219531514,0.0285640855621602,0.0713911670545149,0.66178235965446,3.68e-05,5281842,227586.827586207,0,0,2.02577239877577e-05,0.01721420632104,0,1430,20,1461,1492
20,0.01,0,0.01,1990,1.20037821312068,0.67193734375,0.0588235294117647,1.11934957859191,0.528387253716413,0.0282382020538557,0.0704065502930942,0.655456619874545,3.68e-05,5281842,227586.827586207,0,0,2.02577239877577e-05,0.01721420632104,0,1430,20,1461,1492
20,0,0,0,1990,1.1999889910008,0.67193734375,0.0588235294117647,1.1213695218192,0.526688674279536,0.0286537248283048,0.0703825433778576,0.659189925250228,3.68e-05,5281842,227586.827586207,0,0,2.02577239877577e-05,0.01721420632104,0,1430,20,1461,1492
20,0.01,0,0,1990,1.19227836366608,0.67193734375,0.0588235294117647,1.11564835238574,0.531239552756446,0.0287365992661802,0.0699289916751376,0.660943531327902,3.68e-05,5281842,227586.827586207,0,0,2.02577239877577e-05,0.01721420632104,0,1430,20,1461,1492
20,0,0,0,1990,1.19353062051714,0.67193734375,0.0588235294117647,1.12680355821769,0.519711113117456,0.0286016461465969,0.070005167667782,0.657038122530136,3.68e-05,5281842,227586.827586207,0,0,2.02577239877577e-05,0.01721420632104,0,1430,20,1461,1492
20,0.02,0,0,1990,1.19148629928009,0.67193734375,0.0588235294117647,1.11553121080257,0.527430866874403,0.028819878100146,0.0698849569273476,0.654452974064899,3.68e-05,5281842,227586.827586207,0,0,2.02577239877577e-05,0.01721420632104,0,1430,20,1461,1492
