"spark_size","total_re_emergence_prob_1_year","total_re_emergence_prob_2_year","total_re_emergence_prob_3_year","spark_year","R_naught","sigma_P","gamma","phi","sigma_M","rho","Beta_0","delta","mu_H","N_0","I_0","R_0","C_0","r","omega","epsilon","t_stop_immigration","spark","spark_time_start","spark_time_end"
20,0,0,0,1990,1.16174904515721,0.14078828125,0.0588235294117647,1.12381033317275,0.582154757113898,0.025135593764238,0.0681570028179436,0.612362709507263,3.68000000000001e-05,5281842,144828.344827586,0,0,2.02577239877577e-05,0.01721420632104,0,1430,20,1461,1492
20,0,0,0,1990,1.15818409893567,0.14078828125,0.0588235294117647,1.13768840441154,0.586577689551066,0.0253390541408604,0.0679504728886559,0.609130997585468,3.67999999999999e-05,5281842,144828.344827586,0,0,2.02577239877577e-05,0.01721420632104,0,1430,20,1461,1492
20,0,0,0,1990,1.15836386727832,0.14078828125,0.0588235294117647,1.13249991901773,0.590175007408054,0.0255496188984827,0.0679593933984166,0.612120541426634,3.68000000000001e-05,5281842,144828.344827586,0,0,2.02577239877577e-05,0.01721420632104,0,1430,20,1461,1492
20,0,0,0,1990,1.15888263663435,0.14078828125,0.0588235294117647,1.13600331668226,0.584762069791736,0.0253192519665991,0.0679910360587862,0.609801469856098,3.68e-05,5281842,144828.344827586,0,0,2.02577239877577e-05,0.01721420632104,0,1430,20,1461,1492
20,0.01,0,0,1990,1.1946160785995,0.64069328125,0.0588235294117647,1.07947199666231,0.520053624725317,0.0259624220526195,0.0700707863530936,0.638448516645742,3.68e-05,5281842,144828.344827586,0,0,2.02577239877577e-05,0.01721420632104,0,1430,20,1461,1492
20,0,0,0,1990,1.15865899512496,0.07830015625,0.0588235294117647,1.13622901281391,0.589096758571764,0.0251674547159704,0.0679789402047978,0.607031011673628,3.67999999999999e-05,5281842,144828.344827586,0,0,2.02577239877577e-05,0.01721420632104,0,1430,20,1461,1492
