"spark_size","total_re_emergence_prob_1_year","total_re_emergence_prob_2_year","total_re_emergence_prob_3_year","spark_year","R_naught","sigma_P","gamma","phi","sigma_M","rho","Beta_0","delta","mu_H","N_0","I_0","R_0","C_0","r","omega","epsilon","t_stop_immigration","spark","spark_time_start","spark_time_end"
20,0,0,0,1990,1.15834635903222,0.14078828125,0.0588235294117647,1.11543971737089,0.597721116485963,0.028517475887512,0.0679409080219648,0.655172413793103,3.68e-05,5281842,140625.917191223,0,0,2.02577239877577e-05,0.01721420632104,0,1430,20,1461,1492
20,0,0,0,1990,1.17905814448619,0.07830015625,0.0588235294117647,1.17153605112886,0.580097662987,0.0285959806783623,0.0691622768068377,0.655172413793103,3.68e-05,5281842,253122.699134377,0,0,2.02577239877577e-05,0.01721420632104,0,1430,20,1461,1492
20,0,0,0,1990,1.17599994025715,0.07830015625,0.0588235294117647,1.17738785542403,0.570493392869094,0.0287147093305759,0.0689836108820778,0.655172413793103,3.68000000000001e-05,5281842,253126.280535951,0,0,2.02577239877577e-05,0.01721420632104,0,1430,20,1461,1492
20,0,0,0,1990,1.17716164565902,0.07830015625,0.0588235294117647,1.1761673894357,0.58034742761222,0.028582982905853,0.0690516039506127,0.655172413793103,3.68000000000001e-05,5281842,253124.449623728,0,0,2.02577239877577e-05,0.01721420632104,0,1430,20,1461,1492
20,0,0,0,1990,1.17288567364384,0.07830015625,0.0588235294117647,1.17806681673791,0.590094544653221,0.0295418818746201,0.0688010138688982,0.655172413793103,3.68e-05,5281842,253126.763961145,0,0,2.02577239877577e-05,0.01721420632104,0,1430,20,1461,1492
20,0.01,0,0,1990,1.18944818642317,0.70318140625,0.0588235294117647,1.08796847610566,0.51013377464405,0.02788544683856,0.0697621781425563,0.655172413793103,3.67999999999999e-05,5281842,178124.930398902,0,0,2.02577239877577e-05,0.01721420632104,0,1430,20,1461,1492
