"spark_size","total_re_emergence_prob_1_year","total_re_emergence_prob_2_year","total_re_emergence_prob_3_year","spark_year","R_naught","sigma_P","gamma","phi","sigma_M","rho","Beta_0","delta","mu_H","N_0","I_0","R_0","C_0","r","omega","epsilon","t_stop_immigration","spark","spark_time_start","spark_time_end"
20,0,0,0,1990,1.19084327897916,0.0346662068965517,0.0588235294117647,1.17992058874152,0.58144065734909,0.0307223093472046,0.0698471999838021,0.675642391840382,3.67999999999999e-05,5281842,295312.845831228,0,0,2.02577239877577e-05,0.01721420632104,0,1430,20,1461,1492
20,0,0,0,1990,1.18938968323491,0.0346662068965517,0.0588235294117647,1.18082549101051,0.58642621528344,0.0306417711889421,0.0697626505701249,0.674012427893022,3.67999999999999e-05,5281842,295313.169267367,0,0,2.02577239877577e-05,0.01721420632104,0,1430,20,1461,1492
20,0,0,0,1990,1.21488400730959,0.0346662068965517,0.0588235294117647,1.1885710409162,0.612043037421828,0.0345885518054045,0.0712484640205968,0.702689910015598,3.67999999999999e-05,5281842,370312.483570706,0,0,2.02577239877577e-05,0.01721420632104,0,1430,20,1461,1492
20,0,0,0,1990,1.21827345294276,0.0346662068965517,0.0588235294117647,1.18527510302125,0.611262581386645,0.0342095143540695,0.071447490832926,0.700765929104571,3.68e-05,5281842,370313.315402439,0,0,2.02577239877577e-05,0.01721420632104,0,1430,20,1461,1492
20,0,0,0,1990,1.21897223118013,0.0346662068965517,0.0588235294117647,1.18285151662324,0.612656426901196,0.0345356336273546,0.071486804406399,0.70434631155414,3.68000000000001e-05,5281842,370313.2708818,0,0,2.02577239877577e-05,0.01721420632104,0,1430,20,1461,1492
20,0,0,0,1990,1.21565467363308,0.0346662068965517,0.0588235294117647,1.18750348668399,0.613300844366052,0.0347470090661083,0.0712933309703411,0.703176024405354,3.68e-05,5281842,370313.983584275,0,0,2.02577239877577e-05,0.01721420632104,0,1430,20,1461,1492
