"spark_size","total_re_emergence_prob_1_year","total_re_emergence_prob_2_year","total_re_emergence_prob_3_year","spark_year","R_naught","sigma_P","gamma","phi","sigma_M","rho","Beta_0","delta","mu_H","N_0","I_0","R_0","C_0","r","omega","epsilon","t_stop_immigration","spark","spark_time_start","spark_time_end"
20,0,0,0,1990,1.18535242045,0.70318140625,0.0588235294117647,1.05473563271298,0.508732623358304,0.0261013652923364,0.0695273575724608,0.632400675701275,3.68e-05,5281842,124138.724137931,0,0,2.02577239877577e-05,0.01721420632104,0,1430,20,1461,1492
20,0,0,0,1990,1.19413277966516,0.70318140625,0.0588235294117647,1.0589452247819,0.511618914095208,0.0255589861447478,0.0700436467697275,0.630114762751965,3.68e-05,5281842,124138.724137931,0,0,2.02577239877577e-05,0.01721420632104,0,1430,20,1461,1492
20,0,0,0,1990,1.19461803247685,0.70318140625,0.0588235294117647,1.06375974313113,0.502033727447402,0.0256452818584476,0.0700728744864081,0.62930673713838,3.68e-05,5281842,124138.724137931,0,0,2.02577239877577e-05,0.01721420632104,0,1430,20,1461,1492
20,0.03,0.01,0,1990,1.21004181385218,0.945322890625,0.0588235294117647,1.02393864959954,0.444528002833933,0.02621425157514,0.0709681444731869,0.64403687571455,3.67999999999999e-05,5281842,124138.724137931,0,0,2.02577239877577e-05,0.01721420632104,0,1430,20,1461,1492
20,0.02,0,0,1990,1.21178660069545,0.945322890625,0.0588235294117647,1.01563982723755,0.444170852402914,0.0265908238501766,0.0710662119903798,0.652959759406842,3.68e-05,5281842,124138.724137931,0,0,2.02577239877577e-05,0.01721420632104,0,1430,20,1461,1492
20,0.06,0.02,0.01,1990,1.21477792909688,0.945322890625,0.0588235294117647,1.01692365983141,0.434242834245655,0.0259882952989274,0.0712459767358467,0.642334809436193,3.68e-05,5281842,124138.724137931,0,0,2.02577239877577e-05,0.01721420632104,0,1430,20,1461,1492
