"spark_size","total_re_emergence_prob_1_year","total_re_emergence_prob_2_year","total_re_emergence_prob_3_year","spark_year","R_naught","sigma_P","gamma","phi","sigma_M","rho","Beta_0","delta","mu_H","N_0","I_0","R_0","C_0","r","omega","epsilon","t_stop_immigration","spark","spark_time_start","spark_time_end"
20,0,0,0,1990,1.19721388628947,0.70318140625,0.0588235294117647,1.12417231858801,0.531337467569804,0.0300189911001495,0.070216250948211,0.669434971209144,3.68000000000001e-05,5281842,248276.448275862,0,0,2.02577239877577e-05,0.01721420632104,0,1430,20,1461,1492
20,0.02,0,0,1990,1.20087646115333,0.70318140625,0.0588235294117647,1.11528557214934,0.523729511142081,0.0291173173988992,0.0704318201278276,0.664706339056137,3.68e-05,5281842,248276.448275862,0,0,2.02577239877577e-05,0.01721420632104,0,1430,20,1461,1492
20,0.01,0,0,1990,1.20634946185729,0.70318140625,0.0588235294117647,1.11287926903253,0.529128956066597,0.0290698631730465,0.0707522409145151,0.665491796212866,3.68e-05,5281842,248276.448275862,0,0,2.02577239877577e-05,0.01721420632104,0,1430,20,1461,1492
20,0,0,0,1990,1.18054874813023,0.20327640625,0.0588235294117647,1.16546470238261,0.574970380731966,0.0288343356383117,0.0692477509825429,0.658525412850015,3.68e-05,5281842,248276.448275862,0,0,2.02577239877577e-05,0.01721420632104,0,1430,20,1461,1492
20,0,0,0,1990,1.17781028279533,0.20327640625,0.0588235294117647,1.16297200385601,0.580282265940015,0.030306527295117,0.0690813959896686,0.673480006164222,3.68e-05,5281842,248276.448275862,0,0,2.02577239877577e-05,0.01721420632104,0,1430,20,1461,1492
20,0,0,0,1990,1.1931171056592,0.45322890625,0.0588235294117647,1.14226818518951,0.566436008344836,0.0295293477437472,0.0699794137744731,0.665933586429164,3.68e-05,5281842,248276.448275862,0,0,2.02577239877577e-05,0.01721420632104,0,1430,20,1461,1492
