"spark_size","total_re_emergence_prob_1_year","total_re_emergence_prob_2_year","total_re_emergence_prob_3_year","spark_year","R_naught","sigma_P","gamma","phi","sigma_M","rho","Beta_0","delta","mu_H","N_0","I_0","R_0","C_0","r","omega","epsilon","t_stop_immigration","spark","spark_time_start","spark_time_end"
20,0,0,0,1990,1.20450209374087,0.138094827586207,0.0588235294117647,1.18053569655167,0.595345970880171,0.0321357922769345,0.0706443943194254,0.68660477900685,3.68e-05,5281842,328126.496010624,0,0,2.02577239877577e-05,0.01721420632104,0,1430,20,1461,1492
20,0,0,0,1990,1.20172810167151,0.138094827586207,0.0588235294117647,1.18159177076725,0.596012742499043,0.0325908124851549,0.0704803758903121,0.690605959676535,3.68e-05,5281842,328125.712032084,0,0,2.02577239877577e-05,0.01721420632104,0,1430,20,1461,1492
20,0,0,0,1990,1.20221603204883,0.138094827586207,0.0588235294117647,1.1806264946601,0.595992296296921,0.0323807179643879,0.0705095563476734,0.688711492639372,3.68e-05,5281842,328125.565922654,0,0,2.02577239877577e-05,0.01721420632104,0,1430,20,1461,1492
20,0,0,0,1990,1.20246458089632,0.138094827586207,0.0588235294117647,1.18277555206404,0.599159266677572,0.0321570559418171,0.0705253398569706,0.68620897010568,3.68e-05,5281842,328126.289445646,0,0,2.02577239877577e-05,0.01721420632104,0,1430,20,1461,1492
20,0,0,0,1990,1.16049967949926,0.138094827586207,0.0588235294117647,1.13046756044106,0.592799883549249,0.0254769012426563,0.0680854067106535,0.609581538995253,3.68000000000001e-05,5281842,145312.780929818,0,0,2.02577239877577e-05,0.01721420632104,0,1430,20,1461,1492
20,0,0,0,1990,1.15859484932433,0.138094827586207,0.0588235294117647,1.12799508566925,0.58695724508819,0.0257118143833246,0.0679718267590559,0.613906154095858,3.68e-05,5281842,145313.399588885,0,0,2.02577239877577e-05,0.01721420632104,0,1430,20,1461,1492
