"spark_size","total_re_emergence_prob_1_year","total_re_emergence_prob_2_year","total_re_emergence_prob_3_year","spark_year","R_naught","sigma_P","gamma","phi","sigma_M","rho","Beta_0","delta","mu_H","N_0","I_0","R_0","C_0","r","omega","epsilon","t_stop_immigration","spark","spark_time_start","spark_time_end"
20,0.02,0,0,1990,1.23059981482298,0.965523793103448,0.0588235294117647,1.06574382947692,0.469968945171606,0.0281124293752232,0.0721679077997238,0.669120213730207,3.68e-05,5281842,220313.684119647,0,0,2.02577239877577e-05,0.01721420632104,0,1430,20,1461,1492
20,0.05,0.01,0,1990,1.21351647862848,0.965523793103448,0.0588235294117647,1.07046033001631,0.461644946870202,0.0284854672359795,0.0711708616583464,0.658049586710241,3.68e-05,5281842,220313.616013272,0,0,2.02577239877577e-05,0.01721420632104,0,1430,20,1461,1492
20,0.04,0.01,0,1990,1.21789354036929,0.965523793103448,0.0588235294117647,1.07316827025482,0.465844005848497,0.0288861706889097,0.0714265750464766,0.661312555939671,3.68e-05,5281842,220312.848464334,0,0,2.02577239877577e-05,0.01721420632104,0,1430,20,1461,1492
20,0.06,0.01,0,1990,1.20491644677903,1,0.0588235294117647,1.01212091517971,0.425873674808363,0.0267742696930303,0.0706643259274673,0.649607734953284,3.68e-05,5281842,121877.22051817,0,0,2.02577239877577e-05,0.01721420632104,0,1430,20,1461,1492
20,0.02,0.01,0.01,1990,1.21956522398519,1,0.0588235294117647,1.00461309622201,0.433282306032795,0.0260392324672228,0.0715235050107316,0.647812155935261,3.68000000000001e-05,5281842,121874.442820125,0,0,2.02577239877577e-05,0.01721420632104,0,1430,20,1461,1492
20,0.04,0,0.01,1990,1.22560273313519,1,0.0588235294117647,1.07412906275306,0.462483695630116,0.028688172376904,0.0718790188687629,0.6607590093949,3.68e-05,5281842,234375.261900437,0,0,2.02577239877577e-05,0.01721420632104,0,1430,20,1461,1492
