"spark_size","total_re_emergence_prob_1_year","total_re_emergence_prob_2_year","total_re_emergence_prob_3_year","spark_year","R_naught","sigma_P","gamma","phi","sigma_M","rho","Beta_0","delta","mu_H","N_0","I_0","R_0","C_0","r","omega","epsilon","t_stop_immigration","spark","spark_time_start","spark_time_end"
20,0,0,0,1990,1.1676286959151,0.070489140625,0.0588235294117647,1.1582829433333,0.576243795356916,0.0272233687795588,0.0684949045901194,0.642213287981744,3.68e-05,5281842,206897.206896552,0,0,2.02577239877577e-05,0.01721420632104,0,1430,20,1461,1492
20,0,0,0,1990,1.16769187972747,0.070489140625,0.0588235294117647,1.1594435654293,0.582620998603677,0.0270061475678338,0.068499799197987,0.639290173030959,3.68e-05,5281842,206897.206896552,0,0,2.02577239877577e-05,0.01721420632104,0,1430,20,1461,1492
20,0,0,0,1990,1.16686046427063,0.070489140625,0.0588235294117647,1.16208049371224,0.576451906971929,0.0272123312541354,0.0684514017974445,0.639102343963252,3.67999999999999e-05,5281842,206897.206896552,0,0,2.02577239877577e-05,0.01721420632104,0,1430,20,1461,1492
20,0,0,0,1990,1.16670504682504,0.070489140625,0.0588235294117647,1.15872603444454,0.578512584576358,0.0273178377151781,0.0684407278044325,0.642340754533507,3.68e-05,5281842,206897.206896552,0,0,2.02577239877577e-05,0.01721420632104,0,1430,20,1461,1492
20,0,0,0,1990,1.16949875029995,0.070489140625,0.0588235294117647,1.15675807797678,0.580349384526042,0.0271502512848561,0.0686048027492306,0.641171603962639,3.68e-05,5281842,206897.206896552,0,0,2.02577239877577e-05,0.01721420632104,0,1430,20,1461,1492
20,0.01,0,0,1990,1.18738806705677,0.60944921875,0.0588235294117647,1.12337061838458,0.537266250617236,0.0295574648795876,0.0696414589162164,0.665186965506917,3.68e-05,5281842,227586.827586207,0,0,2.02577239877577e-05,0.01721420632104,0,1430,20,1461,1492
