"spark_size","total_re_emergence_prob_1_year","total_re_emergence_prob_2_year","total_re_emergence_prob_3_year","spark_year","R_naught","sigma_P","gamma","phi","sigma_M","rho","Beta_0","delta","mu_H","N_0","I_0","R_0","C_0","r","omega","epsilon","t_stop_immigration","spark","spark_time_start","spark_time_end"
20,0,0,0,1990,1.18804790370645,0.413904482758621,0.0588235294117647,1.15434405576339,0.56274369290594,0.0294561455856603,0.06968506223442,0.661817253932779,3.67999999999999e-05,5281842,253125.409491475,0,0,2.02577239877577e-05,0.01721420632104,0,1430,20,1461,1492
20,0,0,0,1990,1.18975260577181,0.413904482758621,0.0588235294117647,1.14775496326919,0.558620251701444,0.0294993349127866,0.0697825505013712,0.666438064859296,3.68e-05,5281842,253127.30987762,0,0,2.02577239877577e-05,0.01721420632104,0,1430,20,1461,1492
20,0,0,0,1990,1.18364893917487,0.413904482758621,0.0588235294117647,1.15205271442827,0.562094550255286,0.0294240959844525,0.0694273118378085,0.660320400350779,3.68e-05,5281842,253127.751331642,0,0,2.02577239877577e-05,0.01721420632104,0,1430,20,1461,1492
20,0,0,0,1990,1.17422085514253,0.413904482758621,0.0588235294117647,1.12326863708901,0.553225848942967,0.0265856824724194,0.0688795473379578,0.637034040300171,3.68e-05,5281842,178125.783884298,0,0,2.02577239877577e-05,0.01721420632104,0,1430,20,1461,1492
20,0,0,0,1990,1.17998036545837,0.413904482758621,0.0588235294117647,1.1304164782598,0.557831031757485,0.0265184726366629,0.0692205264256759,0.630685235398102,3.68e-05,5281842,178126.742035764,0,0,2.02577239877577e-05,0.01721420632104,0,1430,20,1461,1492
20,0,0,0,1990,1.1740777393207,0.413904482758621,0.0588235294117647,1.12542985591191,0.556834652760633,0.0268846272882112,0.0688720427943505,0.635252007546682,3.68e-05,5281842,178127.240469516,0,0,2.02577239877577e-05,0.01721420632104,0,1430,20,1461,1492
