"spark_size","total_re_emergence_prob_1_year","total_re_emergence_prob_2_year","total_re_emergence_prob_3_year","spark_year","R_naught","sigma_P","gamma","phi","sigma_M","rho","Beta_0","delta","mu_H","N_0","I_0","R_0","C_0","r","omega","epsilon","t_stop_immigration","spark","spark_time_start","spark_time_end"
20,0,0,0,1990,1.16542007433399,0.10954421875,0.0588235294117647,1.15296979040606,0.577466311027824,0.0262158409261072,0.0683704966138228,0.626208501970526,3.68000000000001e-05,5281842,186207.586206897,0,0,2.02577239877577e-05,0.01721420632104,0,1430,20,1461,1492
20,0,0,0,1990,1.17016678759038,0.35949671875,0.0588235294117647,1.13702588961945,0.554235439822206,0.0270629862146231,0.0686424620048492,0.639181048037663,3.68e-05,5281842,186207.586206897,0,0,2.02577239877577e-05,0.01721420632104,0,1430,20,1461,1492
20,0,0,0,1990,1.17510505299451,0.35949671875,0.0588235294117647,1.13044029896023,0.560364971761651,0.0267483242753006,0.0689303293929716,0.642120660103588,3.68e-05,5281842,186207.586206897,0,0,2.02577239877577e-05,0.01721420632104,0,1430,20,1461,1492
20,0,0,0,1990,1.17431639963208,0.35949671875,0.0588235294117647,1.1335702748947,0.559332328094663,0.0269738512685063,0.068885062165672,0.640359430232183,3.68e-05,5281842,186207.586206897,0,0,2.02577239877577e-05,0.01721420632104,0,1430,20,1461,1492
20,0,0,0,1990,1.17355525129305,0.35949671875,0.0588235294117647,1.14057861161093,0.560181316796688,0.026844209950359,0.0688420798784721,0.637948875317041,3.68e-05,5281842,186207.586206897,0,0,2.02577239877577e-05,0.01721420632104,0,1430,20,1461,1492
20,0,0,0,1990,1.1733112547087,0.35949671875,0.0588235294117647,1.13178498286762,0.554191160627057,0.0271997238532021,0.0688259795843632,0.640148581534099,3.68e-05,5281842,186207.586206897,0,0,2.02577239877577e-05,0.01721420632104,0,1430,20,1461,1492
