"spark_size","total_re_emergence_prob_1_year","total_re_emergence_prob_2_year","total_re_emergence_prob_3_year","spark_year","R_naught","sigma_P","gamma","phi","sigma_M","rho","Beta_0","delta","mu_H","N_0","I_0","R_0","C_0","r","omega","epsilon","t_stop_immigration","spark","spark_time_start","spark_time_end"
20,0,0,0,1990,1.19165721942126,0.551809310344828,0.0588235294117647,1.12556165787334,0.539611402535327,0.0285205405058296,0.0698944782677996,0.658820240295859,3.68e-05,5281842,220312.575065665,0,0,2.02577239877577e-05,0.01721420632104,0,1430,20,1461,1492
20,0,0,0,1990,1.18775103882919,0.551809310344828,0.0588235294117647,1.13421477243121,0.546411779443044,0.0288009824224972,0.0696679415311999,0.654563353451967,3.68e-05,5281842,220312.266176163,0,0,2.02577239877577e-05,0.01721420632104,0,1430,20,1461,1492
20,0,0,0,1990,1.18409251476545,0.551809310344828,0.0588235294117647,1.13347322266874,0.54235775305204,0.0287696465554264,0.0694523842255747,0.656944320555131,3.68000000000001e-05,5281842,220314.713641573,0,0,2.02577239877577e-05,0.01721420632104,0,1430,20,1461,1492
20,0.01,0,0,1990,1.16770770568522,0.586285517241379,0.0588235294117647,1.13835755218899,0.548415894663958,0.0339880317448767,0.0684809306718168,0.687107070215665,3.68000000000001e-05,5281842,234375.6875959,0,0,2.02577239877577e-05,0.01721420632104,0,1430,20,1461,1492
20,0,0,0,1990,1.17800331282766,0.586285517241379,0.0588235294117647,1.09953883880017,0.531544738682001,0.0267119835077219,0.0690997966690262,0.634662775472915,3.68000000000001e-05,5281842,159375.579287379,0,0,2.02577239877577e-05,0.01721420632104,0,1430,20,1461,1492
20,0,0,0,1990,1.18209847437184,0.586285517241379,0.0588235294117647,1.09959670750938,0.5310021081357,0.0269529780805384,0.0693391495739527,0.636980635788261,3.68e-05,5281842,159376.148718793,0,0,2.02577239877577e-05,0.01721420632104,0,1430,20,1461,1492
