"spark_size","total_re_emergence_prob_1_year","total_re_emergence_prob_2_year","total_re_emergence_prob_3_year","spark_year","R_naught","sigma_P","gamma","phi","sigma_M","rho","Beta_0","delta","mu_H","N_0","I_0","R_0","C_0","r","omega","epsilon","t_stop_immigration","spark","spark_time_start","spark_time_end"
20,0,0,0,1990,1.17982359592441,0.620761724137931,0.0588235294117647,1.08095133179339,0.514616770676307,0.0263901463976527,0.0692047048338787,0.634648987099228,3.68e-05,5281842,145313.880863969,0,0,2.02577239877577e-05,0.01721420632104,0,1430,20,1461,1492
20,0,0,0,1990,1.18829030692758,0.620761724137931,0.0588235294117647,1.0832760704111,0.526291707521907,0.0257559475317585,0.0697015514953438,0.634688435105485,3.68e-05,5281842,145312.970093618,0,0,2.02577239877577e-05,0.01721420632104,0,1430,20,1461,1492
20,0,0,0,1990,1.20396977789472,0.620761724137931,0.0588235294117647,1.1107706262534,0.532446056291873,0.0278380167625792,0.0706159917795611,0.65612344214308,3.68e-05,5281842,220313.260993311,0,0,2.02577239877577e-05,0.01721420632104,0,1430,20,1461,1492
20,0,0,0,1990,1.19060026892809,0.620761724137931,0.0588235294117647,1.1128803283492,0.527872438492917,0.0286409617090765,0.069831318371051,0.658120897077067,3.68e-05,5281842,220314.240562147,0,0,2.02577239877577e-05,0.01721420632104,0,1430,20,1461,1492
20,0,0,0,1990,1.18685739485591,0.620761724137931,0.0588235294117647,1.12483294708806,0.531298907566148,0.0287623614658041,0.0696137832876669,0.656366289254716,3.68e-05,5281842,220313.611329868,0,0,2.02577239877577e-05,0.01721420632104,0,1430,20,1461,1492
20,0,0,0,1990,1.19367869821162,0.620761724137931,0.0588235294117647,1.12099185792192,0.536499015260735,0.0283992512631293,0.0700147334967748,0.652924239866323,3.68e-05,5281842,220312.791098686,0,0,2.02577239877577e-05,0.01721420632104,0,1430,20,1461,1492
