"spark_size","total_re_emergence_prob_1_year","total_re_emergence_prob_2_year","total_re_emergence_prob_3_year","spark_year","R_naught","sigma_P","gamma","phi","sigma_M","rho","Beta_0","delta","mu_H","N_0","I_0","R_0","C_0","r","omega","epsilon","t_stop_immigration","spark","spark_time_start","spark_time_end"
20,0,0,0,1990,1.19135477828508,0.70318140625,0.0588235294117647,1.08441569214157,0.513288839641101,0.027056629424796,0.0698761770079427,0.648476824129023,3.68e-05,5281842,165517.965517241,0,0,2.02577239877577e-05,0.01721420632104,0,1430,20,1461,1492
20,0,0,0,1990,1.16094485844997,0.20327640625,0.0588235294117647,1.13922841901922,0.578048967062784,0.0263540545510648,0.0681069310095102,0.624834702376741,3.68e-05,5281842,165517.965517241,0,0,2.02577239877577e-05,0.01721420632104,0,1430,20,1461,1492
20,0,0,0,1990,1.16306657571113,0.20327640625,0.0588235294117647,1.13989408502579,0.577889448591037,0.0259804183517393,0.0682332696031855,0.619876934246844,3.68e-05,5281842,165517.965517241,0,0,2.02577239877577e-05,0.01721420632104,0,1430,20,1461,1492
20,0,0,0,1990,1.17347723527903,0.45322890625,0.0588235294117647,1.11715903739998,0.55423144493436,0.02688927096875,0.0688351335745802,0.637401258501084,3.68e-05,5281842,165517.965517241,0,0,2.02577239877577e-05,0.01721420632104,0,1430,20,1461,1492
20,0,0,0,1990,1.17128515546419,0.445417890625,0.0588235294117647,1.1174893580158,0.556937215311054,0.0281634935128703,0.0687029596617237,0.647237256335066,3.68e-05,5281842,165517.965517241,0,0,2.02577239877577e-05,0.01721420632104,0,1430,20,1461,1492
20,0,0,0,1990,1.17172792301368,0.445417890625,0.0588235294117647,1.1143917335151,0.547540382132072,0.0273977055897957,0.0687294393313668,0.644951073197308,3.68e-05,5281842,165517.965517241,0,0,2.02577239877577e-05,0.01721420632104,0,1430,20,1461,1492
