"spark_size","total_re_emergence_prob_1_year","total_re_emergence_prob_2_year","total_re_emergence_prob_3_year","spark_year","R_naught","sigma_P","gamma","phi","sigma_M","rho","Beta_0","delta","mu_H","N_0","I_0","R_0","C_0","r","omega","epsilon","t_stop_immigration","spark","spark_time_start","spark_time_end"
20,0,0,0,1990,1.17696684435843,0.070489140625,0.0588235294117647,1.17659440621734,0.5938330231777,0.0243806403711,0.0690650410925647,0.586206896551724,3.68e-05,5281842,220313.468819557,0,0,2.02577239877577e-05,0.01721420632104,0,1430,20,1461,1492
20,0,0,0,1990,1.17688408005064,0.070489140625,0.0588235294117647,1.17375917484829,0.590407545126131,0.0242461372700194,0.0690598692427432,0.586206896551724,3.68e-05,5281842,220311.837458584,0,0,2.02577239877577e-05,0.01721420632104,0,1430,20,1461,1492
20,0,0,0,1990,1.17586523742615,0.070489140625,0.0588235294117647,1.17710284241373,0.5895762030577,0.0243637825142331,0.0690004548653219,0.586206896551724,3.68e-05,5281842,220312.53593609,0,0,2.02577239877577e-05,0.01721420632104,0,1430,20,1461,1492
20,0,0,0,1990,1.1940146802686,0.73442546875,0.0588235294117647,1.04948443108342,0.503788753450759,0.0254460236946043,0.0700394853760492,0.620689655172414,3.68e-05,5281842,121875.492646651,0,0,2.02577239877577e-05,0.01721420632104,0,1430,20,1461,1492
20,0.03,0,0,1990,1.18418239280311,0.73442546875,0.0588235294117647,1.06095621259858,0.501264089681036,0.0256203582581154,0.0694637744913754,0.620689655172414,3.68000000000001e-05,5281842,121874.75564719,0,0,2.02577239877577e-05,0.01721420632104,0,1430,20,1461,1492
20,0,0,0,1990,1.18514722748547,0.73442546875,0.0588235294117647,1.05753445921575,0.503059608179587,0.0257553847848564,0.0695200578313053,0.620689655172414,3.68e-05,5281842,121874.863724013,0,0,2.02577239877577e-05,0.01721420632104,0,1430,20,1461,1492
