"spark_size","total_re_emergence_prob_1_year","total_re_emergence_prob_2_year","total_re_emergence_prob_3_year","spark_year","R_naught","sigma_P","gamma","phi","sigma_M","rho","Beta_0","delta","mu_H","N_0","I_0","R_0","C_0","r","omega","epsilon","t_stop_immigration","spark","spark_time_start","spark_time_end"
20,0.03,0.03,0.01,1990,1.19910027044453,0.89064578125,0.0588235294117647,1.06166465604512,0.459942998410401,0.0281183033084152,0.0703252918888048,0.655982386823264,3.67999999999999e-05,5281842,186207.586206897,0,0,2.02577239877577e-05,0.01721420632104,0,1430,20,1461,1492
20,0.01,0,0,1990,1.20571383039108,0.89064578125,0.0588235294117647,1.07910642517171,0.470701775738261,0.0281871385365753,0.0707148882497373,0.656100568248735,3.68e-05,5281842,186207.586206897,0,0,2.02577239877577e-05,0.01721420632104,0,1430,20,1461,1492
20,0,0,0,1990,1.20881302852379,0.89064578125,0.0588235294117647,1.06268873207752,0.4717233949121,0.0277484160082998,0.0708959019335989,0.653744394227031,3.67999999999999e-05,5281842,186207.586206897,0,0,2.02577239877577e-05,0.01721420632104,0,1430,20,1461,1492
20,0,0,0,1990,1.17151332191525,0.39074078125,0.0588235294117647,1.12890473294519,0.577775108704424,0.0306019739445619,0.0687049745915845,0.68168059938681,3.68e-05,5281842,186207.586206897,0,0,2.02577239877577e-05,0.01721420632104,0,1430,20,1461,1492
20,0,0,0,1990,1.17109647556528,0.39074078125,0.0588235294117647,1.13019100645489,0.557575879626148,0.0278198584155346,0.0686931765381263,0.647545695789125,3.68000000000001e-05,5281842,186207.586206897,0,0,2.02577239877577e-05,0.01721420632104,0,1430,20,1461,1492
20,0,0,0,1990,1.17620778884337,0.39074078125,0.0588235294117647,1.13001151898589,0.556083442371418,0.0271031978823543,0.0689954505188192,0.640806152110779,3.68e-05,5281842,186207.586206897,0,0,2.02577239877577e-05,0.01721420632104,0,1430,20,1461,1492
