"spark_size","total_re_emergence_prob_1_year","total_re_emergence_prob_2_year","total_re_emergence_prob_3_year","spark_year","R_naught","sigma_P","gamma","phi","sigma_M","rho","Beta_0","delta","mu_H","N_0","I_0","R_0","C_0","r","omega","epsilon","t_stop_immigration","spark","spark_time_start","spark_time_end"
20,0,0,0,1990,1.17813947192525,0.138094827586207,0.0588235294117647,1.17310235167992,0.579692633154618,0.0288072286497964,0.0691076701831154,0.657700987224353,3.68e-05,5281842,253126.713847961,0,0,2.02577239877577e-05,0.01721420632104,0,1430,20,1461,1492
20,0,0,0,1990,1.1806377351129,0.138094827586207,0.0588235294117647,1.16940830487715,0.577680731889058,0.0289879732145983,0.0692529628519715,0.65989049238812,3.67999999999999e-05,5281842,253124.523346063,0,0,2.02577239877577e-05,0.01721420632104,0,1430,20,1461,1492
20,0,0,0,1990,1.17882259619112,0.138094827586207,0.0588235294117647,1.17360130536486,0.579352652784457,0.0290168537835311,0.0691474272296717,0.65874310350687,3.67999999999999e-05,5281842,253125.62590002,0,0,2.02577239877577e-05,0.01721420632104,0,1430,20,1461,1492
20,0,0,0,1990,1.16333081070111,0.138094827586207,0.0588235294117647,1.14288011013182,0.575821867092509,0.0263137315799564,0.0682457819478465,0.629039569433195,3.68e-05,5281842,178126.488571103,0,0,2.02577239877577e-05,0.01721420632104,0,1430,20,1461,1492
20,0,0,0,1990,1.16563430082158,0.138094827586207,0.0588235294117647,1.1477511725976,0.568247997232813,0.0264056765775919,0.0683816672712954,0.628456612636885,3.68000000000001e-05,5281842,178126.375318963,0,0,2.02577239877577e-05,0.01721420632104,0,1430,20,1461,1492
20,0,0,0,1990,1.20374773340311,0.138094827586207,0.0588235294117647,1.18263822945498,0.59962351030353,0.0321942611774408,0.070600171880347,0.687319952732213,3.67999999999999e-05,5281842,328126.444417669,0,0,2.02577239877577e-05,0.01721420632104,0,1430,20,1461,1492
