"spark_size","total_re_emergence_prob_1_year","total_re_emergence_prob_2_year","total_re_emergence_prob_3_year","spark_year","R_naught","sigma_P","gamma","phi","sigma_M","rho","Beta_0","delta","mu_H","N_0","I_0","R_0","C_0","r","omega","epsilon","t_stop_immigration","spark","spark_time_start","spark_time_end"
20,0,0,0,1990,1.18458835896557,0.0346662068965517,0.0588235294117647,1.17599361825996,0.584621986010634,0.0295718205916282,0.0694837986548606,0.664646518687029,3.68e-05,5281842,271875.823073902,0,0,2.02577239877577e-05,0.01721420632104,0,1430,20,1461,1492
20,0,0,0,1990,1.18607738224421,0.0346662068965517,0.0588235294117647,1.17503050927389,0.585961269059752,0.0298323485347151,0.069569425617149,0.669035125500771,3.68000000000001e-05,5281842,271876.644081104,0,0,2.02577239877577e-05,0.01721420632104,0,1430,20,1461,1492
20,0,0,0,1990,1.18139712349041,0.0346662068965517,0.0588235294117647,1.17780203946283,0.58784674039672,0.0299338504950173,0.0692954665236924,0.6684579663531,3.68e-05,5281842,271875.47473781,0,0,2.02577239877577e-05,0.01721420632104,0,1430,20,1461,1492
20,0,0,0,1990,1.18337745964955,0.0346662068965517,0.0588235294117647,1.17077767086286,0.581424682907277,0.029928617540162,0.0694097683675527,0.671112731880244,3.68e-05,5281842,271874.988874698,0,0,2.02577239877577e-05,0.01721420632104,0,1430,20,1461,1492
20,0,0,0,1990,1.1868129702337,0.0346662068965517,0.0588235294117647,1.17458312538237,0.582218560967734,0.0297572258286194,0.0696126942200817,0.668539745677111,3.67999999999999e-05,5281842,271876.281572512,0,0,2.02577239877577e-05,0.01721420632104,0,1430,20,1461,1492
20,0,0,0,1990,1.22124076998615,0.0346662068965517,0.0588235294117647,1.189399579125,0.617952478259851,0.0354435408737937,0.0716200832878049,0.706196203972572,3.68e-05,5281842,384374.424121534,0,0,2.02577239877577e-05,0.01721420632104,0,1430,20,1461,1492
