"spark_size","total_re_emergence_prob_1_year","total_re_emergence_prob_2_year","total_re_emergence_prob_3_year","spark_year","R_naught","sigma_P","gamma","phi","sigma_M","rho","Beta_0","delta","mu_H","N_0","I_0","R_0","C_0","r","omega","epsilon","t_stop_immigration","spark","spark_time_start","spark_time_end"
20,0,0,0,1990,1.18520524430654,0.551809310344828,0.0588235294117647,1.09977060749007,0.532868022091304,0.0263948513851974,0.0695216435270175,0.636341911714268,3.68000000000001e-05,5281842,159375.36514319,0,0,2.02577239877577e-05,0.01721420632104,0,1430,20,1461,1492
20,0,0,0,1990,1.17978476530567,0.551809310344828,0.0588235294117647,1.10375052543427,0.52939535774238,0.0265108168638006,0.0692052015527043,0.633398307503059,3.68e-05,5281842,159376.590944504,0,0,2.02577239877577e-05,0.01721420632104,0,1430,20,1461,1492
20,0,0,0,1990,1.18602396984538,0.551809310344828,0.0588235294117647,1.12395087077618,0.539327519366091,0.0287943057003696,0.0695640286066724,0.658440328530095,3.68e-05,5281842,215626.446101283,0,0,2.02577239877577e-05,0.01721420632104,0,1430,20,1461,1492
20,0,0,0,1990,1.18730691352219,0.551809310344828,0.0588235294117647,1.12411576635397,0.530744031598635,0.0286983430039448,0.0696397977554476,0.657092471891411,3.68e-05,5281842,215625.09035323,0,0,2.02577239877577e-05,0.01721420632104,0,1430,20,1461,1492
20,0,0,0,1990,1.18071285447965,0.551809310344828,0.0588235294117647,1.09477063832059,0.528366547932196,0.0255789620156011,0.0692613077855145,0.626500218271593,3.68e-05,5281842,140624.334042069,0,0,2.02577239877577e-05,0.01721420632104,0,1430,20,1461,1492
20,0,0,0,1990,1.18057943729508,0.551809310344828,0.0588235294117647,1.09156161125829,0.539165453571293,0.026201753308452,0.0692508734320194,0.632587674741914,3.68e-05,5281842,140625.060778809,0,0,2.02577239877577e-05,0.01721420632104,0,1430,20,1461,1492
