"spark_size","total_re_emergence_prob_1_year","total_re_emergence_prob_2_year","total_re_emergence_prob_3_year","spark_year","R_naught","sigma_P","gamma","phi","sigma_M","rho","Beta_0","delta","mu_H","N_0","I_0","R_0","C_0","r","omega","epsilon","t_stop_immigration","spark","spark_time_start","spark_time_end"
20,0,0,0,1990,1.18147431849566,0.32825265625,0.0588235294117647,1.15052687771169,0.566044150066865,0.02804376422368,0.0693024086357957,0.652576683862864,3.68e-05,5281842,227586.827586207,0,0,2.02577239877577e-05,0.01721420632104,0,1430,20,1461,1492
20,0,0,0,1990,1.1889723366715,0.70318140625,0.0588235294117647,1.11740820440005,0.529692927339228,0.0299355293968666,0.0697340360662027,0.664285026723478,3.68e-05,5281842,227586.827586207,0,0,2.02577239877577e-05,0.01721420632104,0,1430,20,1461,1492
20,0,0,0,1990,1.19606618021302,0.70318140625,0.0588235294117647,1.11262743018307,0.514770200008468,0.0288930880647433,0.07015020094349,0.662569461681066,3.68000000000001e-05,5281842,227586.827586207,0,0,2.02577239877577e-05,0.01721420632104,0,1430,20,1461,1492
20,0,0,0,1990,1.204487541072,0.70318140625,0.0588235294117647,1.10786453132331,0.525396793696518,0.0282776021837966,0.0706465328787532,0.654820580041827,3.68e-05,5281842,227586.827586207,0,0,2.02577239877577e-05,0.01721420632104,0,1430,20,1461,1492
20,0.01,0,0,1990,1.19782112344087,0.70318140625,0.0588235294117647,1.11083671262169,0.529045063866722,0.0287079325662719,0.0702541867368044,0.659240290455934,3.68e-05,5281842,227586.827586207,0,0,2.02577239877577e-05,0.01721420632104,0,1430,20,1461,1492
20,0.01,0,0,1990,1.20396191883554,0.70318140625,0.0588235294117647,1.11237887848028,0.518387757842961,0.0287808100959431,0.0706141489986844,0.660237428297544,3.68e-05,5281842,227586.827586207,0,0,2.02577239877577e-05,0.01721420632104,0,1430,20,1461,1492
