"spark_size","total_re_emergence_prob_1_year","total_re_emergence_prob_2_year","total_re_emergence_prob_3_year","spark_year","R_naught","sigma_P","gamma","phi","sigma_M","rho","Beta_0","delta","mu_H","N_0","I_0","R_0","C_0","r","omega","epsilon","t_stop_immigration","spark","spark_time_start","spark_time_end"
20,0,0,0,1990,1.16561187230492,0.195465390625,0.0588235294117647,1.14330895741133,0.573349323759547,0.0258776405584026,0.0683819858795896,0.622580977229043,3.68000000000001e-05,5281842,165517.965517241,0,0,2.02577239877577e-05,0.01721420632104,0,1430,20,1461,1492
20,0,0,0,1990,1.16637178732796,0.195465390625,0.0588235294117647,1.14034837844617,0.574782858538855,0.0256681447969039,0.0684261176146569,0.62292644033894,3.68e-05,5281842,165517.965517241,0,0,2.02577239877577e-05,0.01721420632104,0,1430,20,1461,1492
20,0,0,0,1990,1.1660569951777,0.195465390625,0.0588235294117647,1.13533382290264,0.574860930286979,0.0256779389088483,0.0684074237633076,0.622051499056186,3.68000000000001e-05,5281842,165517.965517241,0,0,2.02577239877577e-05,0.01721420632104,0,1430,20,1461,1492
20,0.02,0.01,0,1990,1.19830678986702,0.820346640625,0.0588235294117647,1.06950746010547,0.490287678409804,0.0274085389913874,0.0702831631001365,0.646551491579352,3.68e-05,5281842,165517.965517241,0,0,2.02577239877577e-05,0.01721420632104,0,1430,20,1461,1492
20,0.01,0,0,1990,1.19984393572606,0.820346640625,0.0588235294117647,1.07331330981185,0.482710502986541,0.0271149764531512,0.0703732922281342,0.647609631182524,3.68000000000001e-05,5281842,165517.965517241,0,0,2.02577239877577e-05,0.01721420632104,0,1430,20,1461,1492
20,0.02,0,0,1990,1.20487087192022,0.820346640625,0.0588235294117647,1.06650263356664,0.485737464677762,0.0271107601163909,0.0706669653373715,0.648867065695426,3.68e-05,5281842,165517.965517241,0,0,2.02577239877577e-05,0.01721420632104,0,1430,20,1461,1492
