"spark_size","total_re_emergence_prob_1_year","total_re_emergence_prob_2_year","total_re_emergence_prob_3_year","spark_year","R_naught","sigma_P","gamma","phi","sigma_M","rho","Beta_0","delta","mu_H","N_0","I_0","R_0","C_0","r","omega","epsilon","t_stop_immigration","spark","spark_time_start","spark_time_end"
20,0,0,0,1990,1.18680925979487,0.344952068965517,0.0588235294117647,1.15668172149107,0.562043530874815,0.0294499805419977,0.06961093935564,0.666607141941909,3.68000000000001e-05,5281842,253126.118521078,0,0,2.02577239877577e-05,0.01721420632104,0,1430,20,1461,1492
20,0,0,0,1990,1.18361837678915,0.344952068965517,0.0588235294117647,1.16649623057843,0.571389287380862,0.0293048494198249,0.069426639885778,0.66208563847958,3.68e-05,5281842,253125.104272013,0,0,2.02577239877577e-05,0.01721420632104,0,1430,20,1461,1492
20,0,0,0,1990,1.186627221734,0.344952068965517,0.0588235294117647,1.1599272256973,0.570723058795723,0.0294062204447904,0.0696022800946314,0.662182466243178,3.68e-05,5281842,253124.175773433,0,0,2.02577239877577e-05,0.01721420632104,0,1430,20,1461,1492
20,0,0,0,1990,1.17055632365691,0.344952068965517,0.0588235294117647,1.1359250887298,0.565374970836408,0.0267779885480638,0.0686672935139589,0.633418080820705,3.68000000000001e-05,5281842,178124.329055501,0,0,2.02577239877577e-05,0.01721420632104,0,1430,20,1461,1492
20,0,0,0,1990,1.17484265406979,0.344952068965517,0.0588235294117647,1.13266077739325,0.559990142178945,0.0264798467932077,0.068917950843329,0.634582442352534,3.68000000000001e-05,5281842,178126.858731935,0,0,2.02577239877577e-05,0.01721420632104,0,1430,20,1461,1492
20,0,0,0,1990,1.17145142425802,0.344952068965517,0.0588235294117647,1.13563773968117,0.55945938653935,0.0264635893672975,0.068719226686847,0.634905601831909,3.68000000000001e-05,5281842,178125.350584497,0,0,2.02577239877577e-05,0.01721420632104,0,1430,20,1461,1492
