"spark_size","total_re_emergence_prob_1_year","total_re_emergence_prob_2_year","total_re_emergence_prob_3_year","spark_year","R_naught","sigma_P","gamma","phi","sigma_M","rho","Beta_0","delta","mu_H","N_0","I_0","R_0","C_0","r","omega","epsilon","t_stop_immigration","spark","spark_time_start","spark_time_end"
20,0.02,0,0,1990,1.17168282574673,0.689714137931035,0.0588235294117647,1.10897860141766,0.521844447940438,0.0310184063126511,0.0687172373546283,0.669225534431831,3.68000000000001e-05,5281842,196875.706849679,0,0,2.02577239877577e-05,0.01721420632104,0,1430,20,1461,1492
20,0,0,0,1990,1.19668165388907,0.689714137931035,0.0588235294117647,1.05618649068072,0.499293862292511,0.0257974011488048,0.0701909456757632,0.63516741073562,3.68e-05,5281842,121874.881261817,0,0,2.02577239877577e-05,0.01721420632104,0,1430,20,1461,1492
20,0.01,0,0,1990,1.19420802061486,0.689714137931035,0.0588235294117647,1.11737566733665,0.525794571638995,0.029133909480474,0.0700425685657858,0.660398165519641,3.68e-05,5281842,234375.588532837,0,0,2.02577239877577e-05,0.01721420632104,0,1430,20,1461,1492
20,0.01,0,0,1990,1.18863279990485,0.689714137931035,0.0588235294117647,1.11688712503641,0.529138780946119,0.0298764931665453,0.0697150957414416,0.661523359437444,3.68e-05,5281842,234376.205756094,0,0,2.02577239877577e-05,0.01721420632104,0,1430,20,1461,1492
20,0.01,0,0,1990,1.18222096663691,0.689714137931035,0.0588235294117647,1.08838403306468,0.508561188547783,0.0268788994606702,0.0693440305993994,0.640056498593143,3.68000000000001e-05,5281842,159376.538767142,0,0,2.02577239877577e-05,0.01721420632104,0,1430,20,1461,1492
20,0.01,0,0,1990,1.18598450032193,0.689714137931035,0.0588235294117647,1.08390909044462,0.513750720973326,0.0272380622496557,0.0695626346499884,0.644538373162672,3.68e-05,5281842,159376.966492429,0,0,2.02577239877577e-05,0.01721420632104,0,1430,20,1461,1492
