"spark_size","total_re_emergence_prob_1_year","total_re_emergence_prob_2_year","total_re_emergence_prob_3_year","spark_year","R_naught","sigma_P","gamma","phi","sigma_M","rho","Beta_0","delta","mu_H","N_0","I_0","R_0","C_0","r","omega","epsilon","t_stop_immigration","spark","spark_time_start","spark_time_end"
20,0,0,0,1990,1.16596745098602,0.070489140625,0.0588235294117647,1.16340394002363,0.724165517241379,0.0279048023952453,0.0683966626030392,0.646091926141679,3.68e-05,5281842,220313.141412845,0,0,2.02577239877577e-05,0.01721420632104,0,1430,20,1461,1492
20,0,0,0,1990,1.16603546627894,0.070489140625,0.0588235294117647,1.16487703876846,0.724165517241379,0.0279582082152881,0.0684000975701355,0.648127784654176,3.68e-05,5281842,220313.667132042,0,0,2.02577239877577e-05,0.01721420632104,0,1430,20,1461,1492
20,0,0,0,1990,1.16723266061334,0.070489140625,0.0588235294117647,1.16438142227587,0.724165517241379,0.0277715308754376,0.0684710773862744,0.645868129387165,3.68e-05,5281842,220312.703777486,0,0,2.02577239877577e-05,0.01721420632104,0,1430,20,1461,1492
20,0,0,0,1990,1.16600103852636,0.070489140625,0.0588235294117647,1.16506308558838,0.724165517241379,0.0280328368441572,0.0683990252130074,0.645547208953416,3.68e-05,5281842,220312.911990513,0,0,2.02577239877577e-05,0.01721420632104,0,1430,20,1461,1492
20,0,0,0,1990,1.16528096697288,0.070489140625,0.0588235294117647,1.16450999978566,0.758644827586207,0.0278637847999933,0.0683574079115708,0.643625414178206,3.68e-05,5281842,220313.78928168,0,0,2.02577239877577e-05,0.01721420632104,0,1430,20,1461,1492
20,0,0,0,1990,1.1661643456469,0.070489140625,0.0588235294117647,1.16357972620043,0.758644827586207,0.0278646494195469,0.0684087874873104,0.644547704958167,3.68e-05,5281842,220312.847517388,0,0,2.02577239877577e-05,0.01721420632104,0,1430,20,1461,1492
