"spark_size","total_re_emergence_prob_1_year","total_re_emergence_prob_2_year","total_re_emergence_prob_3_year","spark_year","R_naught","sigma_P","gamma","phi","sigma_M","rho","Beta_0","delta","mu_H","N_0","I_0","R_0","C_0","r","omega","epsilon","t_stop_immigration","spark","spark_time_start","spark_time_end"
20,0,0,0,1990,1.18325316760086,0.29700859375,0.0588235294117647,1.15851048738898,0.567988535690241,0.0290836637438727,0.0694053517293039,0.659025603407608,3.67999999999999e-05,5281842,248276.448275862,0,0,2.02577239877577e-05,0.01721420632104,0,1430,20,1461,1492
20,0,0,0,1990,1.17275914627423,0.04705609375,0.0588235294117647,1.14967775177885,0.617820201012042,0.0390473545654974,0.0687591054031469,0.740682884633897,3.68e-05,5281842,248276.448275862,0,0,2.02577239877577e-05,0.01721420632104,0,1430,20,1461,1492
20,0,0,0,1990,1.19186198651304,0.54696109375,0.0588235294117647,1.13062222796906,0.544547607627925,0.0292688555419967,0.0699053206749576,0.663516654678661,3.68e-05,5281842,248276.448275862,0,0,2.02577239877577e-05,0.01721420632104,0,1430,20,1461,1492
20,0,0,0,1990,1.19489120076452,0.54696109375,0.0588235294117647,1.132591029632,0.546229394291186,0.0291991896686048,0.0700836128949394,0.662466434257122,3.68e-05,5281842,248276.448275862,0,0,2.02577239877577e-05,0.01721420632104,0,1430,20,1461,1492
20,0,0,0,1990,1.1958410517739,0.54696109375,0.0588235294117647,1.13765208583669,0.549038451696355,0.0293392434558561,0.0701395573941444,0.663440021458207,3.68e-05,5281842,248276.448275862,0,0,2.02577239877577e-05,0.01721420632104,0,1430,20,1461,1492
20,0,0,0,1990,1.1904264436015,0.54696109375,0.0588235294117647,1.13957246610256,0.549709201146803,0.0291683609317521,0.0698230631463124,0.661115737309689,3.68e-05,5281842,248276.448275862,0,0,2.02577239877577e-05,0.01721420632104,0,1430,20,1461,1492
