"spark_size","total_re_emergence_prob_1_year","total_re_emergence_prob_2_year","total_re_emergence_prob_3_year","spark_year","R_naught","sigma_P","gamma","phi","sigma_M","rho","Beta_0","delta","mu_H","N_0","I_0","R_0","C_0","r","omega","epsilon","t_stop_immigration","spark","spark_time_start","spark_time_end"
20,0,0,0,1990,1.2033738837342,0.070489140625,0.0588235294117647,1.18261724613434,0.600754614371299,0.0325362903309866,0.0705772511660582,0.69002595531265,3.68e-05,5281842,331034.931034483,0,0,2.02577239877577e-05,0.01721420632104,0,1430,20,1461,1492
20,0,0,0,1990,1.20142526463791,0.070489140625,0.0588235294117647,1.18617665204468,0.603120159942632,0.032441948703656,0.0704635267405469,0.689812939759288,3.68e-05,5281842,331034.931034483,0,0,2.02577239877577e-05,0.01721420632104,0,1430,20,1461,1492
20,0,0,0,1990,1.20482503534418,0.070489140625,0.0588235294117647,1.17905345866535,0.599867535609157,0.0324894903563509,0.0706617131889492,0.69047550317125,3.67999999999999e-05,5281842,331034.931034483,0,0,2.02577239877577e-05,0.01721420632104,0,1430,20,1461,1492
20,0,0,0,1990,1.20156777013294,0.070489140625,0.0588235294117647,1.1841197002783,0.596864409363867,0.032719636447481,0.0704713510662349,0.690507732209556,3.68e-05,5281842,331034.931034483,0,0,2.02577239877577e-05,0.01721420632104,0,1430,20,1461,1492
20,0,0,0,1990,1.20979350331574,0.10954421875,0.0588235294117647,1.18477424364698,0.607680817709327,0.0337023724953142,0.0709509815042741,0.698374531381003,3.68000000000001e-05,5281842,351724.551724138,0,0,2.02577239877577e-05,0.01721420632104,0,1430,20,1461,1492
20,0,0,0,1990,1.20893814237677,0.10954421875,0.0588235294117647,1.19046074039511,0.604023405248345,0.0336042213601243,0.0709023824849556,0.696261354491269,3.68e-05,5281842,351724.551724138,0,0,2.02577239877577e-05,0.01721420632104,0,1430,20,1461,1492
