"spark_size","total_re_emergence_prob_1_year","total_re_emergence_prob_2_year","total_re_emergence_prob_3_year","spark_year","R_naught","sigma_P","gamma","phi","sigma_M","rho","Beta_0","delta","mu_H","N_0","I_0","R_0","C_0","r","omega","epsilon","t_stop_immigration","spark","spark_time_start","spark_time_end"
20,0,0,0,1990,1.18457417130981,0.00019,0.0588235294117647,1.17561273302769,0.581652051898895,0.0297129044231606,0.0694819285046615,0.667379502717018,3.68e-05,5281842,271875.467388059,0,0,2.02577239877577e-05,0.01721420632104,0,1430,20,1461,1492
20,0,0,0,1990,1.18544813807049,0.00019,0.0588235294117647,1.17654086968073,0.584002467198113,0.0296132490189695,0.0695335646038596,0.666676513527767,3.68e-05,5281842,271875.583215218,0,0,2.02577239877577e-05,0.01721420632104,0,1430,20,1461,1492
20,0,0,0,1990,1.22312465633811,0.00019,0.0588235294117647,1.18613278625695,0.616616519310386,0.0352259030024232,0.0717298053855109,0.706987511362584,3.68000000000001e-05,5281842,384375.288992285,0,0,2.02577239877577e-05,0.01721420632104,0,1430,20,1461,1492
20,0,0,0,1990,1.22096730037488,0.00019,0.0588235294117647,1.19075285173384,0.619347529286693,0.0354788766698965,0.0716032347347991,0.708909060075776,3.68e-05,5281842,384375.034063911,0,0,2.02577239877577e-05,0.01721420632104,0,1430,20,1461,1492
20,0,0,0,1990,1.22198579726231,0.00019,0.0588235294117647,1.18958379159549,0.617952385393988,0.0353492144755206,0.0716640582471577,0.705504646626149,3.68e-05,5281842,384375.087458281,0,0,2.02577239877577e-05,0.01721420632104,0,1430,20,1461,1492
20,0,0,0,1990,1.22451200748101,0.00019,0.0588235294117647,1.18620958507334,0.616062204180041,0.0351115439997836,0.0718114928060629,0.70613904417406,3.67999999999999e-05,5281842,384375.921414985,0,0,2.02577239877577e-05,0.01721420632104,0,1430,20,1461,1492
