"spark_size","total_re_emergence_prob_1_year","total_re_emergence_prob_2_year","total_re_emergence_prob_3_year","spark_year","R_naught","sigma_P","gamma","phi","sigma_M","rho","Beta_0","delta","mu_H","N_0","I_0","R_0","C_0","r","omega","epsilon","t_stop_immigration","spark","spark_time_start","spark_time_end"
20,0,0,0,1990,1.1756036565342,0.07830015625,0.0588235294117647,1.16391038550592,0.579854058379103,0.0310959854348569,0.0689462420882518,0.689655172413793,3.68e-05,5281842,253124.204201111,0,0,2.02577239877577e-05,0.01721420632104,0,1430,20,1461,1492
20,0,0,0,1990,1.17373559224689,0.07830015625,0.0588235294117647,1.16905867522746,0.58729294240533,0.0317149140326908,0.0688373444435452,0.689655172413793,3.68e-05,5281842,253124.524919961,0,0,2.02577239877577e-05,0.01721420632104,0,1430,20,1461,1492
20,0,0,0,1990,1.17800976880432,0.07830015625,0.0588235294117647,1.16211555796263,0.591726585208066,0.0311498363520814,0.0690871253452379,0.689655172413793,3.68000000000001e-05,5281842,253125.373870228,0,0,2.02577239877577e-05,0.01721420632104,0,1430,20,1461,1492
20,0.02,0.02,0,1990,1.19376481785935,0.70318140625,0.0588235294117647,1.08251608236388,0.512674271131445,0.0293729118161615,0.0700016455204329,0.689655172413793,3.68e-05,5281842,178125.261087508,0,0,2.02577239877577e-05,0.01721420632104,0,1430,20,1461,1492
20,0.01,0,0,1990,1.20378403886534,0.70318140625,0.0588235294117647,1.07726988984005,0.514353618123696,0.0288502602326414,0.07058859552307,0.689655172413793,3.68e-05,5281842,178125.720313702,0,0,2.02577239877577e-05,0.01721420632104,0,1430,20,1461,1492
20,0.02,0,0,1990,1.20295601531441,0.70318140625,0.0588235294117647,1.08059615528035,0.513768967478289,0.0295182531766428,0.070540402082697,0.689655172413793,3.68e-05,5281842,178125.97416731,0,0,2.02577239877577e-05,0.01721420632104,0,1430,20,1461,1492
