"spark_size","total_re_emergence_prob_1_year","total_re_emergence_prob_2_year","total_re_emergence_prob_3_year","spark_year","R_naught","sigma_P","gamma","phi","sigma_M","rho","Beta_0","delta","mu_H","N_0","I_0","R_0","C_0","r","omega","epsilon","t_stop_immigration","spark","spark_time_start","spark_time_end"
20,0.01,0,0,1990,1.18960444494576,0.70318140625,0.0588235294117647,1.08852009595805,0.501538962218434,0.0279569899263319,0.0697714003795564,0.655172413793103,3.68e-05,5281842,178126.023668153,0,0,2.02577239877577e-05,0.01721420632104,0,1430,20,1461,1492
20,0,0,0,1990,1.18930800736776,0.70318140625,0.0588235294117647,1.08538597456632,0.502385838389218,0.0276751692334801,0.0697536882185921,0.655172413793103,3.68e-05,5281842,178126.743717893,0,0,2.02577239877577e-05,0.01721420632104,0,1430,20,1461,1492
20,0.01,0,0,1990,1.18927150073664,0.70318140625,0.0588235294117647,1.08996214750195,0.507678568719749,0.0275259365955917,0.0697520236248748,0.655172413793103,3.68e-05,5281842,178125.00884903,0,0,2.02577239877577e-05,0.01721420632104,0,1430,20,1461,1492
20,0,0,0,1990,1.18256287467202,0.70318140625,0.0588235294117647,1.08989243321711,0.504027687779449,0.0281999340007377,0.069358548396771,0.655172413793103,3.68e-05,5281842,178125.758528003,0,0,2.02577239877577e-05,0.01721420632104,0,1430,20,1461,1492
20,0,0,0,1990,1.17062147570566,0.070489140625,0.0588235294117647,1.16119017009332,0.576336611130304,0.0282501239107065,0.0686661346926127,0.655172413793103,3.68e-05,5281842,220313.37822696,0,0,2.02577239877577e-05,0.01721420632104,0,1430,20,1461,1492
20,0,0,0,1990,1.17018732786858,0.070489140625,0.0588235294117647,1.15971214470149,0.576591020332125,0.0281020361973236,0.0686404911780575,0.655172413793103,3.68e-05,5281842,220312.760990195,0,0,2.02577239877577e-05,0.01721420632104,0,1430,20,1461,1492
