"spark_size","total_re_emergence_prob_1_year","total_re_emergence_prob_2_year","total_re_emergence_prob_3_year","spark_year","R_naught","sigma_P","gamma","phi","sigma_M","rho","Beta_0","delta","mu_H","N_0","I_0","R_0","C_0","r","omega","epsilon","t_stop_immigration","spark","spark_time_start","spark_time_end"
20,0,0,0,1990,1.1650909479346,0.310475862068966,0.0588235294117647,1.11388805910998,0.579230475063446,0.0254036284190352,0.0683513712988057,0.614204728212092,3.68000000000001e-05,5281842,140624.237731325,0,0,2.02577239877577e-05,0.01721420632104,0,1430,20,1461,1492
20,0,0,0,1990,1.16767338363916,0.310475862068966,0.0588235294117647,1.1186898377085,0.564483806351543,0.0255439495201543,0.0685021982150396,0.617381054941009,3.68e-05,5281842,140624.917093088,0,0,2.02577239877577e-05,0.01721420632104,0,1430,20,1461,1492
20,0,0,0,1990,1.1819573884472,0.310475862068966,0.0588235294117647,1.15793886982001,0.574519056739794,0.0294117067339429,0.0693286788476888,0.660665139544069,3.68e-05,5281842,253125.275069231,0,0,2.02577239877577e-05,0.01721420632104,0,1430,20,1461,1492
20,0,0,0,1990,1.18294300190751,0.310475862068966,0.0588235294117647,1.16468736326008,0.572128333933389,0.029095751722673,0.0693870944645707,0.661278593177724,3.68e-05,5281842,253125.290258114,0,0,2.02577239877577e-05,0.01721420632104,0,1430,20,1461,1492
20,0,0,0,1990,1.18415684528934,0.310475862068966,0.0588235294117647,1.16147800612609,0.571662763299206,0.0293580359217314,0.0694578555200611,0.661397155777488,3.67999999999999e-05,5281842,253126.060439708,0,0,2.02577239877577e-05,0.01721420632104,0,1430,20,1461,1492
20,0,0,0,1990,1.18730333749491,0.310475862068966,0.0588235294117647,1.15772341999998,0.572999910938352,0.0292058404793263,0.0696408279058202,0.664475406123336,3.68e-05,5281842,253124.62081415,0,0,2.02577239877577e-05,0.01721420632104,0,1430,20,1461,1492
