"spark_size","total_re_emergence_prob_1_year","total_re_emergence_prob_2_year","total_re_emergence_prob_3_year","spark_year","R_naught","sigma_P","gamma","phi","sigma_M","rho","Beta_0","delta","mu_H","N_0","I_0","R_0","C_0","r","omega","epsilon","t_stop_immigration","spark","spark_time_start","spark_time_end"
20,0,0,0,1990,1.19391724772261,0.73442546875,0.0588235294117647,1.05554291024447,0.482810344827586,0.0261270047924139,0.0700270711656136,0.639498532429438,3.68e-05,5281842,121874.340473099,0,0,2.02577239877577e-05,0.01721420632104,0,1430,20,1461,1492
20,0,0,0,1990,1.16917505573846,0.17203234375,0.0588235294117647,1.13304434504798,0.482810344827586,0.0255445745126894,0.0685913406509292,0.618653145309373,3.68e-05,5281842,159376.003670738,0,0,2.02577239877577e-05,0.01721420632104,0,1430,20,1461,1492
20,0,0,0,1990,1.16754826315692,0.17203234375,0.0588235294117647,1.13475880634729,0.482810344827586,0.0256567100941728,0.0684946444109159,0.622609645999611,3.68e-05,5281842,159375.714968698,0,0,2.02577239877577e-05,0.01721420632104,0,1430,20,1461,1492
20,0,0,0,1990,1.16258016480309,0.17203234375,0.0588235294117647,1.13551062960419,0.482810344827586,0.0258613271657042,0.0682049585052451,0.617954672720459,3.68e-05,5281842,159374.553197316,0,0,2.02577239877577e-05,0.01721420632104,0,1430,20,1461,1492
20,0,0,0,1990,1.16526610788097,0.17203234375,0.0588235294117647,1.14596415270531,0.482810344827586,0.0257559102461563,0.0683632042799207,0.619233400098091,3.68e-05,5281842,159376.003530898,0,0,2.02577239877577e-05,0.01721420632104,0,1430,20,1461,1492
20,0,0,0,1990,1.1732939508326,0.17203234375,0.0588235294117647,1.13760783884736,0.482810344827586,0.0251360566767331,0.0688340283322037,0.617138237077981,3.68e-05,5281842,159375.1174222,0,0,2.02577239877577e-05,0.01721420632104,0,1430,20,1461,1492
