"spark_size","total_re_emergence_prob_1_year","total_re_emergence_prob_2_year","total_re_emergence_prob_3_year","spark_year","R_naught","sigma_P","gamma","phi","sigma_M","rho","Beta_0","delta","mu_H","N_0","I_0","R_0","C_0","r","omega","epsilon","t_stop_immigration","spark","spark_time_start","spark_time_end"
20,0,0,0,1990,1.20068395981313,0.689714137931035,0.0588235294117647,1.11378901086432,0.531725494505831,0.0283283687137231,0.0704236885884814,0.655905823365956,3.68000000000001e-05,5281842,220312.645965834,0,0,2.02577239877577e-05,0.01721420632104,0,1430,20,1461,1492
20,0.02,0,0,1990,1.19666024508245,0.689714137931035,0.0588235294117647,1.11127112669143,0.523244178101676,0.0283092923972492,0.0701880671556763,0.654154011984599,3.68e-05,5281842,220313.005694189,0,0,2.02577239877577e-05,0.01721420632104,0,1430,20,1461,1492
20,0,0,0,1990,1.19985827397781,0.689714137931035,0.0588235294117647,1.10694271583135,0.517979989826842,0.028788665341458,0.0703729523360837,0.659990083779792,3.68e-05,5281842,220312.815150004,0,0,2.02577239877577e-05,0.01721420632104,0,1430,20,1461,1492
20,0,0,0,1990,1.19496511834445,0.689714137931035,0.0588235294117647,1.10899082018524,0.517883694714165,0.0289725787892371,0.0700869681225524,0.657927018853429,3.68e-05,5281842,220312.602230047,0,0,2.02577239877577e-05,0.01721420632104,0,1430,20,1461,1492
20,0,0,0,1990,1.19695129966905,0.689714137931035,0.0588235294117647,1.11124196191419,0.521806147097719,0.0286438677209682,0.0702043156177959,0.656325250968659,3.67999999999999e-05,5281842,220313.703295928,0,0,2.02577239877577e-05,0.01721420632104,0,1430,20,1461,1492
20,0.01,0,0,1990,1.19072650438415,0.724190344827586,0.0588235294117647,1.05177567691838,0.506666919383898,0.0259195010857545,0.0698412941739143,0.635023056412416,3.68e-05,5281842,121876.971006224,0,0,2.02577239877577e-05,0.01721420632104,0,1430,20,1461,1492
