"spark_size","total_re_emergence_prob_1_year","total_re_emergence_prob_2_year","total_re_emergence_prob_3_year","spark_year","R_naught","sigma_P","gamma","phi","sigma_M","rho","Beta_0","delta","mu_H","N_0","I_0","R_0","C_0","r","omega","epsilon","t_stop_immigration","spark","spark_time_start","spark_time_end"
20,0.01,0,0,1990,1.20916931325628,0.862095172413793,0.0588235294117647,1.0852740760753,0.493046156098608,0.0282479294921776,0.0709191794393228,0.653552965676615,3.68e-05,5281842,220313.756339484,0,0,2.02577239877577e-05,0.01721420632104,0,1430,20,1461,1492
20,0.03,0.01,0.01,1990,1.21967592530064,0.896571379310345,0.0588235294117647,1.0279798257512,0.455268575239071,0.0257310575816846,0.0715333343293672,0.644553488118895,3.68e-05,5281842,121875.681074132,0,0,2.02577239877577e-05,0.01721420632104,0,1430,20,1461,1492
20,0.01,0,0,1990,1.21852937296476,0.896571379310345,0.0588235294117647,1.08318603275355,0.481601394306746,0.0286191695923135,0.0714634311940456,0.66513932812665,3.67999999999999e-05,5281842,234377.283169904,0,0,2.02577239877577e-05,0.01721420632104,0,1430,20,1461,1492
20,0.03,0.01,0,1990,1.21764732613331,0.896571379310345,0.0588235294117647,1.08115742030029,0.485536099722442,0.0283668641103886,0.0714126814855207,0.66206276482564,3.68e-05,5281842,234376.128974716,0,0,2.02577239877577e-05,0.01721420632104,0,1430,20,1461,1492
20,0.05,0.01,0,1990,1.20996469250493,0.896571379310345,0.0588235294117647,1.04413258278932,0.465322697053349,0.0270398493350433,0.0709625401696937,0.65146383594286,3.68e-05,5281842,159375.387134013,0,0,2.02577239877577e-05,0.01721420632104,0,1430,20,1461,1492
20,0.03,0,0,1990,1.20456915196953,0.896571379310345,0.0588235294117647,1.04940471618966,0.457354375310929,0.0274273197847668,0.0706468681881026,0.65077209642972,3.68e-05,5281842,159376.008329569,0,0,2.02577239877577e-05,0.01721420632104,0,1430,20,1461,1492
