"spark_size","total_re_emergence_prob_1_year","total_re_emergence_prob_2_year","total_re_emergence_prob_3_year","spark_year","R_naught","sigma_P","gamma","phi","sigma_M","rho","Beta_0","delta","mu_H","N_0","I_0","R_0","C_0","r","omega","epsilon","t_stop_immigration","spark","spark_time_start","spark_time_end"
20,0.01,0,0,1990,1.19407231317281,0.586285517241379,0.0588235294117647,1.13070258773303,0.544372801064337,0.0295463408533948,0.0700342531361315,0.665438899559802,3.68e-05,5281842,253125.86136238,0,0,2.02577239877577e-05,0.01721420632104,0,1430,20,1461,1492
20,0.01,0,0,1990,1.19471287646028,0.586285517241379,0.0588235294117647,1.13392790928211,0.551257890106667,0.0297074526903795,0.0700717551148893,0.666637524819848,3.68e-05,5281842,253124.68078849,0,0,2.02577239877577e-05,0.01721420632104,0,1430,20,1461,1492
20,0,0,0,1990,1.19821409743417,0.586285517241379,0.0588235294117647,1.12978074975871,0.538828049378128,0.0293965158773149,0.070277991683761,0.662971758726832,3.68000000000001e-05,5281842,253125.916249949,0,0,2.02577239877577e-05,0.01721420632104,0,1430,20,1461,1492
20,0,0,0,1990,1.19543089670814,0.586285517241379,0.0588235294117647,1.13153777479423,0.540200656757847,0.029486047673622,0.0701139013628387,0.665794403014812,3.68e-05,5281842,253127.517653683,0,0,2.02577239877577e-05,0.01721420632104,0,1430,20,1461,1492
20,0.01,0,0,1990,1.20085464038805,0.586285517241379,0.0588235294117647,1.12467880970522,0.539369089528886,0.0290901736170313,0.0704320738244074,0.663498068262123,3.68e-05,5281842,253124.861953624,0,0,2.02577239877577e-05,0.01721420632104,0,1430,20,1461,1492
20,0,0,0,1990,1.17033150625596,0.586285517241379,0.0588235294117647,1.10989852072448,0.547430794586939,0.030422279915804,0.0686390179064339,0.666701822613958,3.68e-05,5281842,178124.558564676,0,0,2.02577239877577e-05,0.01721420632104,0,1430,20,1461,1492
