"spark_size","total_re_emergence_prob_1_year","total_re_emergence_prob_2_year","total_re_emergence_prob_3_year","spark_year","R_naught","sigma_P","gamma","phi","sigma_M","rho","Beta_0","delta","mu_H","N_0","I_0","R_0","C_0","r","omega","epsilon","t_stop_immigration","spark","spark_time_start","spark_time_end"
20,0,0,0,1990,1.15831803763913,0.070489140625,0.0588235294117647,1.13635341776571,0.594265274912854,0.0254807136768653,0.0679583815086055,0.608602110608635,3.68e-05,5281842,144828.344827586,0,0,2.02577239877577e-05,0.01721420632104,0,1430,20,1461,1492
20,0,0,0,1990,1.15791843015662,0.070489140625,0.0588235294117647,1.13467443556675,0.59580592069226,0.0254405758412736,0.06793541167959,0.606800579853326,3.68000000000001e-05,5281842,144828.344827586,0,0,2.02577239877577e-05,0.01721420632104,0,1430,20,1461,1492
20,0,0,0,1990,1.16048168528348,0.070489140625,0.0588235294117647,1.13472868658992,0.587799544714473,0.0257894628611256,0.0680839207094575,0.612000262132199,3.68e-05,5281842,144828.344827586,0,0,2.02577239877577e-05,0.01721420632104,0,1430,20,1461,1492
20,0,0,0,1990,1.15829196075108,0.070489140625,0.0588235294117647,1.13529528619984,0.592066965932571,0.0254015589085456,0.0679569387263474,0.608053709522727,3.68e-05,5281842,144828.344827586,0,0,2.02577239877577e-05,0.01721420632104,0,1430,20,1461,1492
20,0,0,0,1990,1.17121741332234,0.60944921875,0.0588235294117647,1.0999081912825,0.532409787227163,0.0301794019260882,0.0686911786092844,0.663231414900395,3.68e-05,5281842,165517.965517241,0,0,2.02577239877577e-05,0.01721420632104,0,1430,20,1461,1492
20,0.01,0,0,1990,1.1846550961757,0.60944921875,0.0588235294117647,1.10422605209118,0.526437595219235,0.026937721695292,0.0694885680555481,0.63972796016326,3.68e-05,5281842,165517.965517241,0,0,2.02577239877577e-05,0.01721420632104,0,1430,20,1461,1492
