"spark_size","total_re_emergence_prob_1_year","total_re_emergence_prob_2_year","total_re_emergence_prob_3_year","spark_year","R_naught","sigma_P","gamma","phi","sigma_M","rho","Beta_0","delta","mu_H","N_0","I_0","R_0","C_0","r","omega","epsilon","t_stop_immigration","spark","spark_time_start","spark_time_end"
20,0,0,0,1990,1.19469115757932,0.54696109375,0.0588235294117647,1.14285437899203,0.557626675738712,0.0301715604352453,0.0700702756740773,0.670056737668915,3.68e-05,5281842,268966.068965517,0,0,2.02577239877577e-05,0.01721420632104,0,1430,20,1461,1492
20,0,0,0,1990,1.19880437214913,0.54696109375,0.0588235294117647,1.14270366899816,0.558075909524342,0.0298955405650943,0.0703119678106755,0.668809285840281,3.68e-05,5281842,268966.068965517,0,0,2.02577239877577e-05,0.01721420632104,0,1430,20,1461,1492
20,0,0,0,1990,1.18307052054466,0.17203234375,0.0588235294117647,1.17569544089252,0.57667761077781,0.0298911002129532,0.0693937344677489,0.667398853617594,3.68e-05,5281842,268966.068965517,0,0,2.02577239877577e-05,0.01721420632104,0,1430,20,1461,1492
20,0,0,0,1990,1.18528011811619,0.17203234375,0.0588235294117647,1.17501477510943,0.580670741881846,0.0294138468675932,0.0695239027264708,0.665606308047979,3.68e-05,5281842,268966.068965517,0,0,2.02577239877577e-05,0.01721420632104,0,1430,20,1461,1492
20,0,0,0,1990,1.18135143023168,0.17203234375,0.0588235294117647,1.17575097846495,0.581111179255412,0.030088764350015,0.0692922902930372,0.66910741030583,3.68e-05,5281842,268966.068965517,0,0,2.02577239877577e-05,0.01721420632104,0,1430,20,1461,1492
20,0,0,0,1990,1.18162308187811,0.17203234375,0.0588235294117647,1.17246080037603,0.584145873714887,0.0301163993018884,0.0693086424526231,0.666795616140749,3.68e-05,5281842,268966.068965517,0,0,2.02577239877577e-05,0.01721420632104,0,1430,20,1461,1492
