"spark_size","total_re_emergence_prob_1_year","total_re_emergence_prob_2_year","total_re_emergence_prob_3_year","spark_year","R_naught","sigma_P","gamma","phi","sigma_M","rho","Beta_0","delta","mu_H","N_0","I_0","R_0","C_0","r","omega","epsilon","t_stop_immigration","spark","spark_time_start","spark_time_end"
20,0,0,0,1990,1.16871241519639,0.29700859375,0.0588235294117647,1.14092380878263,0.566094273911702,0.0270896354279823,0.0685578870988575,0.638348301119627,3.68e-05,5281842,186207.586206897,0,0,2.02577239877577e-05,0.01721420632104,0,1430,20,1461,1492
20,0,0,0,1990,1.16757203593288,0.29700859375,0.0588235294117647,1.14156853698193,0.565041081486315,0.0270965669640812,0.0684907744890158,0.639144443771227,3.68000000000001e-05,5281842,186207.586206897,0,0,2.02577239877577e-05,0.01721420632104,0,1430,20,1461,1492
20,0,0,0,1990,1.17169393180997,0.29700859375,0.0588235294117647,1.13902191331929,0.564800844583042,0.0265968720102645,0.0687334646103764,0.635903027846096,3.68e-05,5281842,186207.586206897,0,0,2.02577239877577e-05,0.01721420632104,0,1430,20,1461,1492
20,0,0,0,1990,1.16865896042934,0.29700859375,0.0588235294117647,1.14423324220504,0.564106654800812,0.0269841114190485,0.0685555803877424,0.637091559814659,3.68e-05,5281842,186207.586206897,0,0,2.02577239877577e-05,0.01721420632104,0,1430,20,1461,1492
20,0,0,0,1990,1.1832819895425,0.54696109375,0.0588235294117647,1.1123444742693,0.534422638071746,0.0274662219857139,0.0694059355725505,0.647640097916259,3.68e-05,5281842,186207.586206897,0,0,2.02577239877577e-05,0.01721420632104,0,1430,20,1461,1492
20,0,0,0,1990,1.18274044669285,0.54696109375,0.0588235294117647,1.11162834411516,0.540097427208736,0.0275743759959449,0.0693745007725158,0.646548373484778,3.68e-05,5281842,186207.586206897,0,0,2.02577239877577e-05,0.01721420632104,0,1430,20,1461,1492
