"spark_size","total_re_emergence_prob_1_year","total_re_emergence_prob_2_year","total_re_emergence_prob_3_year","spark_year","R_naught","sigma_P","gamma","phi","sigma_M","rho","Beta_0","delta","mu_H","N_0","I_0","R_0","C_0","r","omega","epsilon","t_stop_immigration","spark","spark_time_start","spark_time_end"
20,0,0,0,1990,1.19812414170164,0.320441640625,0.0588235294117647,1.17276394693809,0.583693538280942,0.0319250885776674,0.0702715355522639,0.680491124406955,3.68e-05,5281842,310345.310344828,0,0,2.02577239877577e-05,0.01721420632104,0,1430,20,1461,1492
20,0,0,0,1990,1.19985236590355,0.320441640625,0.0588235294117647,1.17480004933702,0.589398991039336,0.0311527130916579,0.0703731908103731,0.680420938398214,3.68000000000001e-05,5281842,310345.310344828,0,0,2.02577239877577e-05,0.01721420632104,0,1430,20,1461,1492
20,0,0,0,1990,1.1949154784238,0.070489140625,0.0588235294117647,1.18307753352383,0.595344122949122,0.0316688029908204,0.0700840813673635,0.682192799637138,3.67999999999999e-05,5281842,310345.310344828,0,0,2.02577239877577e-05,0.01721420632104,0,1430,20,1461,1492
20,0,0,0,1990,1.19617153118957,0.070489140625,0.0588235294117647,1.18090497055562,0.587063183928194,0.03160765038085,0.0701577182566232,0.681490381761917,3.68e-05,5281842,310345.310344828,0,0,2.02577239877577e-05,0.01721420632104,0,1430,20,1461,1492
20,0,0,0,1990,1.19751715223112,0.070489140625,0.0588235294117647,1.17736285466257,0.59002357174002,0.0317472664774502,0.0702350389962814,0.684590638858216,3.68e-05,5281842,310345.310344828,0,0,2.02577239877577e-05,0.01721420632104,0,1430,20,1461,1492
20,0,0,0,1990,1.20034247427603,0.070489140625,0.0588235294117647,1.17469631552025,0.596592756747343,0.0314393178661787,0.070402376415642,0.679185054065698,3.68e-05,5281842,310345.310344828,0,0,2.02577239877577e-05,0.01721420632104,0,1430,20,1461,1492
