"spark_size","total_re_emergence_prob_1_year","total_re_emergence_prob_2_year","total_re_emergence_prob_3_year","spark_year","R_naught","sigma_P","gamma","phi","sigma_M","rho","Beta_0","delta","mu_H","N_0","I_0","R_0","C_0","r","omega","epsilon","t_stop_immigration","spark","spark_time_start","spark_time_end"
20,0,0,0,1990,1.18210060365729,0.586285517241379,0.0588235294117647,1.10570917418235,0.535043390118928,0.0264243033756849,0.0693425145338706,0.63001744024164,3.68e-05,5281842,159374.506960546,0,0,2.02577239877577e-05,0.01721420632104,0,1430,20,1461,1492
20,0,0,0,1990,1.18604281715795,0.586285517241379,0.0588235294117647,1.10204849174946,0.524346064308027,0.0268682931875373,0.0695696949338658,0.639845074822824,3.68e-05,5281842,159376.02526243,0,0,2.02577239877577e-05,0.01721420632104,0,1430,20,1461,1492
20,0,0,0,1990,1.181190845885,0.586285517241379,0.0588235294117647,1.1031076253951,0.525904383129187,0.0266417976324743,0.0692875055499926,0.633689316118366,3.68e-05,5281842,159376.120122552,0,0,2.02577239877577e-05,0.01721420632104,0,1430,20,1461,1492
20,0,0,0,1990,1.1799878208284,0.586285517241379,0.0588235294117647,1.12324494431201,0.542794720225008,0.0296626543618464,0.0692083466214421,0.662664376958463,3.68e-05,5281842,215627.219706342,0,0,2.02577239877577e-05,0.01721420632104,0,1430,20,1461,1492
20,0,0,0,1990,1.1868353171757,0.586285517241379,0.0588235294117647,1.12142675526855,0.534439939721406,0.0286004511811897,0.0696108570972674,0.659712821137128,3.68e-05,5281842,215623.91547417,0,0,2.02577239877577e-05,0.01721420632104,0,1430,20,1461,1492
20,0,0,0,1990,1.19129179277535,0.586285517241379,0.0588235294117647,1.12611044306021,0.538097191403966,0.0282485643817633,0.0698749389079382,0.653912920949781,3.68e-05,5281842,215627.927905022,0,0,2.02577239877577e-05,0.01721420632104,0,1430,20,1461,1492
