"spark_size","total_re_emergence_prob_1_year","total_re_emergence_prob_2_year","total_re_emergence_prob_3_year","spark_year","R_naught","sigma_P","gamma","phi","sigma_M","rho","Beta_0","delta","mu_H","N_0","I_0","R_0","C_0","r","omega","epsilon","t_stop_immigration","spark","spark_time_start","spark_time_end"
20,0.01,0.01,0.01,1990,1.22927114880069,1,0.0588235294117647,1.06139850288417,0.452103594723653,0.0283994820456775,0.0720920220031948,0.662845533061129,3.68e-05,5281842,234376.336005628,0,0,2.02577239877577e-05,0.01721420632104,0,1430,20,1461,1492
20,0.01,0,0,1990,1.22364331923123,1,0.0588235294117647,1.06553557548975,0.457103023742941,0.0285451170546247,0.071763696664167,0.659533155216669,3.67999999999999e-05,5281842,234376.270286683,0,0,2.02577239877577e-05,0.01721420632104,0,1430,20,1461,1492
20,0.03,0.02,0.01,1990,1.22971004776145,1,0.0588235294117647,1.06473517681888,0.46861824571249,0.028653330821731,0.0721156639931918,0.66901632264382,3.68e-05,5281842,234376.406559175,0,0,2.02577239877577e-05,0.01721420632104,0,1430,20,1461,1492
20,0.01,0,0,1990,1.23574669412841,1,0.0588235294117647,1.0640507786041,0.44475257870298,0.0279234605226288,0.0724703710477522,0.6670972327173,3.68e-05,5281842,234376.256034495,0,0,2.02577239877577e-05,0.01721420632104,0,1430,20,1461,1492
20,0.02,0,0,1990,1.22574618331662,1,0.0588235294117647,1.0281265688627,0.434063035589723,0.0264898059618471,0.0718865334559,0.651640420131053,3.68e-05,5281842,159375.431347017,0,0,2.02577239877577e-05,0.01721420632104,0,1430,20,1461,1492
20,0.01,0,0,1990,1.21242866928115,1,0.0588235294117647,1.03480998125016,0.433204266124846,0.0270923539805384,0.0711068721456381,0.649704983665962,3.68e-05,5281842,159376.275421126,0,0,2.02577239877577e-05,0.01721420632104,0,1430,20,1461,1492
