"spark_size","total_re_emergence_prob_1_year","total_re_emergence_prob_2_year","total_re_emergence_prob_3_year","spark_year","R_naught","sigma_P","gamma","phi","sigma_M","rho","Beta_0","delta","mu_H","N_0","I_0","R_0","C_0","r","omega","epsilon","t_stop_immigration","spark","spark_time_start","spark_time_end"
20,0.01,0,0,1990,1.20060210199059,0.70318140625,0.0588235294117647,1.0792281471868,0.50540254510073,0.0289951409679956,0.0704022219215625,0.689655172413793,3.68e-05,5281842,178124.573842676,0,0,2.02577239877577e-05,0.01721420632104,0,1430,20,1461,1492
20,0.01,0,0,1990,1.20761756327567,0.70318140625,0.0588235294117647,1.08097653334943,0.517934599082745,0.0291554386267803,0.0708137932441832,0.689655172413793,3.68e-05,5281842,178125.886115342,0,0,2.02577239877577e-05,0.01721420632104,0,1430,20,1461,1492
20,0,0,0,1990,1.16832042726948,0.070489140625,0.0588235294117647,1.15208578157945,0.582591424087269,0.030802655379337,0.0685176154635686,0.689655172413793,3.68e-05,5281842,220311.881143344,0,0,2.02577239877577e-05,0.01721420632104,0,1430,20,1461,1492
20,0,0,0,1990,1.16780480706682,0.070489140625,0.0588235294117647,1.15200353084352,0.588470560984703,0.0312137512254676,0.0684873660796951,0.689655172413793,3.67999999999999e-05,5281842,220311.549921866,0,0,2.02577239877577e-05,0.01721420632104,0,1430,20,1461,1492
20,0,0,0,1990,1.16906399976488,0.070489140625,0.0588235294117647,1.15576605682206,0.579647956585456,0.0310118025950545,0.0685616814153601,0.689655172413793,3.68000000000001e-05,5281842,220312.554913254,0,0,2.02577239877577e-05,0.01721420632104,0,1430,20,1461,1492
20,0,0,0,1990,1.16832738066756,0.070489140625,0.0588235294117647,1.15491559567974,0.584451011421453,0.0312995683742826,0.0685183750569729,0.689655172413793,3.68e-05,5281842,220312.475776784,0,0,2.02577239877577e-05,0.01721420632104,0,1430,20,1461,1492
