"spark_size","total_re_emergence_prob_1_year","total_re_emergence_prob_2_year","total_re_emergence_prob_3_year","spark_year","R_naught","sigma_P","gamma","phi","sigma_M","rho","Beta_0","delta","mu_H","N_0","I_0","R_0","C_0","r","omega","epsilon","t_stop_immigration","spark","spark_time_start","spark_time_end"
20,0,0,0,1990,1.17597955518172,0.448380689655172,0.0588235294117647,1.10387498545302,0.555158667592391,0.0257784652718641,0.0689851768079792,0.624873358006604,3.68e-05,5281842,145312.904570999,0,0,2.02577239877577e-05,0.01721420632104,0,1430,20,1461,1492
20,0,0,0,1990,1.17440337987744,0.448380689655172,0.0588235294117647,1.11010988779392,0.556027272731223,0.0256448083960169,0.0688939596367717,0.623242777537934,3.68e-05,5281842,145313.206997918,0,0,2.02577239877577e-05,0.01721420632104,0,1430,20,1461,1492
20,0,0,0,1990,1.17349369281316,0.448380689655172,0.0588235294117647,1.10588317077083,0.551342679083295,0.0256218482884567,0.0688422401562987,0.617641482669472,3.68e-05,5281842,145313.863775795,0,0,2.02577239877577e-05,0.01721420632104,0,1430,20,1461,1492
20,0,0,0,1990,1.17689205874936,0.448380689655172,0.0588235294117647,1.1053117736705,0.5507877822779,0.0256748297631884,0.0690393390038234,0.623567638403783,3.68e-05,5281842,145313.476032376,0,0,2.02577239877577e-05,0.01721420632104,0,1430,20,1461,1492
20,0,0,0,1990,1.18580064152371,0.448380689655172,0.0588235294117647,1.13509419603666,0.549636801796877,0.0279993866636987,0.069554053595163,0.65344977169826,3.68e-05,5281842,220314.166465428,0,0,2.02577239877577e-05,0.01721420632104,0,1430,20,1461,1492
20,0,0,0,1990,1.17570946186493,0.448380689655172,0.0588235294117647,1.14337682103953,0.560019000849127,0.028847946098733,0.0689628431124221,0.654157388232928,3.68e-05,5281842,220312.424207282,0,0,2.02577239877577e-05,0.01721420632104,0,1430,20,1461,1492
