"spark_size","total_re_emergence_prob_1_year","total_re_emergence_prob_2_year","total_re_emergence_prob_3_year","spark_year","R_naught","sigma_P","gamma","phi","sigma_M","rho","Beta_0","delta","mu_H","N_0","I_0","R_0","C_0","r","omega","epsilon","t_stop_immigration","spark","spark_time_start","spark_time_end"
20,0,0,0,1990,1.16989789008969,0.20704724137931,0.0588235294117647,1.15688268530025,0.571774462282619,0.028068522651096,0.0686245403546583,0.651392656179061,3.68000000000001e-05,5281842,215626.762390334,0,0,2.02577239877577e-05,0.01721420632104,0,1430,20,1461,1492
20,0,0,0,1990,1.17076667238415,0.20704724137931,0.0588235294117647,1.16141459623604,0.569325726001492,0.0278825976576611,0.068677488713155,0.647378635312588,3.68000000000001e-05,5281842,215625.322814451,0,0,2.02577239877577e-05,0.01721420632104,0,1430,20,1461,1492
20,0,0,0,1990,1.17307743710739,0.20704724137931,0.0588235294117647,1.15528496272868,0.57329792861124,0.0278676074709234,0.068811641523042,0.649232248337314,3.68e-05,5281842,215625.902120748,0,0,2.02577239877577e-05,0.01721420632104,0,1430,20,1461,1492
20,0,0,0,1990,1.19079441108752,0.20704724137931,0.0588235294117647,1.1738836687782,0.585090643509929,0.0305923178561896,0.0698433929910446,0.676071209183494,3.68e-05,5281842,290625.07817537,0,0,2.02577239877577e-05,0.01721420632104,0,1430,20,1461,1492
20,0,0,0,1990,1.19266716332014,0.20704724137931,0.0588235294117647,1.17271288731986,0.582220967507508,0.0305833241401271,0.0699536644337469,0.674480447512556,3.67999999999999e-05,5281842,290625.548483149,0,0,2.02577239877577e-05,0.01721420632104,0,1430,20,1461,1492
20,0,0,0,1990,1.19109907503147,0.20704724137931,0.0588235294117647,1.17397782402103,0.584008295433962,0.0306390721807113,0.0698617257588419,0.674832888149969,3.68e-05,5281842,290626.677991105,0,0,2.02577239877577e-05,0.01721420632104,0,1430,20,1461,1492
