"spark_size","total_re_emergence_prob_1_year","total_re_emergence_prob_2_year","total_re_emergence_prob_3_year","spark_year","R_naught","sigma_P","gamma","phi","sigma_M","rho","Beta_0","delta","mu_H","N_0","I_0","R_0","C_0","r","omega","epsilon","t_stop_immigration","spark","spark_time_start","spark_time_end"
20,0.02,0.01,0,1990,1.20690065378504,0.89064578125,0.0588235294117647,1.03070622652179,0.462342339815934,0.0264775760963432,0.0707836512578051,0.646242495996617,3.67999999999999e-05,5281842,124138.724137931,0,0,2.02577239877577e-05,0.01721420632104,0,1430,20,1461,1492
20,0,0,0,1990,1.15689459156171,0.14078828125,0.0588235294117647,1.12455737793571,0.605198721186728,0.0250661813174479,0.0678774502345471,0.598116064026098,3.68e-05,5281842,124138.724137931,0,0,2.02577239877577e-05,0.01721420632104,0,1430,20,1461,1492
20,0,0,0,1990,1.16043377790873,0.14078828125,0.0588235294117647,1.11995374908092,0.598443432492536,0.0248743841584557,0.0680840431184639,0.59975093370979,3.68e-05,5281842,124138.724137931,0,0,2.02577239877577e-05,0.01721420632104,0,1430,20,1461,1492
20,0,0,0,1990,1.15948032397041,0.14078828125,0.0588235294117647,1.11886245430321,0.60753177714903,0.0250897165590972,0.0680281029389654,0.599451387316619,3.68e-05,5281842,124138.724137931,0,0,2.02577239877577e-05,0.01721420632104,0,1430,20,1461,1492
20,0,0,0,1990,1.15765987776092,0.14078828125,0.0588235294117647,1.11731051877026,0.597744592389632,0.0249509684266028,0.0679220077794481,0.597071643968517,3.68e-05,5281842,124138.724137931,0,0,2.02577239877577e-05,0.01721420632104,0,1430,20,1461,1492
20,0,0,0,1990,1.15890185012827,0.14078828125,0.0588235294117647,1.11601192596484,0.595331609057733,0.024607811419867,0.0679953525339147,0.595415476736394,3.67999999999999e-05,5281842,124138.724137931,0,0,2.02577239877577e-05,0.01721420632104,0,1430,20,1461,1492
