"spark_size","total_re_emergence_prob_1_year","total_re_emergence_prob_2_year","total_re_emergence_prob_3_year","spark_year","R_naught","sigma_P","gamma","phi","sigma_M","rho","Beta_0","delta","mu_H","N_0","I_0","R_0","C_0","r","omega","epsilon","t_stop_immigration","spark","spark_time_start","spark_time_end"
20,0,0,0,1990,1.1697403498557,0.070489140625,0.0588235294117647,1.1602842788238,0.581271257069671,0.0283919093222893,0.0686143410368325,0.655172413793103,3.68000000000001e-05,5281842,220312.451067885,0,0,2.02577239877577e-05,0.01721420632104,0,1430,20,1461,1492
20,0,0,0,1990,1.16906797164997,0.070489140625,0.0588235294117647,1.16578593532675,0.57638362665371,0.0284917860433699,0.0685755636716574,0.655172413793103,3.68e-05,5281842,220313.067883022,0,0,2.02577239877577e-05,0.01721420632104,0,1430,20,1461,1492
20,0,0,0,1990,1.17092937920547,0.070489140625,0.0588235294117647,1.16146826049603,0.575510964732031,0.0282546054969541,0.0686842290937987,0.655172413793103,3.68e-05,5281842,220314.071396944,0,0,2.02577239877577e-05,0.01721420632104,0,1430,20,1461,1492
20,0.03,0.01,0,1990,1.21800900566883,0.85940171875,0.0588235294117647,1.06675545899856,0.484829019361751,0.0292268515538018,0.0714215964969565,0.689655172413793,3.68e-05,5281842,196874.725107079,0,0,2.02577239877577e-05,0.01721420632104,0,1430,20,1461,1492
20,0.02,0,0,1990,1.21608540350001,0.85940171875,0.0588235294117647,1.05787822825888,0.482966947051131,0.0292720995004089,0.0713078661890692,0.689655172413793,3.68e-05,5281842,196874.46349349,0,0,2.02577239877577e-05,0.01721420632104,0,1430,20,1461,1492
20,0.06,0.01,0,1990,1.20853398234902,0.85940171875,0.0588235294117647,1.05932673019636,0.485698773407619,0.0296650077161688,0.0708652218868903,0.689655172413793,3.67999999999999e-05,5281842,196875.553146171,0,0,2.02577239877577e-05,0.01721420632104,0,1430,20,1461,1492
