"spark_size","total_re_emergence_prob_1_year","total_re_emergence_prob_2_year","total_re_emergence_prob_3_year","spark_year","R_naught","sigma_P","gamma","phi","sigma_M","rho","Beta_0","delta","mu_H","N_0","I_0","R_0","C_0","r","omega","epsilon","t_stop_immigration","spark","spark_time_start","spark_time_end"
20,0.05,0.01,0,1990,1.21034259237238,0.820346640625,0.0588235294117647,1.07647548252398,0.487420305367921,0.0270984786330924,0.0709895513433986,0.647169926775717,3.68e-05,5281842,186207.586206897,0,0,2.02577239877577e-05,0.01721420632104,0,1430,20,1461,1492
20,0.01,0,0,1990,1.21258671637243,0.820346640625,0.0588235294117647,1.06691751643839,0.496348820975233,0.0274429179185981,0.0711175474683237,0.654005317261515,3.68e-05,5281842,186207.586206897,0,0,2.02577239877577e-05,0.01721420632104,0,1430,20,1461,1492
20,0,0,0,1990,1.17117437894065,0.320441640625,0.0588235294117647,1.13869442241241,0.561144587624996,0.0269061822598189,0.0687030041347111,0.635755326450177,3.68e-05,5281842,186207.586206897,0,0,2.02577239877577e-05,0.01721420632104,0,1430,20,1461,1492
20,0,0,0,1990,1.17034526586386,0.320441640625,0.0588235294117647,1.14065458117933,0.558569018106499,0.0272040812476783,0.0686528018361567,0.640654103287925,3.68e-05,5281842,186207.586206897,0,0,2.02577239877577e-05,0.01721420632104,0,1430,20,1461,1492
20,0,0,0,1990,1.16968080060584,0.320441640625,0.0588235294117647,1.14164402034402,0.561750697094488,0.0268285757864691,0.0686156256092604,0.636009055925822,3.68e-05,5281842,186207.586206897,0,0,2.02577239877577e-05,0.01721420632104,0,1430,20,1461,1492
20,0,0,0,1990,1.16305758402113,0.070489140625,0.0588235294117647,1.15650111582616,0.572054160659555,0.0259994975723929,0.0682340334867399,0.621373578473874,3.68e-05,5281842,186207.586206897,0,0,2.02577239877577e-05,0.01721420632104,0,1430,20,1461,1492
