"spark_size","total_re_emergence_prob_1_year","total_re_emergence_prob_2_year","total_re_emergence_prob_3_year","spark_year","R_naught","sigma_P","gamma","phi","sigma_M","rho","Beta_0","delta","mu_H","N_0","I_0","R_0","C_0","r","omega","epsilon","t_stop_immigration","spark","spark_time_start","spark_time_end"
20,0.01,0,0,1990,1.19678624374954,0.60944921875,0.0588235294117647,1.12605268048752,0.542833395716053,0.029386654189478,0.0701920291288056,0.667727309456466,3.68e-05,5281842,248276.448275862,0,0,2.02577239877577e-05,0.01721420632104,0,1430,20,1461,1492
20,0,0,0,1990,1.18061992110854,0.10954421875,0.0588235294117647,1.16378727249678,0.573876051049028,0.0287400099293201,0.069251579781006,0.658911629441801,3.68e-05,5281842,248276.448275862,0,0,2.02577239877577e-05,0.01721420632104,0,1430,20,1461,1492
20,0,0,0,1990,1.17663164846283,0.10954421875,0.0588235294117647,1.16959101518354,0.575940425637725,0.0289943161439195,0.0690173922356694,0.661573293571937,3.68e-05,5281842,248276.448275862,0,0,2.02577239877577e-05,0.01721420632104,0,1430,20,1461,1492
20,0,0,0,1990,1.17814050304039,0.10954421875,0.0588235294117647,1.17016173405224,0.579952899742315,0.0287525007136988,0.069107419965561,0.657552247744891,3.68e-05,5281842,248276.448275862,0,0,2.02577239877577e-05,0.01721420632104,0,1430,20,1461,1492
20,0,0,0,1990,1.1782120899924,0.10954421875,0.0588235294117647,1.16923276176823,0.57593438108675,0.0287973729886985,0.0691113374738087,0.658014263185091,3.68e-05,5281842,248276.448275862,0,0,2.02577239877577e-05,0.01721420632104,0,1430,20,1461,1492
20,0,0,0,1990,1.17862713370064,0.10954421875,0.0588235294117647,1.17260163844545,0.573045526284688,0.0287416418643714,0.0691365335133509,0.656813884972795,3.68000000000001e-05,5281842,248276.448275862,0,0,2.02577239877577e-05,0.01721420632104,0,1430,20,1461,1492
