"spark_size","total_re_emergence_prob_1_year","total_re_emergence_prob_2_year","total_re_emergence_prob_3_year","spark_year","R_naught","sigma_P","gamma","phi","sigma_M","rho","Beta_0","delta","mu_H","N_0","I_0","R_0","C_0","r","omega","epsilon","t_stop_immigration","spark","spark_time_start","spark_time_end"
20,0,0,0,1990,1.17171341568839,0.344952068965517,0.0588235294117647,1.13090185885663,0.564501121477252,0.0266870259613135,0.0687345690135739,0.633553733296986,3.68e-05,5281842,178125.861085483,0,0,2.02577239877577e-05,0.01721420632104,0,1430,20,1461,1492
20,0,0,0,1990,1.17096579608324,0.344952068965517,0.0588235294117647,1.13903452517769,0.556722904666438,0.0262424329335975,0.0686933596692148,0.628753616356861,3.68e-05,5281842,178126.067305625,0,0,2.02577239877577e-05,0.01721420632104,0,1430,20,1461,1492
20,0,0,0,1990,1.16674955201089,0.344952068965517,0.0588235294117647,1.11797669739697,0.564170201164729,0.0257146668757607,0.0684474300538067,0.618736345051725,3.68e-05,5281842,145314.018817889,0,0,2.02577239877577e-05,0.01721420632104,0,1430,20,1461,1492
20,0,0,0,1990,1.17003774459918,0.344952068965517,0.0588235294117647,1.11984642199333,0.560978624009196,0.0255880577928899,0.0686394829473153,0.621574101091447,3.68e-05,5281842,145313.636749611,0,0,2.02577239877577e-05,0.01721420632104,0,1430,20,1461,1492
20,0,0,0,1990,1.16843672435963,0.344952068965517,0.0588235294117647,1.1165962803215,0.565516144887335,0.0253880149147117,0.0685467986051506,0.617286257089297,3.68e-05,5281842,145314.050754935,0,0,2.02577239877577e-05,0.01721420632104,0,1430,20,1461,1492
20,0,0,0,1990,1.1664785986897,0.344952068965517,0.0588235294117647,1.12113172272221,0.561422589038373,0.0255680016955028,0.0684321645583866,0.617910634283923,3.67999999999999e-05,5281842,145313.032582718,0,0,2.02577239877577e-05,0.01721420632104,0,1430,20,1461,1492
