"spark_size","total_re_emergence_prob_1_year","total_re_emergence_prob_2_year","total_re_emergence_prob_3_year","spark_year","R_naught","sigma_P","gamma","phi","sigma_M","rho","Beta_0","delta","mu_H","N_0","I_0","R_0","C_0","r","omega","epsilon","t_stop_immigration","spark","spark_time_start","spark_time_end"
20,0,0,0,1990,1.18443407401468,0.620761724137931,0.0588235294117647,1.07777791748876,0.524744004275312,0.0263098735460179,0.0694747745162305,0.634790870244081,3.67999999999999e-05,5281842,140623.657360426,0,0,2.02577239877577e-05,0.01721420632104,0,1430,20,1461,1492
20,0,0,0,1990,1.20256709342238,0.620761724137931,0.0588235294117647,1.12931665526019,0.541807603709875,0.0293805913865808,0.0705327087930975,0.664411972406961,3.68e-05,5281842,253126.284148729,0,0,2.02577239877577e-05,0.01721420632104,0,1430,20,1461,1492
20,0,0,0,1990,1.19784660784464,0.620761724137931,0.0588235294117647,1.13111274968892,0.53712626306036,0.0293570478132722,0.0702564639456797,0.663317162543408,3.67999999999999e-05,5281842,253124.671122096,0,0,2.02577239877577e-05,0.01721420632104,0,1430,20,1461,1492
20,0,0,0,1990,1.19751089899627,0.620761724137931,0.0588235294117647,1.13046958847599,0.544830733867662,0.0298482044892848,0.0702347006420105,0.668654626087234,3.68000000000001e-05,5281842,253125.290757879,0,0,2.02577239877577e-05,0.01721420632104,0,1430,20,1461,1492
20,0,0,0,1990,1.1983891417092,0.620761724137931,0.0588235294117647,1.13363252669205,0.537630338777538,0.029575132013881,0.0702866138756193,0.668575548479726,3.68e-05,5281842,253125.145391009,0,0,2.02577239877577e-05,0.01721420632104,0,1430,20,1461,1492
20,0,0,0,1990,1.19577145965464,0.620761724137931,0.0588235294117647,1.13418975404583,0.541601240825655,0.0295385579942649,0.0701359719682845,0.661014026156169,3.68000000000001e-05,5281842,253123.32090857,0,0,2.02577239877577e-05,0.01721420632104,0,1430,20,1461,1492
