"spark_size","total_re_emergence_prob_1_year","total_re_emergence_prob_2_year","total_re_emergence_prob_3_year","spark_year","R_naught","sigma_P","gamma","phi","sigma_M","rho","Beta_0","delta","mu_H","N_0","I_0","R_0","C_0","r","omega","epsilon","t_stop_immigration","spark","spark_time_start","spark_time_end"
20,0,0,0,1990,1.18679057667653,0.48447296875,0.0588235294117647,1.14494414683006,0.554196441836251,0.029731801963363,0.0696085402599295,0.66627577042746,3.68e-05,5281842,248276.448275862,0,0,2.02577239877577e-05,0.01721420632104,0,1430,20,1461,1492
20,0,0,0,1990,1.18668481737328,0.48447296875,0.0588235294117647,1.1453667071252,0.552896986516837,0.0298469466342537,0.0696009440947873,0.670195771662775,3.68e-05,5281842,248276.448275862,0,0,2.02577239877577e-05,0.01721420632104,0,1430,20,1461,1492
20,0,0,0,1990,1.18260445850922,0.29700859375,0.0588235294117647,1.16051208779256,0.574112382370269,0.0290143198501471,0.0693664124443166,0.662132712397615,3.68000000000001e-05,5281842,248276.448275862,0,0,2.02577239877577e-05,0.01721420632104,0,1430,20,1461,1492
20,0,0,0,1990,1.18326774682769,0.29700859375,0.0588235294117647,1.16366694134613,0.571155693294089,0.0289405801138195,0.0694061900869154,0.660802869368601,3.68e-05,5281842,248276.448275862,0,0,2.02577239877577e-05,0.01721420632104,0,1430,20,1461,1492
20,0,0,0,1990,1.1825238905869,0.29700859375,0.0588235294117647,1.15810805058101,0.570764782196013,0.0290283944400724,0.0693616691960767,0.661374897372658,3.68e-05,5281842,248276.448275862,0,0,2.02577239877577e-05,0.01721420632104,0,1430,20,1461,1492
20,0,0,0,1990,1.18221154994484,0.29700859375,0.0588235294117647,1.15892035584728,0.574556027509524,0.0288938147307129,0.0693443041647557,0.65902516768551,3.68e-05,5281842,248276.448275862,0,0,2.02577239877577e-05,0.01721420632104,0,1430,20,1461,1492
