"spark_size","total_re_emergence_prob_1_year","total_re_emergence_prob_2_year","total_re_emergence_prob_3_year","spark_year","R_naught","sigma_P","gamma","phi","sigma_M","rho","Beta_0","delta","mu_H","N_0","I_0","R_0","C_0","r","omega","epsilon","t_stop_immigration","spark","spark_time_start","spark_time_end"
20,0,0,0,1990,1.19721648437301,0.413904482758621,0.0588235294117647,1.16381999944998,0.573796226911193,0.0307507147888219,0.0702195205150714,0.674032235016636,3.68e-05,5281842,295314.126573352,0,0,2.02577239877577e-05,0.01721420632104,0,1430,20,1461,1492
20,0,0,0,1990,1.18568905315925,0.413904482758621,0.0588235294117647,1.14018732918202,0.560785413713384,0.0281541612589054,0.0695486346101406,0.651995272013883,3.68e-05,5281842,220313.790126442,0,0,2.02577239877577e-05,0.01721420632104,0,1430,20,1461,1492
20,0,0,0,1990,1.17546931586769,0.413904482758621,0.0588235294117647,1.14458772859608,0.558067056087133,0.0283235493326482,0.0689487580011902,0.654540889480221,3.68e-05,5281842,220312.071415695,0,0,2.02577239877577e-05,0.01721420632104,0,1430,20,1461,1492
20,0,0,0,1990,1.17905627465959,0.413904482758621,0.0588235294117647,1.14416945817564,0.557339511134959,0.0285221496002223,0.0691592793058235,0.654070539644207,3.68e-05,5281842,220312.222456422,0,0,2.02577239877577e-05,0.01721420632104,0,1430,20,1461,1492
20,0,0,0,1990,1.18608214840473,0.413904482758621,0.0588235294117647,1.13913277735044,0.559489211204868,0.0278742128642754,0.0695719188535323,0.651050418396035,3.67999999999999e-05,5281842,220312.539277523,0,0,2.02577239877577e-05,0.01721420632104,0,1430,20,1461,1492
20,0,0,0,1990,1.18285665959429,0.413904482758621,0.0588235294117647,1.14576897674615,0.550806662000158,0.0280708992370414,0.0693835121775989,0.650997996762152,3.68e-05,5281842,220314.076604001,0,0,2.02577239877577e-05,0.01721420632104,0,1430,20,1461,1492
