"spark_size","total_re_emergence_prob_1_year","total_re_emergence_prob_2_year","total_re_emergence_prob_3_year","spark_year","R_naught","sigma_P","gamma","phi","sigma_M","rho","Beta_0","delta","mu_H","N_0","I_0","R_0","C_0","r","omega","epsilon","t_stop_immigration","spark","spark_time_start","spark_time_end"
20,0.04,0,0,1990,1.22958065874041,0.98437796875,0.0588235294117647,1.07676431011646,0.455612626606896,0.0277939115626289,0.0721118595209533,0.662624643687493,3.68e-05,5281842,227586.827586207,0,0,2.02577239877577e-05,0.01721420632104,0,1430,20,1461,1492
20,0.02,0,0,1990,1.21498442907585,0.98437796875,0.0588235294117647,1.06994579332638,0.45403036186521,0.0287663846384019,0.0712555859567538,0.661425232166707,3.68e-05,5281842,227586.827586207,0,0,2.02577239877577e-05,0.01721420632104,0,1430,20,1461,1492
20,0.03,0,0,1990,1.21902425961885,0.98437796875,0.0588235294117647,1.0673871150292,0.467073201557549,0.0287701428264484,0.0714913955400404,0.663602565986148,3.68e-05,5281842,227586.827586207,0,0,2.02577239877577e-05,0.01721420632104,0,1430,20,1461,1492
20,0.03,0,0,1990,1.22620427884798,0.98437796875,0.0588235294117647,1.05362905800492,0.464216627903528,0.0288477022785437,0.0719075815156626,0.672437336968029,3.68e-05,5281842,227586.827586207,0,0,2.02577239877577e-05,0.01721420632104,0,1430,20,1461,1492
20,0,0,0,1990,1.17816368585966,0.29700859375,0.0588235294117647,1.1546950533847,0.566824492773864,0.0281081808585298,0.0691094926233924,0.650423532847382,3.68000000000001e-05,5281842,227586.827586207,0,0,2.02577239877577e-05,0.01721420632104,0,1430,20,1461,1492
20,0,0,0,1990,1.17974284043913,0.29700859375,0.0588235294117647,1.15605920306323,0.570891033853718,0.0281321605576294,0.0692011883406833,0.653436285281855,3.68e-05,5281842,227586.827586207,0,0,2.02577239877577e-05,0.01721420632104,0,1430,20,1461,1492
