"spark_size","total_re_emergence_prob_1_year","total_re_emergence_prob_2_year","total_re_emergence_prob_3_year","spark_year","R_naught","sigma_P","gamma","phi","sigma_M","rho","Beta_0","delta","mu_H","N_0","I_0","R_0","C_0","r","omega","epsilon","t_stop_immigration","spark","spark_time_start","spark_time_end"
20,0,0,0,1990,1.18041264212559,0.310475862068966,0.0588235294117647,1.15913801797973,0.574256772516773,0.0293156202775632,0.0692360116043839,0.666723616292617,3.68e-05,5281842,253125.587424125,0,0,2.02577239877577e-05,0.01721420632104,0,1430,20,1461,1492
20,0,0,0,1990,1.16475699677984,0.310475862068966,0.0588235294117647,1.13253673621538,0.563087920220679,0.0277660872140373,0.0683215722374558,0.647571739024653,3.68e-05,5281842,178125.5112142,0,0,2.02577239877577e-05,0.01721420632104,0,1430,20,1461,1492
20,0,0,0,1990,1.16796396590861,0.310475862068966,0.0588235294117647,1.13057695774141,0.565834966704543,0.0268348793943647,0.0685139171114569,0.635382368173008,3.68e-05,5281842,178125.580526807,0,0,2.02577239877577e-05,0.01721420632104,0,1430,20,1461,1492
20,0,0,0,1990,1.16677805299366,0.310475862068966,0.0588235294117647,1.13543899210012,0.566197730963056,0.0268631409686821,0.068445554485034,0.633539678898197,3.67999999999999e-05,5281842,178126.362695443,0,0,2.02577239877577e-05,0.01721420632104,0,1430,20,1461,1492
20,0,0,0,1990,1.20255405266613,0.310475862068966,0.0588235294117647,1.17062606057252,0.592913547950486,0.032322683596326,0.070529174215246,0.685651699333476,3.68e-05,5281842,328126.587102016,0,0,2.02577239877577e-05,0.01721420632104,0,1430,20,1461,1492
20,0,0,0,1990,1.20257884470514,0.310475862068966,0.0588235294117647,1.17602479179637,0.584464121369246,0.0325124337888415,0.0705297599111527,0.689958256477081,3.68e-05,5281842,328123.631023624,0,0,2.02577239877577e-05,0.01721420632104,0,1430,20,1461,1492
