"spark_size","total_re_emergence_prob_1_year","total_re_emergence_prob_2_year","total_re_emergence_prob_3_year","spark_year","R_naught","sigma_P","gamma","phi","sigma_M","rho","Beta_0","delta","mu_H","N_0","I_0","R_0","C_0","r","omega","epsilon","t_stop_immigration","spark","spark_time_start","spark_time_end"
20,0,0,0,1990,1.18661632760529,0.07830015625,0.0588235294117647,1.16934662395462,0.448331034482759,0.0288520036497086,0.0696027527229497,0.662336693244749,3.68e-05,5281842,253123.516429073,0,0,2.02577239877577e-05,0.01721420632104,0,1430,20,1461,1492
20,0,0,0,1990,1.18323731299814,0.07830015625,0.0588235294117647,1.16911070999964,0.448331034482759,0.0290985363487087,0.0694042663957146,0.663041374773388,3.68e-05,5281842,253126.280143114,0,0,2.02577239877577e-05,0.01721420632104,0,1430,20,1461,1492
20,0,0,0,1990,1.18077531784142,0.07830015625,0.0588235294117647,1.174664440881,0.448331034482759,0.0290897579815988,0.0692599740583658,0.664638136432457,3.68000000000001e-05,5281842,253125.039557665,0,0,2.02577239877577e-05,0.01721420632104,0,1430,20,1461,1492
20,0,0,0,1990,1.17398896005113,0.070489140625,0.0588235294117647,1.17188361997989,0.448331034482759,0.0274346400932932,0.0688688718287048,0.644313418646223,3.68e-05,5281842,220314.001047009,0,0,2.02577239877577e-05,0.01721420632104,0,1430,20,1461,1492
20,0,0,0,1990,1.17413535193561,0.070489140625,0.0588235294117647,1.16118238014025,0.448331034482759,0.0276257203759123,0.0688742639645702,0.649603799979389,3.68e-05,5281842,220313.544874738,0,0,2.02577239877577e-05,0.01721420632104,0,1430,20,1461,1492
20,0,0,0,1990,1.17361993031191,0.070489140625,0.0588235294117647,1.16894589117631,0.448331034482759,0.0276251556810188,0.0688459086507726,0.646981070767175,3.68e-05,5281842,220312.421465299,0,0,2.02577239877577e-05,0.01721420632104,0,1430,20,1461,1492
