"spark_size","total_re_emergence_prob_1_year","total_re_emergence_prob_2_year","total_re_emergence_prob_3_year","spark_year","R_naught","sigma_P","gamma","phi","sigma_M","rho","Beta_0","delta","mu_H","N_0","I_0","R_0","C_0","r","omega","epsilon","t_stop_immigration","spark","spark_time_start","spark_time_end"
20,0.01,0,0.01,1990,1.19567481772445,0.70318140625,0.0588235294117647,1.09097109281605,0.512195642114053,0.027406545980373,0.0701294255726242,0.650613384384218,3.67999999999999e-05,5281842,186207.586206897,0,0,2.02577239877577e-05,0.01721420632104,0,1430,20,1461,1492
20,0,0,0,1990,1.19673679588363,0.70318140625,0.0588235294117647,1.0956247959614,0.519563871031626,0.0275520586269265,0.0701917211965428,0.651884204770402,3.68000000000001e-05,5281842,186207.586206897,0,0,2.02577239877577e-05,0.01721420632104,0,1430,20,1461,1492
20,0.01,0,0.01,1990,1.18923474194249,0.70318140625,0.0588235294117647,1.09690444130974,0.515354060762025,0.0275583894459599,0.0697533727592592,0.647827288676039,3.67999999999999e-05,5281842,186207.586206897,0,0,2.02577239877577e-05,0.01721420632104,0,1430,20,1461,1492
20,0,0,0,1990,1.20339271725144,0.70318140625,0.0588235294117647,1.09584154969207,0.512719016519309,0.0269308860704605,0.0705841886208161,0.646500319198315,3.67999999999999e-05,5281842,186207.586206897,0,0,2.02577239877577e-05,0.01721420632104,0,1430,20,1461,1492
20,0,0,0,1990,1.19510299839949,0.70318140625,0.0588235294117647,1.09749773780232,0.514111025804094,0.0275895675648508,0.0700974175949371,0.648393363614289,3.68e-05,5281842,186207.586206897,0,0,2.02577239877577e-05,0.01721420632104,0,1430,20,1461,1492
20,0,0,0,1990,1.16271680936518,0.20327640625,0.0588235294117647,1.14934145573622,0.56658232485792,0.0273515908828119,0.0682065409398216,0.639974647071214,3.68e-05,5281842,186207.586206897,0,0,2.02577239877577e-05,0.01721420632104,0,1430,20,1461,1492
