"spark_size","total_re_emergence_prob_1_year","total_re_emergence_prob_2_year","total_re_emergence_prob_3_year","spark_year","R_naught","sigma_P","gamma","phi","sigma_M","rho","Beta_0","delta","mu_H","N_0","I_0","R_0","C_0","r","omega","epsilon","t_stop_immigration","spark","spark_time_start","spark_time_end"
20,0,0,0,1990,1.17693050268345,0.07830015625,0.0588235294117647,1.17556024869008,0.586248275862069,0.0291301981339495,0.0690351831694484,0.662917266065283,3.68e-05,5281842,253125.494244043,0,0,2.02577239877577e-05,0.01721420632104,0,1430,20,1461,1492
20,0,0,0,1990,1.17834812146853,0.07830015625,0.0588235294117647,1.16975861063194,0.586248275862069,0.0292629835336344,0.0691185750718587,0.660246780109914,3.68e-05,5281842,253126.600874492,0,0,2.02577239877577e-05,0.01721420632104,0,1430,20,1461,1492
20,0,0,0,1990,1.18110738540905,0.07830015625,0.0588235294117647,1.16968510675764,0.586248275862069,0.0287748654954305,0.0692806176444307,0.659691605431772,3.67999999999999e-05,5281842,253125.461009232,0,0,2.02577239877577e-05,0.01721420632104,0,1430,20,1461,1492
20,0,0,0,1990,1.17831896539372,0.07830015625,0.0588235294117647,1.17109668205606,0.586248275862069,0.0292184401335515,0.0691173069317863,0.659482439785484,3.68e-05,5281842,253125.836881269,0,0,2.02577239877577e-05,0.01721420632104,0,1430,20,1461,1492
20,0,0,0,1990,1.18056061575026,0.07830015625,0.0588235294117647,1.17086650595345,0.586248275862069,0.0291589284285031,0.0692480473056579,0.661474573273582,3.68e-05,5281842,253126.122329789,0,0,2.02577239877577e-05,0.01721420632104,0,1430,20,1461,1492
20,0,0,0,1990,1.16878706671779,0.445417890625,0.0588235294117647,1.11096368391414,0.586248275862069,0.0262726821330149,0.0685632830618428,0.626753794554146,3.68000000000001e-05,5281842,145312.95745552,0,0,2.02577239877577e-05,0.01721420632104,0,1430,20,1461,1492
