"spark_size","total_re_emergence_prob_1_year","total_re_emergence_prob_2_year","total_re_emergence_prob_3_year","spark_year","R_naught","sigma_P","gamma","phi","sigma_M","rho","Beta_0","delta","mu_H","N_0","I_0","R_0","C_0","r","omega","epsilon","t_stop_immigration","spark","spark_time_start","spark_time_end"
20,0,0,0,1990,1.17365534742741,0.0691424137931034,0.0588235294117647,1.17045421063132,0.579177459789948,0.0282920075297001,0.0688465730379808,0.651416281795525,3.68e-05,5281842,234375.931744061,0,0,2.02577239877577e-05,0.01721420632104,0,1430,20,1461,1492
20,0,0,0,1990,1.17224841086907,0.0691424137931034,0.0588235294117647,1.16557974295617,0.573050486184068,0.0286020238696934,0.0687617047131915,0.656263767025953,3.68e-05,5281842,234377.062339129,0,0,2.02577239877577e-05,0.01721420632104,0,1430,20,1461,1492
20,0,0,0,1990,1.17251746409434,0.0691424137931034,0.0588235294117647,1.17284567214976,0.574507958520781,0.028054896565697,0.0687797340783661,0.652483002701261,3.68e-05,5281842,234373.601018935,0,0,2.02577239877577e-05,0.01721420632104,0,1430,20,1461,1492
20,0,0,0,1990,1.19549130823012,0.0691424137931034,0.0588235294117647,1.18448158404412,0.594894754674199,0.0312014463094679,0.0701183064294709,0.68146632234276,3.68e-05,5281842,309374.801211241,0,0,2.02577239877577e-05,0.01721420632104,0,1430,20,1461,1492
20,0,0,0,1990,1.15922485884321,0.0691424137931034,0.0588235294117647,1.14270180237068,0.58509022357687,0.0254638883689858,0.0680099287804527,0.615060358176506,3.68e-05,5281842,159376.625740017,0,0,2.02577239877577e-05,0.01721420632104,0,1430,20,1461,1492
20,0,0,0,1990,1.15961101717996,0.0691424137931034,0.0588235294117647,1.14322959570625,0.586075076890874,0.0259247674430723,0.0680314213038421,0.618443865059933,3.68e-05,5281842,159375.927319383,0,0,2.02577239877577e-05,0.01721420632104,0,1430,20,1461,1492
