"spark_size","total_re_emergence_prob_1_year","total_re_emergence_prob_2_year","total_re_emergence_prob_3_year","spark_year","R_naught","sigma_P","gamma","phi","sigma_M","rho","Beta_0","delta","mu_H","N_0","I_0","R_0","C_0","r","omega","epsilon","t_stop_immigration","spark","spark_time_start","spark_time_end"
20,0,0,0,1990,1.18863825719626,0.14078828125,0.0588235294117647,1.17910430178363,0.582893359294964,0.0308089976300766,0.0697182578263962,0.674272904147425,3.68e-05,5281842,289655.689655172,0,0,2.02577239877577e-05,0.01721420632104,0,1430,20,1461,1492
20,0,0,0,1990,1.18920023853174,0.14078828125,0.0588235294117647,1.17703607088831,0.58643846030636,0.0306554657159069,0.0697501605687598,0.676451246231785,3.68e-05,5281842,289655.689655172,0,0,2.02577239877577e-05,0.01721420632104,0,1430,20,1461,1492
20,0,0,0,1990,1.1911119846645,0.14078828125,0.0588235294117647,1.1748324986625,0.581623323050302,0.0305899605350212,0.0698620169812841,0.676415510317216,3.68e-05,5281842,289655.689655172,0,0,2.02577239877577e-05,0.01721420632104,0,1430,20,1461,1492
20,0,0,0,1990,1.19172933961973,0.07830015625,0.0588235294117647,1.17661790737797,0.588803552562367,0.0307547785783171,0.06989841220476,0.67654268210259,3.68e-05,5281842,289655.689655172,0,0,2.02577239877577e-05,0.01721420632104,0,1430,20,1461,1492
20,0,0,0,1990,1.1894275255391,0.07830015625,0.0588235294117647,1.17831013177687,0.582896225842255,0.0304645529994303,0.0697650109286129,0.672723011610514,3.67999999999999e-05,5281842,289655.689655172,0,0,2.02577239877577e-05,0.01721420632104,0,1430,20,1461,1492
20,0,0,0,1990,1.19566655526608,0.32825265625,0.0588235294117647,1.16784575288841,0.584295284927405,0.0304672410848728,0.0701282379146487,0.676454206494846,3.68e-05,5281842,289655.689655172,0,0,2.02577239877577e-05,0.01721420632104,0,1430,20,1461,1492
