"spark_size","total_re_emergence_prob_1_year","total_re_emergence_prob_2_year","total_re_emergence_prob_3_year","spark_year","R_naught","sigma_P","gamma","phi","sigma_M","rho","Beta_0","delta","mu_H","N_0","I_0","R_0","C_0","r","omega","epsilon","t_stop_immigration","spark","spark_time_start","spark_time_end"
20,0,0,0,1990,1.1599134110806,0.0691424137931034,0.0588235294117647,1.1290213158281,0.588155512821483,0.0254826677423916,0.0680502573581548,0.611243086659606,3.68e-05,5281842,145314.943063572,0,0,2.02577239877577e-05,0.01721420632104,0,1430,20,1461,1492
20,0,0,0,1990,1.1570763131938,0.0691424137931034,0.0588235294117647,1.13897148388024,0.581343554527529,0.0251531274795619,0.0678861229030812,0.607721020911443,3.68000000000001e-05,5281842,145312.529143602,0,0,2.02577239877577e-05,0.01721420632104,0,1430,20,1461,1492
20,0,0,0,1990,1.15856746590072,0.0691424137931034,0.0588235294117647,1.13326204237877,0.595730950525908,0.0255436421099482,0.0679723081662048,0.609661359443859,3.68e-05,5281842,145312.660667486,0,0,2.02577239877577e-05,0.01721420632104,0,1430,20,1461,1492
20,0,0,0,1990,1.15612954622833,0.0691424137931034,0.0588235294117647,1.1365340508124,0.588598250461654,0.0254582504372528,0.0678301232864401,0.608265556158468,3.68000000000001e-05,5281842,145312.880215158,0,0,2.02577239877577e-05,0.01721420632104,0,1430,20,1461,1492
20,0,0,0,1990,1.1579023427897,0.0691424137931034,0.0588235294117647,1.13556427429625,0.591229565343177,0.0257038113103738,0.0679320817665413,0.613662088831103,3.68e-05,5281842,145312.953247776,0,0,2.02577239877577e-05,0.01721420632104,0,1430,20,1461,1492
20,0,0,0,1990,1.19087350326572,0.0691424137931034,0.0588235294117647,1.17732817322836,0.588289672256727,0.0310017511226734,0.0698475935536912,0.678505499298274,3.68e-05,5281842,295312.269010953,0,0,2.02577239877577e-05,0.01721420632104,0,1430,20,1461,1492
