"spark_size","total_re_emergence_prob_1_year","total_re_emergence_prob_2_year","total_re_emergence_prob_3_year","spark_year","R_naught","sigma_P","gamma","phi","sigma_M","rho","Beta_0","delta","mu_H","N_0","I_0","R_0","C_0","r","omega","epsilon","t_stop_immigration","spark","spark_time_start","spark_time_end"
20,0,0,0,1990,1.20009216136091,0.10954421875,0.0588235294117647,1.18357390143747,0.598015875274105,0.032667428358243,0.0703849756826404,0.689844176850504,3.68e-05,5281842,331034.931034483,0,0,2.02577239877577e-05,0.01721420632104,0,1430,20,1461,1492
20,0,0,0,1990,1.20432681278446,0.10954421875,0.0588235294117647,1.18212168375337,0.593311000208916,0.0327171337092784,0.0706334417197405,0.68902003508758,3.68e-05,5281842,331034.931034483,0,0,2.02577239877577e-05,0.01721420632104,0,1430,20,1461,1492
20,0,0,0,1990,1.20345502728831,0.10954421875,0.0588235294117647,1.18431296678878,0.600975087026187,0.0324360630463821,0.0705830023844595,0.68794463775466,3.68e-05,5281842,331034.931034483,0,0,2.02577239877577e-05,0.01721420632104,0,1430,20,1461,1492
20,0,0,0,1990,1.20363560952242,0.10954421875,0.0588235294117647,1.18139608916301,0.598409722894508,0.0326323629951937,0.0705926313927746,0.689492790222237,3.68e-05,5281842,331034.931034483,0,0,2.02577239877577e-05,0.01721420632104,0,1430,20,1461,1492
20,0,0,0,1990,1.20503862635963,0.10954421875,0.0588235294117647,1.18120991212596,0.598065644601964,0.032444807306243,0.0706754968768529,0.687846656978813,3.68e-05,5281842,331034.931034483,0,0,2.02577239877577e-05,0.01721420632104,0,1430,20,1461,1492
20,0,0,0,1990,1.20399253658144,0.23452046875,0.0588235294117647,1.17824049557833,0.594882296364405,0.0325016509515611,0.0706136998024222,0.687968172310421,3.68e-05,5281842,331034.931034483,0,0,2.02577239877577e-05,0.01721420632104,0,1430,20,1461,1492
