"spark_size","total_re_emergence_prob_1_year","total_re_emergence_prob_2_year","total_re_emergence_prob_3_year","spark_year","R_naught","sigma_P","gamma","phi","sigma_M","rho","Beta_0","delta","mu_H","N_0","I_0","R_0","C_0","r","omega","epsilon","t_stop_immigration","spark","spark_time_start","spark_time_end"
20,0,0,0,1990,1.22069140543189,0.0691424137931034,0.0588235294117647,1.18784945244965,0.615066727518914,0.0354648202347101,0.0715859613798037,0.710739861003859,3.68000000000001e-05,5281842,384376.28907246,0,0,2.02577239877577e-05,0.01721420632104,0,1430,20,1461,1492
20,0,0,0,1990,1.22515630669882,0.0691424137931034,0.0588235294117647,1.18551590524326,0.613716429824651,0.0350096040376734,0.0718490464535609,0.706495473465223,3.68e-05,5281842,384374.236107804,0,0,2.02577239877577e-05,0.01721420632104,0,1430,20,1461,1492
20,0,0,0,1990,1.22310986001929,0.0691424137931034,0.0588235294117647,1.18971915002661,0.620506672205972,0.0349056282689438,0.0717303229417482,0.704630965676789,3.68000000000001e-05,5281842,384375.096354694,0,0,2.02577239877577e-05,0.01721420632104,0,1430,20,1461,1492
20,0,0,0,1990,1.22266817836979,0.0691424137931034,0.0588235294117647,1.18852577854431,0.618314755336796,0.0352441348239304,0.0717033070954403,0.707173069494847,3.67999999999999e-05,5281842,384375.521610307,0,0,2.02577239877577e-05,0.01721420632104,0,1430,20,1461,1492
20,0,0,0,1990,1.17389218325429,0.0691424137931034,0.0588235294117647,1.1653251332956,0.579439427193271,0.0281795242354285,0.0688599330256167,0.651166756154813,3.67999999999999e-05,5281842,234376.244394884,0,0,2.02577239877577e-05,0.01721420632104,0,1430,20,1461,1492
20,0,0,0,1990,1.17403035518183,0.0691424137931034,0.0588235294117647,1.16934945982156,0.574394478024633,0.0282472454915711,0.0688679300446979,0.65282213364796,3.68e-05,5281842,234376.690356171,0,0,2.02577239877577e-05,0.01721420632104,0,1430,20,1461,1492
