"spark_size","total_re_emergence_prob_1_year","total_re_emergence_prob_2_year","total_re_emergence_prob_3_year","spark_year","R_naught","sigma_P","gamma","phi","sigma_M","rho","Beta_0","delta","mu_H","N_0","I_0","R_0","C_0","r","omega","epsilon","t_stop_immigration","spark","spark_time_start","spark_time_end"
20,0,0,0,1990,1.19666241455631,0.26576453125,0.0588235294117647,1.17331195998042,0.589369897151435,0.0323735804947229,0.0701832978145677,0.687529184578172,3.68e-05,5281842,310345.310344828,0,0,2.02577239877577e-05,0.01721420632104,0,1430,20,1461,1492
20,0,0,0,1990,1.19294399098074,0.01581203125,0.0588235294117647,1.18710431833675,0.591147518688948,0.0315795751732986,0.0699698174059706,0.67990217823619,3.68e-05,5281842,310345.310344828,0,0,2.02577239877577e-05,0.01721420632104,0,1430,20,1461,1492
20,0,0,0,1990,1.19568460606369,0.01581203125,0.0588235294117647,1.18164091006375,0.59612480427835,0.0314904610451085,0.0701297610083063,0.680106349702818,3.68e-05,5281842,310345.310344828,0,0,2.02577239877577e-05,0.01721420632104,0,1430,20,1461,1492
20,0,0,0,1990,1.19558207948699,0.01581203125,0.0588235294117647,1.179944562542,0.589604790593152,0.0316434803286842,0.0701231398377166,0.681157764447643,3.68e-05,5281842,310345.310344828,0,0,2.02577239877577e-05,0.01721420632104,0,1430,20,1461,1492
20,0,0,0,1990,1.1959816415833,0.01581203125,0.0588235294117647,1.17976562869805,0.594135309299282,0.0313080072256802,0.0701461526426064,0.682250602969605,3.68e-05,5281842,310345.310344828,0,0,2.02577239877577e-05,0.01721420632104,0,1430,20,1461,1492
20,0,0,0,1990,1.19572639403176,0.01581203125,0.0588235294117647,1.18237983357537,0.589239396041974,0.031516002243129,0.0701313241627517,0.682813507720928,3.68e-05,5281842,310345.310344828,0,0,2.02577239877577e-05,0.01721420632104,0,1430,20,1461,1492
