"spark_size","total_re_emergence_prob_1_year","total_re_emergence_prob_2_year","total_re_emergence_prob_3_year","spark_year","R_naught","sigma_P","gamma","phi","sigma_M","rho","Beta_0","delta","mu_H","N_0","I_0","R_0","C_0","r","omega","epsilon","t_stop_immigration","spark","spark_time_start","spark_time_end"
20,0,0,0,1990,1.18857821120599,0.57820515625,0.0588235294117647,1.10967179985083,0.527922757672524,0.0273229055316089,0.0697161390411906,0.648062773345588,3.68e-05,5281842,186207.586206897,0,0,2.02577239877577e-05,0.01721420632104,0,1430,20,1461,1492
20,0,0,0,1990,1.17970545732723,0.32825265625,0.0588235294117647,1.1359454123297,0.558991694971966,0.0266180203129217,0.0692031329035609,0.635783367231935,3.68e-05,5281842,186207.586206897,0,0,2.02577239877577e-05,0.01721420632104,0,1430,20,1461,1492
20,0,0,0,1990,1.17411037936231,0.32825265625,0.0588235294117647,1.14012199275571,0.565165729001898,0.0266410885068626,0.0688760220718929,0.634038295321718,3.68e-05,5281842,186207.586206897,0,0,2.02577239877577e-05,0.01721420632104,0,1430,20,1461,1492
20,0,0,0,1990,1.17224848730429,0.32825265625,0.0588235294117647,1.14049089307954,0.559790840011497,0.0269856000897653,0.0687662502933769,0.63565581825674,3.68e-05,5281842,186207.586206897,0,0,2.02577239877577e-05,0.01721420632104,0,1430,20,1461,1492
20,0,0,0,1990,1.17202214475144,0.32825265625,0.0588235294117647,1.1340853707137,0.564463192277255,0.0264088073089338,0.0687538430835184,0.631328775055673,3.68e-05,5281842,186207.586206897,0,0,2.02577239877577e-05,0.01721420632104,0,1430,20,1461,1492
20,0,0,0,1990,1.16789177146387,0.32825265625,0.0588235294117647,1.14151068939122,0.566599441000318,0.0270582023925078,0.0685099669535444,0.637924938975049,3.68e-05,5281842,186207.586206897,0,0,2.02577239877577e-05,0.01721420632104,0,1430,20,1461,1492
