"spark_size","total_re_emergence_prob_1_year","total_re_emergence_prob_2_year","total_re_emergence_prob_3_year","spark_year","R_naught","sigma_P","gamma","phi","sigma_M","rho","Beta_0","delta","mu_H","N_0","I_0","R_0","C_0","r","omega","epsilon","t_stop_immigration","spark","spark_time_start","spark_time_end"
20,0,0,0,1990,1.18946258100668,0.448380689655172,0.0588235294117647,1.15550744977009,0.564383441341308,0.0302019646286136,0.0697651361142806,0.670108878933432,3.68e-05,5281842,271876.006114081,0,0,2.02577239877577e-05,0.01721420632104,0,1430,20,1461,1492
20,0,0,0,1990,1.19503564365578,0.448380689655172,0.0588235294117647,1.15705939335489,0.562964269303978,0.0303066848576389,0.0700919737625384,0.670732926188134,3.68e-05,5281842,271875.076596705,0,0,2.02577239877577e-05,0.01721420632104,0,1430,20,1461,1492
20,0,0,0,1990,1.18947142480525,0.448380689655172,0.0588235294117647,1.158997726247,0.565781679083621,0.0298656245222364,0.0697669293380333,0.667812841481713,3.68e-05,5281842,271875.772095601,0,0,2.02577239877577e-05,0.01721420632104,0,1430,20,1461,1492
20,0,0,0,1990,1.19441264892897,0.448380689655172,0.0588235294117647,1.15228642515103,0.567141787374007,0.0298302622536149,0.0700552344430513,0.669670697346824,3.67999999999999e-05,5281842,271876.222786013,0,0,2.02577239877577e-05,0.01721420632104,0,1430,20,1461,1492
20,0,0,0,1990,1.19056921219247,0.448380689655172,0.0588235294117647,1.14810130225838,0.56866247900227,0.0306907116432264,0.0698273129408502,0.675044466750309,3.68000000000001e-05,5281842,271877.117369714,0,0,2.02577239877577e-05,0.01721420632104,0,1430,20,1461,1492
20,0,0,0,1990,1.18129557076455,0.448380689655172,0.0588235294117647,1.14745116827728,0.562001804574844,0.0287662906994876,0.0692897135255724,0.65762022608737,3.68e-05,5281842,234375.516239644,0,0,2.02577239877577e-05,0.01721420632104,0,1430,20,1461,1492
