"spark_size","total_re_emergence_prob_1_year","total_re_emergence_prob_2_year","total_re_emergence_prob_3_year","spark_year","R_naught","sigma_P","gamma","phi","sigma_M","rho","Beta_0","delta","mu_H","N_0","I_0","R_0","C_0","r","omega","epsilon","t_stop_immigration","spark","spark_time_start","spark_time_end"
20,0,0,0,1990,1.19400915636484,0.482856896551724,0.0588235294117647,1.14298549332938,0.562036761888932,0.0302910734602649,0.0700298236072367,0.671317110955005,3.67999999999999e-05,5281842,271875.564517682,0,0,2.02577239877577e-05,0.01721420632104,0,1430,20,1461,1492
20,0,0,0,1990,1.19369359808852,0.482856896551724,0.0588235294117647,1.15034738990545,0.561011533535123,0.0301495703376294,0.070012396359242,0.670822890359972,3.68000000000001e-05,5281842,271875.360630279,0,0,2.02577239877577e-05,0.01721420632104,0,1430,20,1461,1492
20,0,0,0,1990,1.18640897470476,0.482856896551724,0.0588235294117647,1.14501044536315,0.551918339866234,0.0292943024288858,0.0695887344414033,0.659302773720563,3.68e-05,5281842,234376.144953626,0,0,2.02577239877577e-05,0.01721420632104,0,1430,20,1461,1492
20,0,0,0,1990,1.18757040678881,0.482856896551724,0.0588235294117647,1.14107527134713,0.557035747682292,0.028631295222196,0.0696558990049434,0.660639082646402,3.68e-05,5281842,234375.544062067,0,0,2.02577239877577e-05,0.01721420632104,0,1430,20,1461,1492
20,0,0,0,1990,1.18494718690203,0.482856896551724,0.0588235294117647,1.14122981821181,0.556914519636064,0.028636076911978,0.0695037388421048,0.656069021348057,3.67999999999999e-05,5281842,234375.8396031,0,0,2.02577239877577e-05,0.01721420632104,0,1430,20,1461,1492
20,0,0,0,1990,1.17505052053394,0.482856896551724,0.0588235294117647,1.10924576056445,0.545083706180143,0.0265858337005856,0.0689273515169468,0.635323812205175,3.68e-05,5281842,159376.310171218,0,0,2.02577239877577e-05,0.01721420632104,0,1430,20,1461,1492
