"spark_size","total_re_emergence_prob_1_year","total_re_emergence_prob_2_year","total_re_emergence_prob_3_year","spark_year","R_naught","sigma_P","gamma","phi","sigma_M","rho","Beta_0","delta","mu_H","N_0","I_0","R_0","C_0","r","omega","epsilon","t_stop_immigration","spark","spark_time_start","spark_time_end"
20,0,0,0,1990,1.15976951657391,0.20704724137931,0.0588235294117647,1.13873693841215,0.577713860589247,0.0260116540045222,0.0680388532392102,0.62226843395922,3.68000000000001e-05,5281842,159376.389116622,0,0,2.02577239877577e-05,0.01721420632104,0,1430,20,1461,1492
20,0,0,0,1990,1.1629107566015,0.20704724137931,0.0588235294117647,1.13454785617987,0.576328214360734,0.0258235945946351,0.0682236155075297,0.619703802147861,3.68e-05,5281842,159376.228284466,0,0,2.02577239877577e-05,0.01721420632104,0,1430,20,1461,1492
20,0,0,0,1990,1.16168728823911,0.20704724137931,0.0588235294117647,1.14061841302325,0.576367727078416,0.0260207326750632,0.06815181843496,0.621567709516974,3.67999999999999e-05,5281842,159374.294375869,0,0,2.02577239877577e-05,0.01721420632104,0,1430,20,1461,1492
20,0,0,0,1990,1.16490606958691,0.20704724137931,0.0588235294117647,1.13253754478264,0.575900325108224,0.0257230315136988,0.0683404139868169,0.619824668554434,3.68e-05,5281842,159375.227554562,0,0,2.02577239877577e-05,0.01721420632104,0,1430,20,1461,1492
20,0,0,0,1990,1.16311355088375,0.20704724137931,0.0588235294117647,1.13341182939531,0.57718501649781,0.0256398885268404,0.0682355165739342,0.619358745913563,3.68e-05,5281842,159377.117513444,0,0,2.02577239877577e-05,0.01721420632104,0,1430,20,1461,1492
20,0,0,0,1990,1.17146940585784,0.20704724137931,0.0588235294117647,1.1541854119537,0.572902524278787,0.0281406628622308,0.0687160303438647,0.652425257807603,3.68e-05,5281842,215625.616501221,0,0,2.02577239877577e-05,0.01721420632104,0,1430,20,1461,1492
