"spark_size","total_re_emergence_prob_1_year","total_re_emergence_prob_2_year","total_re_emergence_prob_3_year","spark_year","R_naught","sigma_P","gamma","phi","sigma_M","rho","Beta_0","delta","mu_H","N_0","I_0","R_0","C_0","r","omega","epsilon","t_stop_immigration","spark","spark_time_start","spark_time_end"
20,0,0,0,1990,1.17154602601657,0.07830015625,0.0588235294117647,1.1740845657454,0.583782313170871,0.0318275862068965,0.0687133029512571,0.679264818991097,3.68000000000001e-05,5281842,253126.637246533,0,0,2.02577239877577e-05,0.01721420632104,0,1430,20,1461,1492
20,0,0,0,1990,1.17102495720564,0.07830015625,0.0588235294117647,1.17445335841685,0.585025398557059,0.0318275862068965,0.0686827722488342,0.679310092593163,3.68e-05,5281842,253125.638284732,0,0,2.02577239877577e-05,0.01721420632104,0,1430,20,1461,1492
20,0,0,0,1990,1.17313997092302,0.07830015625,0.0588235294117647,1.17369657463172,0.582900902427486,0.0318275862068965,0.0688072908227947,0.67773310094014,3.67999999999999e-05,5281842,253125.925169907,0,0,2.02577239877577e-05,0.01721420632104,0,1430,20,1461,1492
20,0,0,0,1990,1.17280822126633,0.07830015625,0.0588235294117647,1.1752697504234,0.582363681760961,0.0318275862068965,0.0687883811695928,0.676764776865141,3.68e-05,5281842,253125.708861371,0,0,2.02577239877577e-05,0.01721420632104,0,1430,20,1461,1492
20,0,0,0,1990,1.17306158849039,0.07830015625,0.0588235294117647,1.17050119252484,0.580787268009132,0.0318275862068965,0.0688020875145275,0.678287847915207,3.68e-05,5281842,253126.211368983,0,0,2.02577239877577e-05,0.01721420632104,0,1430,20,1461,1492
20,0.02,0,0,1990,1.15151626470395,0.70318140625,0.0588235294117647,1.1102858345578,0.513393285713236,0.0318275862068965,0.0675390580996468,0.657074861965804,3.68e-05,5281842,178126.67233725,0,0,2.02577239877577e-05,0.01721420632104,0,1430,20,1461,1492
