"spark_size","total_re_emergence_prob_1_year","total_re_emergence_prob_2_year","total_re_emergence_prob_3_year","spark_year","R_naught","sigma_P","gamma","phi","sigma_M","rho","Beta_0","delta","mu_H","N_0","I_0","R_0","C_0","r","omega","epsilon","t_stop_immigration","spark","spark_time_start","spark_time_end"
20,0,0,0,1990,1.17271846198704,0.0691424137931034,0.0588235294117647,1.16401004513563,0.580833558035301,0.0275012572399207,0.0687938213150666,0.643136054187166,3.68e-05,5281842,220312.054017956,0,0,2.02577239877577e-05,0.01721420632104,0,1430,20,1461,1492
20,0,0,0,1990,1.16908404967271,0.0691424137931034,0.0588235294117647,1.16690527464275,0.574871023594168,0.0278066375183729,0.0685794809832747,0.647266586688092,3.68000000000001e-05,5281842,220313.055666391,0,0,2.02577239877577e-05,0.01721420632104,0,1430,20,1461,1492
20,0,0,0,1990,1.17091124664462,0.0691424137931034,0.0588235294117647,1.16789709173244,0.576010415252127,0.0277215120014257,0.0686871847137997,0.646155051329033,3.68e-05,5281842,220313.362341065,0,0,2.02577239877577e-05,0.01721420632104,0,1430,20,1461,1492
20,0,0,0,1990,1.17303631818398,0.0691424137931034,0.0588235294117647,1.16625770727919,0.575437699572116,0.0278308734659501,0.0688124445475979,0.643942521713238,3.68e-05,5281842,220313.625886443,0,0,2.02577239877577e-05,0.01721420632104,0,1430,20,1461,1492
20,0,0,0,1990,1.19854329681662,0.103618620689655,0.0588235294117647,1.17776497272096,0.620743286991545,0.0378599055904253,0.070278134265912,0.73145296760107,3.68e-05,5281842,346875.727161455,0,0,2.02577239877577e-05,0.01721420632104,0,1430,20,1461,1492
20,0,0,0,1990,1.20845457460399,0.103618620689655,0.0588235294117647,1.18162433248768,0.609077422074279,0.034339598161289,0.0708701391529098,0.703491566917988,3.68e-05,5281842,346876.150360775,0,0,2.02577239877577e-05,0.01721420632104,0,1430,20,1461,1492
