"spark_size","total_re_emergence_prob_1_year","total_re_emergence_prob_2_year","total_re_emergence_prob_3_year","spark_year","R_naught","sigma_P","gamma","phi","sigma_M","rho","Beta_0","delta","mu_H","N_0","I_0","R_0","C_0","r","omega","epsilon","t_stop_immigration","spark","spark_time_start","spark_time_end"
20,0,0,0,1990,1.19204027789269,0.54696109375,0.0588235294117647,1.1267692956847,0.545386269377368,0.028257340460598,0.0699178900972632,0.656661258182686,3.67999999999999e-05,5281842,227586.827586207,0,0,2.02577239877577e-05,0.01721420632104,0,1430,20,1461,1492
20,0,0,0,1990,1.19003460926014,0.54696109375,0.0588235294117647,1.1330900092097,0.543031015686137,0.0289967833858473,0.0698001090483523,0.658993888475805,3.68e-05,5281842,227586.827586207,0,0,2.02577239877577e-05,0.01721420632104,0,1430,20,1461,1492
20,0,0,0,1990,1.19355671410825,0.54696109375,0.0588235294117647,1.12615998006021,0.541009440390298,0.0285106436495474,0.0700057572967284,0.659357661248994,3.68e-05,5281842,227586.827586207,0,0,2.02577239877577e-05,0.01721420632104,0,1430,20,1461,1492
20,0.04,0.01,0.01,1990,1.20355354106098,0.92188984375,0.0588235294117647,1.08237802148536,0.477422206766061,0.0293386301017251,0.0705861700209957,0.662234866165873,3.68e-05,5281842,227586.827586207,0,0,2.02577239877577e-05,0.01721420632104,0,1430,20,1461,1492
20,0.03,0,0.02,1990,1.21732505931436,0.92188984375,0.0588235294117647,1.07412032405468,0.464656750485174,0.0288780806082366,0.0713913579923508,0.666379815478391,3.68e-05,5281842,227586.827586207,0,0,2.02577239877577e-05,0.01721420632104,0,1430,20,1461,1492
20,0.02,0,0,1990,1.20707944283289,0.92188984375,0.0588235294117647,1.07407495424026,0.465915944776523,0.029006252898315,0.0707913479921665,0.664155451710274,3.68e-05,5281842,227586.827586207,0,0,2.02577239877577e-05,0.01721420632104,0,1430,20,1461,1492
