"spark_size","total_re_emergence_prob_1_year","total_re_emergence_prob_2_year","total_re_emergence_prob_3_year","spark_year","R_naught","sigma_P","gamma","phi","sigma_M","rho","Beta_0","delta","mu_H","N_0","I_0","R_0","C_0","r","omega","epsilon","t_stop_immigration","spark","spark_time_start","spark_time_end"
20,0,0,0,1990,1.16808215838734,0.070489140625,0.0588235294117647,1.16651494634974,0.620727586206897,0.0278188450384072,0.0685207705305559,0.646965279142071,3.68e-05,5281842,220313.283341401,0,0,2.02577239877577e-05,0.01721420632104,0,1430,20,1461,1492
20,0,0,0,1990,1.17038096834811,0.070489140625,0.0588235294117647,1.16393387231128,0.620727586206897,0.0279088984376736,0.0686551795825063,0.647333313802751,3.68e-05,5281842,220312.202187947,0,0,2.02577239877577e-05,0.01721420632104,0,1430,20,1461,1492
20,0,0,0,1990,1.15776459678894,0.17203234375,0.0588235294117647,1.14346943844326,0.655206896551724,0.0257346833689118,0.0679238474858224,0.616429246564416,3.68e-05,5281842,159375.758521137,0,0,2.02577239877577e-05,0.01721420632104,0,1430,20,1461,1492
20,0,0,0,1990,1.15860773690071,0.17203234375,0.0588235294117647,1.14280343149608,0.655206896551724,0.0258802974011153,0.0679727682187801,0.617741641675857,3.67999999999999e-05,5281842,159375.913577827,0,0,2.02577239877577e-05,0.01721420632104,0,1430,20,1461,1492
20,0,0,0,1990,1.15786234465125,0.17203234375,0.0588235294117647,1.13979533262466,0.655206896551724,0.0259211063324738,0.0679284592755873,0.618447503763695,3.68e-05,5281842,159376.260778892,0,0,2.02577239877577e-05,0.01721420632104,0,1430,20,1461,1492
20,0,0,0,1990,1.15893282983107,0.17203234375,0.0588235294117647,1.13930550051752,0.655206896551724,0.0257862948867927,0.0679918837124027,0.616577882308215,3.68e-05,5281842,159375.979713197,0,0,2.02577239877577e-05,0.01721420632104,0,1430,20,1461,1492
