"spark_size","total_re_emergence_prob_1_year","total_re_emergence_prob_2_year","total_re_emergence_prob_3_year","spark_year","R_naught","sigma_P","gamma","phi","sigma_M","rho","Beta_0","delta","mu_H","N_0","I_0","R_0","C_0","r","omega","epsilon","t_stop_immigration","spark","spark_time_start","spark_time_end"
20,0,0,0,1990,1.18077281098818,0.517333103448276,0.0588235294117647,1.09668691557741,0.53998555575326,0.0259402273835385,0.0692645437255463,0.627765438885291,3.68e-05,5281842,145313.625544422,0,0,2.02577239877577e-05,0.01721420632104,0,1430,20,1461,1492
20,0,0,0,1990,1.17924394949071,0.517333103448276,0.0588235294117647,1.09694449713515,0.532580674789769,0.0260987051142839,0.0691734281167872,0.631660628873547,3.68e-05,5281842,145311.973146812,0,0,2.02577239877577e-05,0.01721420632104,0,1430,20,1461,1492
20,0,0,0,1990,1.18045248794076,0.517333103448276,0.0588235294117647,1.09804984517906,0.543808475677957,0.0258882062986031,0.0692459605765897,0.627581298194572,3.68e-05,5281842,145314.31332654,0,0,2.02577239877577e-05,0.01721420632104,0,1430,20,1461,1492
20,0,0,0,1990,1.18658343737334,0.517333103448276,0.0588235294117647,1.13540868308524,0.545151218876108,0.0281471718380541,0.0695997405411339,0.654165261118041,3.68e-05,5281842,220312.525393379,0,0,2.02577239877577e-05,0.01721420632104,0,1430,20,1461,1492
20,0,0,0,1990,1.18943514993665,0.517333103448276,0.0588235294117647,1.12780012828564,0.54694973140698,0.0280012109223612,0.0697670588078032,0.651686690777435,3.68e-05,5281842,220312.584153963,0,0,2.02577239877577e-05,0.01721420632104,0,1430,20,1461,1492
20,0,0,0,1990,1.18549523467994,0.517333103448276,0.0588235294117647,1.13576605778512,0.546272496849574,0.0285618498554326,0.0695348709018395,0.657091243463287,3.68e-05,5281842,220313.892707325,0,0,2.02577239877577e-05,0.01721420632104,0,1430,20,1461,1492
