"spark_size","total_re_emergence_prob_1_year","total_re_emergence_prob_2_year","total_re_emergence_prob_3_year","spark_year","R_naught","sigma_P","gamma","phi","sigma_M","rho","Beta_0","delta","mu_H","N_0","I_0","R_0","C_0","r","omega","epsilon","t_stop_immigration","spark","spark_time_start","spark_time_end"
20,0,0,0,1990,1.16336399520113,0.04705609375,0.0588235294117647,1.15335364283088,0.59341346310196,0.0318034498008063,0.0682302277377598,0.680946176408556,3.67999999999999e-05,5281842,206897.206896552,0,0,2.02577239877577e-05,0.01721420632104,0,1430,20,1461,1492
20,0,0,0,1990,1.18923684116627,0.54696109375,0.0588235294117647,1.12216597221194,0.54077182769405,0.0276147070095981,0.069755166186237,0.650683392695709,3.68e-05,5281842,206897.206896552,0,0,2.02577239877577e-05,0.01721420632104,0,1430,20,1461,1492
20,0,0,0,1990,1.18360156339309,0.54696109375,0.0588235294117647,1.1244756709636,0.535134444536458,0.0280927958894907,0.0694258720974882,0.648022018661914,3.68e-05,5281842,206897.206896552,0,0,2.02577239877577e-05,0.01721420632104,0,1430,20,1461,1492
20,0.01,0,0,1990,1.1888843235241,0.54696109375,0.0588235294117647,1.12525205763416,0.542299956375258,0.0278047730032702,0.0697355363284647,0.648802310895919,3.68e-05,5281842,206897.206896552,0,0,2.02577239877577e-05,0.01721420632104,0,1430,20,1461,1492
20,0,0,0,1990,1.19425431051618,0.54696109375,0.0588235294117647,1.1198447501759,0.540565379119174,0.0278651907489675,0.07004809108602,0.653659557919888,3.68e-05,5281842,206897.206896552,0,0,2.02577239877577e-05,0.01721420632104,0,1430,20,1461,1492
20,0,0,0,1990,1.17989062515551,0.54696109375,0.0588235294117647,1.12632011662574,0.541481907485121,0.0281009747626731,0.0692075698271255,0.650286943092705,3.68000000000001e-05,5281842,206897.206896552,0,0,2.02577239877577e-05,0.01721420632104,0,1430,20,1461,1492
