"spark_size","total_re_emergence_prob_1_year","total_re_emergence_prob_2_year","total_re_emergence_prob_3_year","spark_year","R_naught","sigma_P","gamma","phi","sigma_M","rho","Beta_0","delta","mu_H","N_0","I_0","R_0","C_0","r","omega","epsilon","t_stop_immigration","spark","spark_time_start","spark_time_end"
20,0,0,0,1990,1.17240784828043,0.35949671875,0.0588235294117647,1.13025148061471,0.55503850372799,0.0259217841116282,0.0687765396261002,0.629993901267329,3.68e-05,5281842,165517.965517241,0,0,2.02577239877577e-05,0.01721420632104,0,1430,20,1461,1492
20,0,0,0,1990,1.17315139484162,0.35949671875,0.0588235294117647,1.12681713038367,0.559593648579015,0.026115815447166,0.0688205238365449,0.627985820614297,3.67999999999999e-05,5281842,165517.965517241,0,0,2.02577239877577e-05,0.01721420632104,0,1430,20,1461,1492
20,0,0,0,1990,1.16888173790593,0.35949671875,0.0588235294117647,1.12469529976581,0.563974310107547,0.0274554496348714,0.0685631266616394,0.646266808847575,3.68e-05,5281842,165517.965517241,0,0,2.02577239877577e-05,0.01721420632104,0,1430,20,1461,1492
20,0,0,0,1990,1.17340342063493,0.35949671875,0.0588235294117647,1.12391240143412,0.556514222394392,0.0262878279724034,0.0688349020635442,0.628243016079092,3.67999999999999e-05,5281842,165517.965517241,0,0,2.02577239877577e-05,0.01721420632104,0,1430,20,1461,1492
20,0,0,0,1990,1.16920341018371,0.35949671875,0.0588235294117647,1.13078245936569,0.561703328027874,0.0260389575641288,0.0685890670567691,0.628761182269214,3.68e-05,5281842,165517.965517241,0,0,2.02577239877577e-05,0.01721420632104,0,1430,20,1461,1492
20,0,0,0,1990,1.16224719345961,0.23452046875,0.0588235294117647,1.14199495386439,0.570287591128319,0.025959999394835,0.0681856477642285,0.619266126790791,3.67999999999999e-05,5281842,165517.965517241,0,0,2.02577239877577e-05,0.01721420632104,0,1430,20,1461,1492
