"spark_size","total_re_emergence_prob_1_year","total_re_emergence_prob_2_year","total_re_emergence_prob_3_year","spark_year","R_naught","sigma_P","gamma","phi","sigma_M","rho","Beta_0","delta","mu_H","N_0","I_0","R_0","C_0","r","omega","epsilon","t_stop_immigration","spark","spark_time_start","spark_time_end"
20,0,0,0,1990,1.17812140995618,0.517333103448276,0.0588235294117647,1.10127676315374,0.535981273724123,0.0262879955284094,0.0691077604501907,0.632365722575824,3.68e-05,5281842,159375.175669281,0,0,2.02577239877577e-05,0.01721420632104,0,1430,20,1461,1492
20,0,0,0,1990,1.17762055536046,0.517333103448276,0.0588235294117647,1.10905608704183,0.541897276717902,0.0264714240357372,0.0690797422577431,0.630873377446741,3.68e-05,5281842,159377.898683198,0,0,2.02577239877577e-05,0.01721420632104,0,1430,20,1461,1492
20,0,0,0,1990,1.17697664820672,0.517333103448276,0.0588235294117647,1.10465343580574,0.540259299257272,0.0264033482135149,0.0690414687812564,0.630993286578478,3.68e-05,5281842,159376.50940818,0,0,2.02577239877577e-05,0.01721420632104,0,1430,20,1461,1492
20,0,0,0,1990,1.18129516242717,0.517333103448276,0.0588235294117647,1.11082632924725,0.544855471405269,0.0263395811208372,0.0692945362902894,0.63341079608024,3.68e-05,5281842,159375.925827742,0,0,2.02577239877577e-05,0.01721420632104,0,1430,20,1461,1492
20,0,0,0,1990,1.17537703381779,0.517333103448276,0.0588235294117647,1.11073510668987,0.538896519361594,0.0264122892643945,0.0689471085493005,0.634117083183824,3.68000000000001e-05,5281842,159375.791222184,0,0,2.02577239877577e-05,0.01721420632104,0,1430,20,1461,1492
20,0,0,0,1990,1.18522271272128,0.517333103448276,0.0588235294117647,1.13339051838257,0.542997339638841,0.0283474298526791,0.0695186932102401,0.656870547674575,3.68e-05,5281842,215623.047939928,0,0,2.02577239877577e-05,0.01721420632104,0,1430,20,1461,1492
