"spark_size","total_re_emergence_prob_1_year","total_re_emergence_prob_2_year","total_re_emergence_prob_3_year","spark_year","R_naught","sigma_P","gamma","phi","sigma_M","rho","Beta_0","delta","mu_H","N_0","I_0","R_0","C_0","r","omega","epsilon","t_stop_immigration","spark","spark_time_start","spark_time_end"
20,0,0,0,1990,1.2004248138724,0.379428275862069,0.0588235294117647,1.16335706508453,0.575223740021955,0.0307047959434375,0.0704068469531646,0.676173278277412,3.68e-05,5281842,290625.802920408,0,0,2.02577239877577e-05,0.01721420632104,0,1430,20,1461,1492
20,0,0,0,1990,1.19645028700638,0.379428275862069,0.0588235294117647,1.16230656645671,0.574009474558303,0.0309550423785218,0.0701729112606111,0.678046437849123,3.68e-05,5281842,290625.531372043,0,0,2.02577239877577e-05,0.01721420632104,0,1430,20,1461,1492
20,0,0,0,1990,1.16795567081943,0.379428275862069,0.0588235294117647,1.11667090998318,0.568055358823395,0.0258553951773855,0.0685170018557101,0.621593290783284,3.67999999999999e-05,5281842,140626.24887845,0,0,2.02577239877577e-05,0.01721420632104,0,1430,20,1461,1492
20,0,0,0,1990,1.16361486772946,0.379428275862069,0.0588235294117647,1.10770603244795,0.565377655238961,0.027821979714601,0.0682534800599821,0.64323206806678,3.68e-05,5281842,140625.489547871,0,0,2.02577239877577e-05,0.01721420632104,0,1430,20,1461,1492
20,0,0,0,1990,1.16683284691686,0.379428275862069,0.0588235294117647,1.10822446231721,0.563732514289466,0.0263489126505213,0.0684480575257033,0.627582636904048,3.68e-05,5281842,140624.747378299,0,0,2.02577239877577e-05,0.01721420632104,0,1430,20,1461,1492
20,0,0,0,1990,1.18962686845774,0.379428275862069,0.0588235294117647,1.15696895514626,0.567622478989812,0.0292125411179009,0.0697775781222227,0.662957887597019,3.67999999999999e-05,5281842,253124.522321724,0,0,2.02577239877577e-05,0.01721420632104,0,1430,20,1461,1492
