"spark_size","total_re_emergence_prob_1_year","total_re_emergence_prob_2_year","total_re_emergence_prob_3_year","spark_year","R_naught","sigma_P","gamma","phi","sigma_M","rho","Beta_0","delta","mu_H","N_0","I_0","R_0","C_0","r","omega","epsilon","t_stop_immigration","spark","spark_time_start","spark_time_end"
20,0,0,0,1990,1.17712767884065,0.17203234375,0.0588235294117647,1.15954467712066,0.573001392807975,0.0279444358040762,0.0690479687364198,0.654090004025285,3.68e-05,5281842,227586.827586207,0,0,2.02577239877577e-05,0.01721420632104,0,1430,20,1461,1492
20,0,0,0,1990,1.17402776003748,0.17203234375,0.0588235294117647,1.16113817917616,0.573283644921593,0.0279561788485242,0.0688671793004721,0.651727845679822,3.68e-05,5281842,227586.827586207,0,0,2.02577239877577e-05,0.01721420632104,0,1430,20,1461,1492
20,0,0,0,1990,1.17361588058245,0.17203234375,0.0588235294117647,1.16280648920378,0.574199010773204,0.0278624693581428,0.0688445829233726,0.64795219295669,3.68e-05,5281842,227586.827586207,0,0,2.02577239877577e-05,0.01721420632104,0,1430,20,1461,1492
20,0,0,0,1990,1.17309326170751,0.17203234375,0.0588235294117647,1.16377932565599,0.579835776439818,0.0284998955259804,0.0688118472821718,0.654035386750774,3.68000000000001e-05,5281842,227586.827586207,0,0,2.02577239877577e-05,0.01721420632104,0,1430,20,1461,1492
20,0,0,0,1990,1.17464941334665,0.17203234375,0.0588235294117647,1.16502529590119,0.568918169985575,0.0281318297023929,0.0689050534843512,0.649123128421768,3.68e-05,5281842,227586.827586207,0,0,2.02577239877577e-05,0.01721420632104,0,1430,20,1461,1492
20,0,0,0,1990,1.17554691311108,0.26576453125,0.0588235294117647,1.15563120694563,0.572736625330319,0.0284575751863121,0.0689543163396631,0.655355762969683,3.68e-05,5281842,227586.827586207,0,0,2.02577239877577e-05,0.01721420632104,0,1430,20,1461,1492
