"spark_size","total_re_emergence_prob_1_year","total_re_emergence_prob_2_year","total_re_emergence_prob_3_year","spark_year","R_naught","sigma_P","gamma","phi","sigma_M","rho","Beta_0","delta","mu_H","N_0","I_0","R_0","C_0","r","omega","epsilon","t_stop_immigration","spark","spark_time_start","spark_time_end"
20,0,0,0,1990,1.17131432969466,0.241523448275862,0.0588235294117647,1.1500904411298,0.576752057197374,0.0303286865185268,0.0686989744252527,0.673040740283268,3.68e-05,5281842,215628.055112072,0,0,2.02577239877577e-05,0.01721420632104,0,1430,20,1461,1492
20,0,0,0,1990,1.16675352807797,0.241523448275862,0.0588235294117647,1.15251793044258,0.576806655206382,0.0314260900878198,0.0684295536691978,0.679185478014812,3.68e-05,5281842,215626.360297089,0,0,2.02577239877577e-05,0.01721420632104,0,1430,20,1461,1492
20,0,0,0,1990,1.17017888688778,0.241523448275862,0.0588235294117647,1.15692280685968,0.571554105439763,0.0292747774543806,0.0686374195175858,0.661383615795988,3.68e-05,5281842,215626.494073273,0,0,2.02577239877577e-05,0.01721420632104,0,1430,20,1461,1492
20,0,0,0,1990,1.19194238208075,0.241523448275862,0.0588235294117647,1.17364894286615,0.587190388470255,0.0309304994311839,0.0699105175496162,0.676555879350961,3.67999999999999e-05,5281842,290626.879462855,0,0,2.02577239877577e-05,0.01721420632104,0,1430,20,1461,1492
20,0,0,0,1990,1.19156570030738,0.241523448275862,0.0588235294117647,1.17830991229494,0.583198954999865,0.0312801130419127,0.0698882987033102,0.678566793629577,3.68e-05,5281842,290625.578754943,0,0,2.02577239877577e-05,0.01721420632104,0,1430,20,1461,1492
20,0,0,0,1990,1.18982493135177,0.241523448275862,0.0588235294117647,1.17217383733281,0.584278682100007,0.031062778795901,0.0697859171626498,0.677148935759909,3.68e-05,5281842,290625.671597486,0,0,2.02577239877577e-05,0.01721420632104,0,1430,20,1461,1492
