"spark_size","total_re_emergence_prob_1_year","total_re_emergence_prob_2_year","total_re_emergence_prob_3_year","spark_year","R_naught","sigma_P","gamma","phi","sigma_M","rho","Beta_0","delta","mu_H","N_0","I_0","R_0","C_0","r","omega","epsilon","t_stop_immigration","spark","spark_time_start","spark_time_end"
20,0,0,0,1990,1.15775818405776,0.0691424137931034,0.0588235294117647,1.14658342250898,0.586680740373164,0.0261495668173427,0.0679218507377557,0.62187815012172,3.68e-05,5281842,159376.365900277,0,0,2.02577239877577e-05,0.01721420632104,0,1430,20,1461,1492
20,0,0,0,1990,1.15985480368798,0.0691424137931034,0.0588235294117647,1.14075620013727,0.583798175530518,0.0256536650155978,0.0680462198711298,0.616327863179193,3.67999999999999e-05,5281842,159376.701891883,0,0,2.02577239877577e-05,0.01721420632104,0,1430,20,1461,1492
20,0,0,0,1990,1.15898884080688,0.0691424137931034,0.0588235294117647,1.14786531469911,0.580896628120809,0.025692447791272,0.0679953731682639,0.61858710536852,3.68e-05,5281842,159375.772076499,0,0,2.02577239877577e-05,0.01721420632104,0,1430,20,1461,1492
20,0,0,0,1990,1.16967930146417,0.0691424137931034,0.0588235294117647,1.15835742209498,0.579503383139772,0.0276768150282948,0.0686138568885362,0.64594968494632,3.68e-05,5281842,215624.65399251,0,0,2.02577239877577e-05,0.01721420632104,0,1430,20,1461,1492
20,0,0,0,1990,1.19029433135663,0.0691424137931034,0.0588235294117647,1.1767813081999,0.58835298527807,0.0306281497731501,0.0698150005359741,0.674522490278955,3.68e-05,5281842,290626.567330854,0,0,2.02577239877577e-05,0.01721420632104,0,1430,20,1461,1492
20,0,0,0,1990,1.1905075276137,0.0691424137931034,0.0588235294117647,1.17753371497167,0.591509044906734,0.0306280450193879,0.0698278043043015,0.673968427658594,3.68e-05,5281842,290624.703700773,0,0,2.02577239877577e-05,0.01721420632104,0,1430,20,1461,1492
