"spark_size","total_re_emergence_prob_1_year","total_re_emergence_prob_2_year","total_re_emergence_prob_3_year","spark_year","R_naught","sigma_P","gamma","phi","sigma_M","rho","Beta_0","delta","mu_H","N_0","I_0","R_0","C_0","r","omega","epsilon","t_stop_immigration","spark","spark_time_start","spark_time_end"
20,0,0,0,1990,1.18934528900038,0.29700859375,0.0588235294117647,1.16123015050061,0.57804393599431,0.0300051254769303,0.0697586899909921,0.670866213822838,3.67999999999999e-05,5281842,268966.068965517,0,0,2.02577239877577e-05,0.01721420632104,0,1430,20,1461,1492
20,0,0,0,1990,1.19051917128558,0.29700859375,0.0588235294117647,1.15626318515917,0.57710983003477,0.0299059786562852,0.0698266024540436,0.671738665413912,3.68e-05,5281842,268966.068965517,0,0,2.02577239877577e-05,0.01721420632104,0,1430,20,1461,1492
20,0,0,0,1990,1.18069090000073,0.04705609375,0.0588235294117647,1.17267449821324,0.588470344825434,0.0302765378250339,0.0692510045349576,0.67506049551003,3.68e-05,5281842,268966.068965517,0,0,2.02577239877577e-05,0.01721420632104,0,1430,20,1461,1492
20,0,0,0,1990,1.19728316463882,0.54696109375,0.0588235294117647,1.14213873874054,0.555816772633773,0.0302631060316834,0.0702228219786451,0.668422650035927,3.68e-05,5281842,268966.068965517,0,0,2.02577239877577e-05,0.01721420632104,0,1430,20,1461,1492
20,0,0,0,1990,1.20029782507825,0.54696109375,0.0588235294117647,1.14120125093835,0.55663397602822,0.0296358855447573,0.0704000036755456,0.66713752047999,3.68e-05,5281842,268966.068965517,0,0,2.02577239877577e-05,0.01721420632104,0,1430,20,1461,1492
20,0,0,0,1990,1.19491925902529,0.54696109375,0.0588235294117647,1.1454827983994,0.557485344755363,0.0299524839166579,0.0700851344067399,0.666924465731033,3.68e-05,5281842,268966.068965517,0,0,2.02577239877577e-05,0.01721420632104,0,1430,20,1461,1492
