"spark_size","total_re_emergence_prob_1_year","total_re_emergence_prob_2_year","total_re_emergence_prob_3_year","spark_year","R_naught","sigma_P","gamma","phi","sigma_M","rho","Beta_0","delta","mu_H","N_0","I_0","R_0","C_0","r","omega","epsilon","t_stop_immigration","spark","spark_time_start","spark_time_end"
20,0,0,0,1990,1.19609116509586,0.48447296875,0.0588235294117647,1.1493155889799,0.586248275862069,0.0301170829631256,0.0701530419111703,0.670416654714086,3.68e-05,5281842,271875.795662188,0,0,2.02577239877577e-05,0.01721420632104,0,1430,20,1461,1492
20,0,0,0,1990,1.19836457713589,0.48447296875,0.0588235294117647,1.15151745849076,0.586248275862069,0.0298101997810804,0.0702882645645884,0.666071234209774,3.68e-05,5281842,271875.25248675,0,0,2.02577239877577e-05,0.01721420632104,0,1430,20,1461,1492
20,0,0,0,1990,1.16218463329899,0.17203234375,0.0588235294117647,1.13696455080718,0.586248275862069,0.0257604776408889,0.0681821479942432,0.617296579318058,3.68e-05,5281842,159376.5984869,0,0,2.02577239877577e-05,0.01721420632104,0,1430,20,1461,1492
20,0,0,0,1990,1.15987981932055,0.17203234375,0.0588235294117647,1.14230661901223,0.586248275862069,0.0261388514611554,0.0680454928527032,0.622875046092967,3.68e-05,5281842,159375.14534429,0,0,2.02577239877577e-05,0.01721420632104,0,1430,20,1461,1492
20,0,0,0,1990,1.1642801493778,0.17203234375,0.0588235294117647,1.1358571233622,0.586248275862069,0.0254658034378144,0.0683052548425289,0.616505301590923,3.68e-05,5281842,159375.580647544,0,0,2.02577239877577e-05,0.01721420632104,0,1430,20,1461,1492
20,0,0,0,1990,1.16356039576154,0.17203234375,0.0588235294117647,1.13978250033629,0.586248275862069,0.0259231488424216,0.0682612633511083,0.622540422930103,3.68e-05,5281842,159376.352407789,0,0,2.02577239877577e-05,0.01721420632104,0,1430,20,1461,1492
