"spark_size","total_re_emergence_prob_1_year","total_re_emergence_prob_2_year","total_re_emergence_prob_3_year","spark_year","R_naught","sigma_P","gamma","phi","sigma_M","rho","Beta_0","delta","mu_H","N_0","I_0","R_0","C_0","r","omega","epsilon","t_stop_immigration","spark","spark_time_start","spark_time_end"
20,0,0,0,1990,1.17086809102536,0.23452046875,0.0588235294117647,1.15204182631563,0.568671182563949,0.0276838774640302,0.0686829401044573,0.645706265877412,3.67999999999999e-05,5281842,206897.206896552,0,0,2.02577239877577e-05,0.01721420632104,0,1430,20,1461,1492
20,0.01,0,0,1990,1.19747039077065,0.73442546875,0.0588235294117647,1.10008220430595,0.515049973317586,0.0285719915321291,0.0702326188074289,0.658750934919079,3.68e-05,5281842,206897.206896552,0,0,2.02577239877577e-05,0.01721420632104,0,1430,20,1461,1492
20,0.02,0,0,1990,1.19441963063098,0.73442546875,0.0588235294117647,1.10544528771855,0.521229487060835,0.0281429674892472,0.070057618437257,0.649893759319629,3.68e-05,5281842,206897.206896552,0,0,2.02577239877577e-05,0.01721420632104,0,1430,20,1461,1492
20,0,0,0,1990,1.19731524497495,0.73442546875,0.0588235294117647,1.09980885739523,0.519398073636206,0.0280228961461251,0.0702261750392041,0.651675020536227,3.68e-05,5281842,206897.206896552,0,0,2.02577239877577e-05,0.01721420632104,0,1430,20,1461,1492
20,0,0,0,1990,1.19630589212075,0.73442546875,0.0588235294117647,1.10234293216375,0.515292185921986,0.0278458587251212,0.070167387948349,0.651299990050312,3.68e-05,5281842,206897.206896552,0,0,2.02577239877577e-05,0.01721420632104,0,1430,20,1461,1492
20,0,0,0,1990,1.19904280843661,0.73442546875,0.0588235294117647,1.10328838055679,0.522398070354072,0.0282692678864463,0.0703264728413803,0.655375906327335,3.68000000000001e-05,5281842,206897.206896552,0,0,2.02577239877577e-05,0.01721420632104,0,1430,20,1461,1492
