"spark_size","total_re_emergence_prob_1_year","total_re_emergence_prob_2_year","total_re_emergence_prob_3_year","spark_year","R_naught","sigma_P","gamma","phi","sigma_M","rho","Beta_0","delta","mu_H","N_0","I_0","R_0","C_0","r","omega","epsilon","t_stop_immigration","spark","spark_time_start","spark_time_end"
20,0,0,0,1990,1.17127678230592,0.070489140625,0.0588235294117647,1.16531971279129,0.517289655172414,0.0278044407182805,0.0687080818702718,0.646812363306256,3.68000000000001e-05,5281842,220313.728464983,0,0,2.02577239877577e-05,0.01721420632104,0,1430,20,1461,1492
20,0,0,0,1990,1.17242575788248,0.070489140625,0.0588235294117647,1.16300467718644,0.517289655172414,0.027634377067785,0.0687749713800431,0.647459788075914,3.68e-05,5281842,220313.270354404,0,0,2.02577239877577e-05,0.01721420632104,0,1430,20,1461,1492
20,0,0,0,1990,1.19342688249476,0.48447296875,0.0588235294117647,1.14975137942621,0.551768965517241,0.0304212293455326,0.0699966032673697,0.671030114146335,3.68e-05,5281842,271875.499742132,0,0,2.02577239877577e-05,0.01721420632104,0,1430,20,1461,1492
20,0,0,0,1990,1.20015517705885,0.48447296875,0.0588235294117647,1.15018292707104,0.551768965517241,0.0297796247940167,0.0703920751773053,0.668898189315266,3.68e-05,5281842,271875.772451515,0,0,2.02577239877577e-05,0.01721420632104,0,1430,20,1461,1492
20,0,0,0,1990,1.19616370630698,0.48447296875,0.0588235294117647,1.15159604187855,0.551768965517241,0.0299815345262772,0.0701579021555786,0.66953837263309,3.68e-05,5281842,271874.361691165,0,0,2.02577239877577e-05,0.01721420632104,0,1430,20,1461,1492
20,0,0,0,1990,1.19382831492278,0.48447296875,0.0588235294117647,1.14766195002814,0.551768965517241,0.0303675129977365,0.0700201758048405,0.67026375125978,3.68e-05,5281842,271875.681508782,0,0,2.02577239877577e-05,0.01721420632104,0,1430,20,1461,1492
