"spark_size","total_re_emergence_prob_1_year","total_re_emergence_prob_2_year","total_re_emergence_prob_3_year","spark_year","R_naught","sigma_P","gamma","phi","sigma_M","rho","Beta_0","delta","mu_H","N_0","I_0","R_0","C_0","r","omega","epsilon","t_stop_immigration","spark","spark_time_start","spark_time_end"
20,0,0,0,1990,1.17948449593387,0.413904482758621,0.0588235294117647,1.13922415387337,0.55615803615499,0.0282417495707527,0.0691836769197924,0.654466639369689,3.68000000000001e-05,5281842,215625.046809852,0,0,2.02577239877577e-05,0.01721420632104,0,1430,20,1461,1492
20,0,0,0,1990,1.18357574698061,0.413904482758621,0.0588235294117647,1.1392104146217,0.557183254217915,0.0278210872337104,0.0694262273793578,0.647475701982253,3.68e-05,5281842,215626.941143677,0,0,2.02577239877577e-05,0.01721420632104,0,1430,20,1461,1492
20,0,0,0,1990,1.19847500833345,0.413904482758621,0.0588235294117647,1.16055511502142,0.576723758075722,0.0305496163527242,0.0702930074238106,0.673800247322892,3.68000000000001e-05,5281842,290624.925582469,0,0,2.02577239877577e-05,0.01721420632104,0,1430,20,1461,1492
20,0,0,0,1990,1.20088219829689,0.413904482758621,0.0588235294117647,1.15522465805852,0.575354651398279,0.0306835430270319,0.0704334513698322,0.673992234903812,3.68e-05,5281842,290625.56155778,0,0,2.02577239877577e-05,0.01721420632104,0,1430,20,1461,1492
20,0,0,0,1990,1.19530241790111,0.413904482758621,0.0588235294117647,1.16436310176503,0.57205227320115,0.0307972786499463,0.0701073081968097,0.674078061701501,3.68e-05,5281842,290625.305623346,0,0,2.02577239877577e-05,0.01721420632104,0,1430,20,1461,1492
20,0,0,0,1990,1.19762450992907,0.413904482758621,0.0588235294117647,1.16151547731964,0.572005918095911,0.0309531601004067,0.0702425952175626,0.675563468261318,3.68000000000001e-05,5281842,290624.69297721,0,0,2.02577239877577e-05,0.01721420632104,0,1430,20,1461,1492
