"spark_size","total_re_emergence_prob_1_year","total_re_emergence_prob_2_year","total_re_emergence_prob_3_year","spark_year","R_naught","sigma_P","gamma","phi","sigma_M","rho","Beta_0","delta","mu_H","N_0","I_0","R_0","C_0","r","omega","epsilon","t_stop_immigration","spark","spark_time_start","spark_time_end"
20,0,0,0,1990,1.18183605481621,0.070489140625,0.0588235294117647,1.1770123853666,0.585609610539032,0.0295048112974531,0.0693224883293682,0.664643718471449,3.68e-05,5281842,268966.068965517,0,0,2.02577239877577e-05,0.01721420632104,0,1430,20,1461,1492
20,0,0,0,1990,1.18269992854743,0.070489140625,0.0588235294117647,1.17604544309887,0.585428629148811,0.0293983702925649,0.0693725027128312,0.666123379930089,3.67999999999999e-05,5281842,268966.068965517,0,0,2.02577239877577e-05,0.01721420632104,0,1430,20,1461,1492
20,0,0,0,1990,1.18813756892733,0.10954421875,0.0588235294117647,1.17674257807893,0.589988363950628,0.0306701994473512,0.0696883704246976,0.674862225171085,3.68e-05,5281842,289655.689655172,0,0,2.02577239877577e-05,0.01721420632104,0,1430,20,1461,1492
20,0,0,0,1990,1.18886380929883,0.10954421875,0.0588235294117647,1.17676054502989,0.584988688404532,0.0308753376335392,0.0697310020585683,0.674771903532294,3.67999999999999e-05,5281842,289655.689655172,0,0,2.02577239877577e-05,0.01721420632104,0,1430,20,1461,1492
20,0,0,0,1990,1.18902443224638,0.10954421875,0.0588235294117647,1.17866461845437,0.587653749574634,0.0306233622583899,0.0697400487555295,0.676484856897254,3.68e-05,5281842,289655.689655172,0,0,2.02577239877577e-05,0.01721420632104,0,1430,20,1461,1492
20,0,0,0,1990,1.19020444723048,0.10954421875,0.0588235294117647,1.1733595497177,0.585073323492919,0.0304712467415946,0.0698086736127803,0.676204834298447,3.67999999999999e-05,5281842,289655.689655172,0,0,2.02577239877577e-05,0.01721420632104,0,1430,20,1461,1492
