"spark_size","total_re_emergence_prob_1_year","total_re_emergence_prob_2_year","total_re_emergence_prob_3_year","spark_year","R_naught","sigma_P","gamma","phi","sigma_M","rho","Beta_0","delta","mu_H","N_0","I_0","R_0","C_0","r","omega","epsilon","t_stop_immigration","spark","spark_time_start","spark_time_end"
20,0.03,0,0,1990,1.16066580899719,0.689714137931035,0.0588235294117647,1.09917599527367,0.522403397124449,0.0318299827632848,0.0680692751722835,0.671333091555772,3.68e-05,5281842,178125.40893293,0,0,2.02577239877577e-05,0.01721420632104,0,1430,20,1461,1492
20,0.01,0,0,1990,1.19068449084345,0.689714137931035,0.0588235294117647,1.07701546176679,0.510133085642688,0.0268645729586388,0.0698391957415946,0.640383650150191,3.67999999999999e-05,5281842,145312.958409986,0,0,2.02577239877577e-05,0.01721420632104,0,1430,20,1461,1492
20,0.02,0,0,1990,1.19582650990878,0.689714137931035,0.0588235294117647,1.07827224290074,0.515918285803086,0.0260202551559998,0.0701428150321182,0.635441964227343,3.68e-05,5281842,145313.189439147,0,0,2.02577239877577e-05,0.01721420632104,0,1430,20,1461,1492
20,0,0,0,1990,1.19479708947371,0.689714137931035,0.0588235294117647,1.07428318421599,0.508775976811315,0.0263017800963413,0.0700796399863717,0.641709221789541,3.68e-05,5281842,145312.207752169,0,0,2.02577239877577e-05,0.01721420632104,0,1430,20,1461,1492
20,0.01,0,0,1990,1.1917991708233,0.689714137931035,0.0588235294117647,1.07892950253783,0.502860562339699,0.026292833682435,0.0699049142350029,0.639999056993712,3.68e-05,5281842,145313.485822258,0,0,2.02577239877577e-05,0.01721420632104,0,1430,20,1461,1492
20,0,0,0,1990,1.18935256061557,0.689714137931035,0.0588235294117647,1.08033826241068,0.509853266409507,0.0267167952212385,0.0697605554192087,0.642612968780262,3.68e-05,5281842,145312.873299486,0,0,2.02577239877577e-05,0.01721420632104,0,1430,20,1461,1492
