"spark_size","total_re_emergence_prob_1_year","total_re_emergence_prob_2_year","total_re_emergence_prob_3_year","spark_year","R_naught","sigma_P","gamma","phi","sigma_M","rho","Beta_0","delta","mu_H","N_0","I_0","R_0","C_0","r","omega","epsilon","t_stop_immigration","spark","spark_time_start","spark_time_end"
20,0,0,0,1990,1.15792444432798,0.070489140625,0.0588235294117647,1.16550923277957,0.600538022750914,0.0369655172413793,0.0679056459331831,0.700775769781972,3.68e-05,5281842,220313.375237457,0,0,2.02577239877577e-05,0.01721420632104,0,1430,20,1461,1492
20,0,0,0,1990,1.16171040181311,0.070489140625,0.0588235294117647,1.16104693476819,0.598572492383941,0.0369655172413793,0.0681262471634931,0.703158333400656,3.68e-05,5281842,220312.943731872,0,0,2.02577239877577e-05,0.01721420632104,0,1430,20,1461,1492
20,0,0,0,1990,1.15771794999526,0.070489140625,0.0588235294117647,1.16264381350334,0.600154961603432,0.0369655172413793,0.06789280591318,0.701798069299919,3.68e-05,5281842,220312.307467897,0,0,2.02577239877577e-05,0.01721420632104,0,1430,20,1461,1492
20,0,0,0,1990,1.15575847152292,0.070489140625,0.0588235294117647,1.16327472248755,0.606201002816489,0.0369655172413793,0.0677777903521205,0.7023186883382,3.68e-05,5281842,220313.078527907,0,0,2.02577239877577e-05,0.01721420632104,0,1430,20,1461,1492
20,0,0,0,1990,1.1582487955411,0.070489140625,0.0588235294117647,1.1598970124345,0.600877954800403,0.0369655172413793,0.0679235005116053,0.702039972885629,3.68e-05,5281842,220313.590135611,0,0,2.02577239877577e-05,0.01721420632104,0,1430,20,1461,1492
20,0.03,0,0,1990,1.16943685318592,0.85940171875,0.0588235294117647,1.08906988404758,0.48483632508243,0.0318275862068965,0.0685850376381077,0.664763926475244,3.68e-05,5281842,196876.143685346,0,0,2.02577239877577e-05,0.01721420632104,0,1430,20,1461,1492
