"spark_size","total_re_emergence_prob_1_year","total_re_emergence_prob_2_year","total_re_emergence_prob_3_year","spark_year","R_naught","sigma_P","gamma","phi","sigma_M","rho","Beta_0","delta","mu_H","N_0","I_0","R_0","C_0","r","omega","epsilon","t_stop_immigration","spark","spark_time_start","spark_time_end"
20,0,0,0,1990,1.1852836949148,0.195465390625,0.0588235294117647,1.17349063909166,0.575095379199084,0.0298946083197057,0.0695233016795835,0.667308977947177,3.68e-05,5281842,268966.068965517,0,0,2.02577239877577e-05,0.01721420632104,0,1430,20,1461,1492
20,0,0,0,1990,1.18557278762316,0.195465390625,0.0588235294117647,1.17473394430463,0.581165463793017,0.0300210858803113,0.069539036047546,0.671116727131286,3.68000000000001e-05,5281842,268966.068965517,0,0,2.02577239877577e-05,0.01721420632104,0,1430,20,1461,1492
20,0,0,0,1990,1.19135209474333,0.320441640625,0.0588235294117647,1.1618612316855,0.576326369272917,0.0300110104783122,0.0698774492675868,0.668207763682063,3.68e-05,5281842,268966.068965517,0,0,2.02577239877577e-05,0.01721420632104,0,1430,20,1461,1492
20,0,0,0,1990,1.18509873536223,0.070489140625,0.0588235294117647,1.17029248104159,0.580605238169745,0.0295420919038877,0.0695121087617366,0.667142081845205,3.67999999999999e-05,5281842,268966.068965517,0,0,2.02577239877577e-05,0.01721420632104,0,1430,20,1461,1492
20,0,0,0,1990,1.18475540294216,0.070489140625,0.0588235294117647,1.17414267797543,0.58208123338993,0.0294356985678334,0.0694933108939363,0.66478819685445,3.67999999999999e-05,5281842,268966.068965517,0,0,2.02577239877577e-05,0.01721420632104,0,1430,20,1461,1492
20,0,0,0,1990,1.18294351809028,0.070489140625,0.0588235294117647,1.17497181517938,0.586479271185568,0.0297622071157981,0.0693863365806638,0.667002051524131,3.68e-05,5281842,268966.068965517,0,0,2.02577239877577e-05,0.01721420632104,0,1430,20,1461,1492
