"spark_size","total_re_emergence_prob_1_year","total_re_emergence_prob_2_year","total_re_emergence_prob_3_year","spark_year","R_naught","sigma_P","gamma","phi","sigma_M","rho","Beta_0","delta","mu_H","N_0","I_0","R_0","C_0","r","omega","epsilon","t_stop_immigration","spark","spark_time_start","spark_time_end"
20,0,0,0,1990,1.18897474790333,0.241523448275862,0.0588235294117647,1.17355541392295,0.582974298189742,0.0307125678336009,0.0697363769773753,0.67674566106465,3.67999999999999e-05,5281842,290626.754002337,0,0,2.02577239877577e-05,0.01721420632104,0,1430,20,1461,1492
20,0,0,0,1990,1.19047736007107,0.241523448275862,0.0588235294117647,1.17462840457676,0.582585302353718,0.0306211719345195,0.0698255152410327,0.674363113458185,3.68e-05,5281842,290623.76875799,0,0,2.02577239877577e-05,0.01721420632104,0,1430,20,1461,1492
20,0,0,0,1990,1.16256066632931,0.241523448275862,0.0588235294117647,1.12469332681687,0.572625435328979,0.0256888553723132,0.0682032415429347,0.616390502051235,3.68e-05,5281842,140625.150430364,0,0,2.02577239877577e-05,0.01721420632104,0,1430,20,1461,1492
20,0,0,0,1990,1.16097438847971,0.241523448275862,0.0588235294117647,1.1229836760887,0.578663911911944,0.0252511712944711,0.0681108187855653,0.61415089988951,3.68e-05,5281842,140624.767023482,0,0,2.02577239877577e-05,0.01721420632104,0,1430,20,1461,1492
20,0,0,0,1990,1.18117784398873,0.241523448275862,0.0588235294117647,1.16526418929873,0.5804855360703,0.0293327046027678,0.069283646418368,0.661227619987571,3.68000000000001e-05,5281842,253126.068634807,0,0,2.02577239877577e-05,0.01721420632104,0,1430,20,1461,1492
20,0,0,0,1990,1.18260151914366,0.241523448275862,0.0588235294117647,1.16490070231624,0.574712643640295,0.0290953894797638,0.0693663540797296,0.663304884404318,3.68e-05,5281842,253125.949050946,0,0,2.02577239877577e-05,0.01721420632104,0,1430,20,1461,1492
