"spark_size","total_re_emergence_prob_1_year","total_re_emergence_prob_2_year","total_re_emergence_prob_3_year","spark_year","R_naught","sigma_P","gamma","phi","sigma_M","rho","Beta_0","delta","mu_H","N_0","I_0","R_0","C_0","r","omega","epsilon","t_stop_immigration","spark","spark_time_start","spark_time_end"
20,0,0,0,1990,1.15738012255592,0.00019,0.0588235294117647,1.13765344079596,0.590913750259326,0.0255973437622875,0.0679020257908951,0.612663001885454,3.68000000000001e-05,5281842,145312.888533926,0,0,2.02577239877577e-05,0.01721420632104,0,1430,20,1461,1492
20,0,0,0,1990,1.19029106581726,0.00019,0.0588235294117647,1.18230346046203,0.581785191818737,0.0307878885314111,0.0698144627317973,0.677462889712815,3.68e-05,5281842,295313.785668746,0,0,2.02577239877577e-05,0.01721420632104,0,1430,20,1461,1492
20,0,0,0,1990,1.19001297074786,0.00019,0.0588235294117647,1.17946799793705,0.588435729175689,0.0308297778649085,0.0697983568595634,0.675872433286032,3.68e-05,5281842,295312.091214431,0,0,2.02577239877577e-05,0.01721420632104,0,1430,20,1461,1492
20,0,0,0,1990,1.1889139120825,0.00019,0.0588235294117647,1.18157832716381,0.592907103365805,0.0309410146390302,0.0697336615802406,0.677273370332147,3.68e-05,5281842,295313.021230763,0,0,2.02577239877577e-05,0.01721420632104,0,1430,20,1461,1492
20,0,0,0,1990,1.19069651694987,0.00019,0.0588235294117647,1.18092275578019,0.5839431666537,0.0307438517803956,0.0698385489416287,0.676121884730904,3.68e-05,5281842,295313.876735829,0,0,2.02577239877577e-05,0.01721420632104,0,1430,20,1461,1492
20,0,0,0,1990,1.21860657982237,0.00019,0.0588235294117647,1.1846522367585,0.613777020578513,0.034588845557796,0.0714658853828111,0.703612727090138,3.68000000000001e-05,5281842,370313.202701671,0,0,2.02577239877577e-05,0.01721420632104,0,1430,20,1461,1492
