"spark_size","total_re_emergence_prob_1_year","total_re_emergence_prob_2_year","total_re_emergence_prob_3_year","spark_year","R_naught","sigma_P","gamma","phi","sigma_M","rho","Beta_0","delta","mu_H","N_0","I_0","R_0","C_0","r","omega","epsilon","t_stop_immigration","spark","spark_time_start","spark_time_end"
20,0,0,0,1990,1.17168841924518,0.26576453125,0.0588235294117647,1.15367091370537,0.573017226723506,0.0274589222580391,0.0687319026233509,0.643905991126351,3.68000000000001e-05,5281842,206897.206896552,0,0,2.02577239877577e-05,0.01721420632104,0,1430,20,1461,1492
20,0,0,0,1990,1.18440086162518,0.51571703125,0.0588235294117647,1.12947639465076,0.549725543894299,0.0276380197582296,0.0694741055573123,0.645893056170607,3.68e-05,5281842,206897.206896552,0,0,2.02577239877577e-05,0.01721420632104,0,1430,20,1461,1492
20,0,0,0,1990,1.16756966933124,0.51571703125,0.0588235294117647,1.13300232158683,0.555876282185095,0.0318627720163256,0.0684756954649478,0.677506652121828,3.68e-05,5281842,206897.206896552,0,0,2.02577239877577e-05,0.01721420632104,0,1430,20,1461,1492
20,0,0,0,1990,1.16822102127579,0.01581203125,0.0588235294117647,1.16656123933312,0.574993146061405,0.0270991128239946,0.0685325312029192,0.636907808934321,3.67999999999999e-05,5281842,206897.206896552,0,0,2.02577239877577e-05,0.01721420632104,0,1430,20,1461,1492
20,0,0,0,1990,1.17000449956769,0.01581203125,0.0588235294117647,1.15915921871845,0.574569056253923,0.0272232686419446,0.0686354497839555,0.639235868529096,3.68e-05,5281842,206897.206896552,0,0,2.02577239877577e-05,0.01721420632104,0,1430,20,1461,1492
20,0,0,0,1990,1.16948839912808,0.01581203125,0.0588235294117647,1.16045828674311,0.577355337874901,0.0271885982504843,0.0686046291028369,0.64116918286118,3.67999999999999e-05,5281842,206897.206896552,0,0,2.02577239877577e-05,0.01721420632104,0,1430,20,1461,1492
