"spark_size","total_re_emergence_prob_1_year","total_re_emergence_prob_2_year","total_re_emergence_prob_3_year","spark_year","R_naught","sigma_P","gamma","phi","sigma_M","rho","Beta_0","delta","mu_H","N_0","I_0","R_0","C_0","r","omega","epsilon","t_stop_immigration","spark","spark_time_start","spark_time_end"
20,0.02,0,0,1990,1.22419326697024,0.98437796875,0.0588235294117647,1.0445648501473,0.449401756371166,0.0272939303631238,0.071794976111621,0.656730263173985,3.68e-05,5281842,186207.586206897,0,0,2.02577239877577e-05,0.01721420632104,0,1430,20,1461,1492
20,0.02,0,0,1990,1.21527176034677,0.98437796875,0.0588235294117647,1.048330498968,0.439753133570846,0.0285990696042786,0.0712691147948122,0.664374271857945,3.68e-05,5281842,186207.586206897,0,0,2.02577239877577e-05,0.01721420632104,0,1430,20,1461,1492
20,0.03,0,0,1990,1.2147568527419,0.98437796875,0.0588235294117647,1.04541727001342,0.444412168527396,0.0277725240579196,0.0712431927383447,0.652790410957258,3.67999999999999e-05,5281842,186207.586206897,0,0,2.02577239877577e-05,0.01721420632104,0,1430,20,1461,1492
20,0,0,0,1990,1.17753684776836,0.48447296875,0.0588235294117647,1.12035557660522,0.544735999510638,0.027435888939778,0.0690713373284398,0.643548352847585,3.68e-05,5281842,186207.586206897,0,0,2.02577239877577e-05,0.01721420632104,0,1430,20,1461,1492
20,0,0,0,1990,1.15474406375635,0.48447296875,0.0588235294117647,1.13297581999028,0.561727478138126,0.0327238351966034,0.0677222229914407,0.681036681409225,3.68e-05,5281842,186207.586206897,0,0,2.02577239877577e-05,0.01721420632104,0,1430,20,1461,1492
20,0,0,0,1990,1.16737418334122,0.29700859375,0.0588235294117647,1.14186680342116,0.564518860799191,0.0267957189970066,0.0684805294775384,0.635487529439222,3.68000000000001e-05,5281842,186207.586206897,0,0,2.02577239877577e-05,0.01721420632104,0,1430,20,1461,1492
