"spark_size","total_re_emergence_prob_1_year","total_re_emergence_prob_2_year","total_re_emergence_prob_3_year","spark_year","R_naught","sigma_P","gamma","phi","sigma_M","rho","Beta_0","delta","mu_H","N_0","I_0","R_0","C_0","r","omega","epsilon","t_stop_immigration","spark","spark_time_start","spark_time_end"
20,0.01,0,0,1990,1.20330019568556,0.79314275862069,0.0588235294117647,1.03806186672474,0.474599555932953,0.0257132968601573,0.0705741967022892,0.643574409963649,3.68e-05,5281842,121875.303437489,0,0,2.02577239877577e-05,0.01721420632104,0,1430,20,1461,1492
20,0.01,0.02,0,1990,1.19698126913927,0.79314275862069,0.0588235294117647,1.04971650203874,0.489789669310475,0.0262519019050111,0.0702088827254002,0.632672771937109,3.68e-05,5281842,121876.423779746,0,0,2.02577239877577e-05,0.01721420632104,0,1430,20,1461,1492
20,0,0,0,1990,1.20338545581185,0.79314275862069,0.0588235294117647,1.09865393338257,0.507840020743756,0.0287715901947576,0.0705791373055657,0.659404450346005,3.68e-05,5281842,234374.987554239,0,0,2.02577239877577e-05,0.01721420632104,0,1430,20,1461,1492
20,0,0,0,1990,1.2012839525688,0.79314275862069,0.0588235294117647,1.09848980239048,0.505038720718636,0.0295774470056512,0.0704529653392081,0.667017062203522,3.68e-05,5281842,234375.029925309,0,0,2.02577239877577e-05,0.01721420632104,0,1430,20,1461,1492
20,0.01,0,0,1990,1.19717445088308,0.79314275862069,0.0588235294117647,1.06860445066439,0.492428857924159,0.0269327475021616,0.0702187702678373,0.641061559257288,3.68e-05,5281842,159376.302042369,0,0,2.02577239877577e-05,0.01721420632104,0,1430,20,1461,1492
20,0.02,0.01,0,1990,1.19718745202196,0.79314275862069,0.0588235294117647,1.0687925652319,0.504219239866148,0.0269543990590246,0.0702184626953293,0.64389338891447,3.68e-05,5281842,159374.7916615,0,0,2.02577239877577e-05,0.01721420632104,0,1430,20,1461,1492
