"spark_size","total_re_emergence_prob_1_year","total_re_emergence_prob_2_year","total_re_emergence_prob_3_year","spark_year","R_naught","sigma_P","gamma","phi","sigma_M","rho","Beta_0","delta","mu_H","N_0","I_0","R_0","C_0","r","omega","epsilon","t_stop_immigration","spark","spark_time_start","spark_time_end"
20,0,0,0,1990,1.22520741731537,0.00019,0.0588235294117647,1.1859343558239,0.617124263070614,0.0354343831898588,0.0718515280690079,0.708040440930273,3.68e-05,5281842,384375.296049616,0,0,2.02577239877577e-05,0.01721420632104,0,1430,20,1461,1492
20,0,0,0,1990,1.17222550971357,0.00019,0.0588235294117647,1.16969362151352,0.579708343391574,0.0281618202816009,0.0687628262460205,0.650804169795578,3.68000000000001e-05,5281842,234375.918473311,0,0,2.02577239877577e-05,0.01721420632104,0,1430,20,1461,1492
20,0,0,0,1990,1.17296127688764,0.00019,0.0588235294117647,1.17297352957022,0.573568838802085,0.0284525392359823,0.0688054043706484,0.653539563164422,3.68e-05,5281842,234376.888618985,0,0,2.02577239877577e-05,0.01721420632104,0,1430,20,1461,1492
20,0,0,0,1990,1.17320264681917,0.00019,0.0588235294117647,1.16740270286501,0.575208168211645,0.028432875523146,0.0688192662278382,0.652472182396778,3.67999999999999e-05,5281842,234377.131329051,0,0,2.02577239877577e-05,0.01721420632104,0,1430,20,1461,1492
20,0,0,0,1990,1.17406673880162,0.00019,0.0588235294117647,1.16538566286939,0.579318319489936,0.0285138699615037,0.0688691439878311,0.654036976519734,3.68e-05,5281842,234373.444831974,0,0,2.02577239877577e-05,0.01721420632104,0,1430,20,1461,1492
20,0,0,0,1990,1.195375600596,0.00019,0.0588235294117647,1.18367164248467,0.591795521914571,0.0311553323247971,0.0701122642606729,0.679123352994728,3.68e-05,5281842,309376.22673325,0,0,2.02577239877577e-05,0.01721420632104,0,1430,20,1461,1492
