"spark_size","total_re_emergence_prob_1_year","total_re_emergence_prob_2_year","total_re_emergence_prob_3_year","spark_year","R_naught","sigma_P","gamma","phi","sigma_M","rho","Beta_0","delta","mu_H","N_0","I_0","R_0","C_0","r","omega","epsilon","t_stop_immigration","spark","spark_time_start","spark_time_end"
20,0,0,0,1990,1.16672522064286,0.310475862068966,0.0588235294117647,1.12436349883585,0.570585571560736,0.0255817658469027,0.0684467128675112,0.618613808690842,3.68e-05,5281842,145313.700584374,0,0,2.02577239877577e-05,0.01721420632104,0,1430,20,1461,1492
20,0,0,0,1990,1.16873745700523,0.310475862068966,0.0588235294117647,1.11909979478532,0.570170342843375,0.025543292038175,0.0685628189722529,0.622405528239233,3.68e-05,5281842,145312.157672165,0,0,2.02577239877577e-05,0.01721420632104,0,1430,20,1461,1492
20,0,0,0,1990,1.16689661709012,0.310475862068966,0.0588235294117647,1.1179780608254,0.567439506631817,0.0256796696036282,0.068457148678443,0.615764290657106,3.68e-05,5281842,145312.64997945,0,0,2.02577239877577e-05,0.01721420632104,0,1430,20,1461,1492
20,0,0,0,1990,1.16846132412618,0.310475862068966,0.0588235294117647,1.1165572585857,0.579537717607732,0.0257219743342438,0.0685479825622549,0.617980087042229,3.67999999999999e-05,5281842,145314.195008228,0,0,2.02577239877577e-05,0.01721420632104,0,1430,20,1461,1492
20,0,0,0,1990,1.1690940685522,0.310475862068966,0.0588235294117647,1.12059833218422,0.57605501896479,0.0252251767032756,0.0685858890814123,0.616979558280093,3.68e-05,5281842,145313.049184656,0,0,2.02577239877577e-05,0.01721420632104,0,1430,20,1461,1492
20,0,0,0,1990,1.19418442742853,0.310475862068966,0.0588235294117647,1.17024548033608,0.583086305932269,0.0311588676290226,0.0700405801908087,0.679285796551213,3.68e-05,5281842,295312.637477035,0,0,2.02577239877577e-05,0.01721420632104,0,1430,20,1461,1492
