"spark_size","total_re_emergence_prob_1_year","total_re_emergence_prob_2_year","total_re_emergence_prob_3_year","spark_year","R_naught","sigma_P","gamma","phi","sigma_M","rho","Beta_0","delta","mu_H","N_0","I_0","R_0","C_0","r","omega","epsilon","t_stop_immigration","spark","spark_time_start","spark_time_end"
20,0,0,0,1990,1.17462747732442,0.48447296875,0.0588235294117647,1.10072371127843,0.549877367246851,0.0280415386686979,0.0688976420250458,0.64609437055384,3.68e-05,5281842,144828.344827586,0,0,2.02577239877577e-05,0.01721420632104,0,1430,20,1461,1492
20,0.01,0,0,1990,1.19947329521924,0.79691359375,0.0588235294117647,1.05447493572445,0.484094260964123,0.0264286486377514,0.0703514843653317,0.643025393616721,3.68e-05,5281842,144828.344827586,0,0,2.02577239877577e-05,0.01721420632104,0,1430,20,1461,1492
20,0,0,0,1990,1.16839678139359,0.29700859375,0.0588235294117647,1.11505617296406,0.572660754720662,0.0253569903886948,0.0685438697577467,0.618446948773311,3.68e-05,5281842,144828.344827586,0,0,2.02577239877577e-05,0.01721420632104,0,1430,20,1461,1492
20,0,0,0,1990,1.16635112770017,0.29700859375,0.0588235294117647,1.12335924843975,0.571036251700203,0.0257414920029568,0.0684239117727119,0.620661774790333,3.68e-05,5281842,144828.344827586,0,0,2.02577239877577e-05,0.01721420632104,0,1430,20,1461,1492
20,0,0,0,1990,1.16333483775928,0.29700859375,0.0588235294117647,1.12377910302017,0.574683104048631,0.0256980744431968,0.0682484582620977,0.616680624004077,3.68e-05,5281842,144828.344827586,0,0,2.02577239877577e-05,0.01721420632104,0,1430,20,1461,1492
20,0,0,0,1990,1.16846432032969,0.29700859375,0.0588235294117647,1.12185189104779,0.569826030876983,0.0254931858765949,0.068549108936336,0.616886540757873,3.68e-05,5281842,144828.344827586,0,0,2.02577239877577e-05,0.01721420632104,0,1430,20,1461,1492
