"spark_size","total_re_emergence_prob_1_year","total_re_emergence_prob_2_year","total_re_emergence_prob_3_year","spark_year","R_naught","sigma_P","gamma","phi","sigma_M","rho","Beta_0","delta","mu_H","N_0","I_0","R_0","C_0","r","omega","epsilon","t_stop_immigration","spark","spark_time_start","spark_time_end"
20,0,0,0,1990,1.18688266130946,0.586285517241379,0.0588235294117647,1.13015869891181,0.54506465896539,0.0288672985624327,0.0696163482383716,0.65508300991389,3.68e-05,5281842,220313.328554902,0,0,2.02577239877577e-05,0.01721420632104,0,1430,20,1461,1492
20,0.01,0,0,1990,1.19237098916587,0.586285517241379,0.0588235294117647,1.12354563925437,0.5354891758707,0.0286533033472739,0.0699358356503878,0.659561900558888,3.68e-05,5281842,220313.70938548,0,0,2.02577239877577e-05,0.01721420632104,0,1430,20,1461,1492
20,0,0,0,1990,1.19183623984993,0.586285517241379,0.0588235294117647,1.1240923011762,0.532655158369737,0.0288076209675684,0.0699047606527884,0.658953974628919,3.68e-05,5281842,220313.200139812,0,0,2.02577239877577e-05,0.01721420632104,0,1430,20,1461,1492
20,0,0,0,1990,1.19196399552517,0.586285517241379,0.0588235294117647,1.12060811713115,0.54150159639309,0.0281974728872441,0.0699134768552863,0.654629651294363,3.68e-05,5281842,220311.739286576,0,0,2.02577239877577e-05,0.01721420632104,0,1430,20,1461,1492
20,0,0,0,1990,1.1870891527402,0.586285517241379,0.0588235294117647,1.12629163365646,0.534165201662938,0.0287997680401929,0.0696276502943026,0.65607587538542,3.68e-05,5281842,220312.570584674,0,0,2.02577239877577e-05,0.01721420632104,0,1430,20,1461,1492
20,0.01,0,0,1990,1.18787899418851,0.620761724137931,0.0588235294117647,1.12625445976526,0.538240434339446,0.0297880807853269,0.0696702018652751,0.666212895509696,3.68e-05,5281842,234375.663126111,0,0,2.02577239877577e-05,0.01721420632104,0,1430,20,1461,1492
