"spark_size","total_re_emergence_prob_1_year","total_re_emergence_prob_2_year","total_re_emergence_prob_3_year","spark_year","R_naught","sigma_P","gamma","phi","sigma_M","rho","Beta_0","delta","mu_H","N_0","I_0","R_0","C_0","r","omega","epsilon","t_stop_immigration","spark","spark_time_start","spark_time_end"
20,0,0,0,1990,1.18229412129063,0.413904482758621,0.0588235294117647,1.14674423315683,0.555975182361776,0.0293762532613389,0.0693462470106238,0.662946816050243,3.68e-05,5281842,234375.975637344,0,0,2.02577239877577e-05,0.01721420632104,0,1430,20,1461,1492
20,0,0,0,1990,1.17267132985216,0.413904482758621,0.0588235294117647,1.12444250486399,0.553895567679018,0.0258449247324482,0.0687936307529732,0.62384240116179,3.68e-05,5281842,159375.697558667,0,0,2.02577239877577e-05,0.01721420632104,0,1430,20,1461,1492
20,0,0,0,1990,1.17159407766524,0.413904482758621,0.0588235294117647,1.11228341362487,0.556642538762407,0.0264286100376379,0.0687265640745866,0.630869711807602,3.68e-05,5281842,159376.160505122,0,0,2.02577239877577e-05,0.01721420632104,0,1430,20,1461,1492
20,0,0,0,1990,1.17454309765838,0.413904482758621,0.0588235294117647,1.12055224828375,0.556573406094576,0.026078865180901,0.0689014343645193,0.628149543966475,3.68e-05,5281842,159374.47370284,0,0,2.02577239877577e-05,0.01721420632104,0,1430,20,1461,1492
20,0,0,0,1990,1.16994917448215,0.413904482758621,0.0588235294117647,1.11831702094327,0.551405672464039,0.0265260905074317,0.0686296897980235,0.633635199374383,3.68e-05,5281842,159375.725590623,0,0,2.02577239877577e-05,0.01721420632104,0,1430,20,1461,1492
20,0,0,0,1990,1.17655329532696,0.413904482758621,0.0588235294117647,1.11567139601033,0.553108493536362,0.0262374293934409,0.0690175465332087,0.631641910969149,3.68e-05,5281842,159374.651952734,0,0,2.02577239877577e-05,0.01721420632104,0,1430,20,1461,1492
