"spark_size","total_re_emergence_prob_1_year","total_re_emergence_prob_2_year","total_re_emergence_prob_3_year","spark_year","R_naught","sigma_P","gamma","phi","sigma_M","rho","Beta_0","delta","mu_H","N_0","I_0","R_0","C_0","r","omega","epsilon","t_stop_immigration","spark","spark_time_start","spark_time_end"
20,0,0,0,1990,1.17391421035365,0.172571034482759,0.0588235294117647,1.16347780006754,0.572561529659167,0.0273462813169449,0.0688641315995564,0.642502607373108,3.68e-05,5281842,220313.009544997,0,0,2.02577239877577e-05,0.01721420632104,0,1430,20,1461,1492
20,0,0,0,1990,1.20953272363528,0.20704724137931,0.0588235294117647,1.17958590427603,0.602294293291492,0.0338952984071727,0.070935043946182,0.698181445769239,3.68e-05,5281842,346876.330261249,0,0,2.02577239877577e-05,0.01721420632104,0,1430,20,1461,1492
20,0,0,0,1990,1.16821704889328,0.20704724137931,0.0588235294117647,1.14673511117525,0.56859644870703,0.0287419254295032,0.0685234819134809,0.654910407254853,3.68e-05,5281842,196875.400852094,0,0,2.02577239877577e-05,0.01721420632104,0,1430,20,1461,1492
20,0,0,0,1990,1.15936328835508,0.20704724137931,0.0588235294117647,1.14743621555398,0.595762897846233,0.0323212767775604,0.0679928515034253,0.686572309542805,3.68e-05,5281842,196877.787111844,0,0,2.02577239877577e-05,0.01721420632104,0,1430,20,1461,1492
20,0,0,0,1990,1.16262517384456,0.20704724137931,0.0588235294117647,1.14870820308759,0.575547203557209,0.0303761566197331,0.0681886772227502,0.674435300283416,3.67999999999999e-05,5281842,196877.693035289,0,0,2.02577239877577e-05,0.01721420632104,0,1430,20,1461,1492
20,0,0,0,1990,1.18741426376296,0.20704724137931,0.0588235294117647,1.17173751491898,0.582187173087842,0.0298554277899941,0.0696478826732476,0.667764939455025,3.68e-05,5281842,271874.382531423,0,0,2.02577239877577e-05,0.01721420632104,0,1430,20,1461,1492
