"spark_size","total_re_emergence_prob_1_year","total_re_emergence_prob_2_year","total_re_emergence_prob_3_year","spark_year","R_naught","sigma_P","gamma","phi","sigma_M","rho","Beta_0","delta","mu_H","N_0","I_0","R_0","C_0","r","omega","epsilon","t_stop_immigration","spark","spark_time_start","spark_time_end"
20,0,0,0,1990,1.17320985287175,0.241523448275862,0.0588235294117647,1.16041213302051,0.571733711148048,0.0283332700358119,0.0688193241090512,0.651148906847657,3.68000000000001e-05,5281842,220312.712268637,0,0,2.02577239877577e-05,0.01721420632104,0,1430,20,1461,1492
20,0,0,0,1990,1.17569027286389,0.241523448275862,0.0588235294117647,1.16236675879876,0.569123384558392,0.0280256545721662,0.0689660644199157,0.648367191234326,3.68e-05,5281842,220312.479792093,0,0,2.02577239877577e-05,0.01721420632104,0,1430,20,1461,1492
20,0,0,0,1990,1.17832769277203,0.241523448275862,0.0588235294117647,1.15697566343712,0.562280258962487,0.0276398971587975,0.0691203299641276,0.647822926291111,3.68e-05,5281842,220313.422383086,0,0,2.02577239877577e-05,0.01721420632104,0,1430,20,1461,1492
20,0,0,0,1990,1.17199561378768,0.241523448275862,0.0588235294117647,1.16249670111095,0.568082124741306,0.0279642839457265,0.0687487166789082,0.650125556626657,3.68e-05,5281842,220311.902088917,0,0,2.02577239877577e-05,0.01721420632104,0,1430,20,1461,1492
20,0,0,0,1990,1.17555516754306,0.241523448275862,0.0588235294117647,1.15719355541286,0.572921921739415,0.0277771364792657,0.0689580853434466,0.646816814870873,3.68e-05,5281842,220313.867275403,0,0,2.02577239877577e-05,0.01721420632104,0,1430,20,1461,1492
20,0,0,0,1990,1.17360939678206,0.275999655172414,0.0588235294117647,1.14725646347039,0.562092774217258,0.0271203558051798,0.0688453113615483,0.639876494824748,3.67999999999999e-05,5281842,196874.365863662,0,0,2.02577239877577e-05,0.01721420632104,0,1430,20,1461,1492
