"spark_size","total_re_emergence_prob_1_year","total_re_emergence_prob_2_year","total_re_emergence_prob_3_year","spark_year","R_naught","sigma_P","gamma","phi","sigma_M","rho","Beta_0","delta","mu_H","N_0","I_0","R_0","C_0","r","omega","epsilon","t_stop_immigration","spark","spark_time_start","spark_time_end"
20,0,0,0,1990,1.1862996474168,0.00019,0.0588235294117647,1.18120774590831,0.585783291677455,0.0307343501328512,0.0695808884096265,0.675584829963095,3.68e-05,5281842,290625.351431034,0,0,2.02577239877577e-05,0.01721420632104,0,1430,20,1461,1492
20,0,0,0,1990,1.1898130833855,0.00019,0.0588235294117647,1.18159003390764,0.586245169802414,0.0306024628055393,0.0697873615624508,0.674627634217032,3.67999999999999e-05,5281842,290626.097139967,0,0,2.02577239877577e-05,0.01721420632104,0,1430,20,1461,1492
20,0,0,0,1990,1.19129160230322,0.00019,0.0588235294117647,1.17772144670237,0.581788230998846,0.0304327759668175,0.0698737556266204,0.674138961311838,3.68e-05,5281842,290625.70005962,0,0,2.02577239877577e-05,0.01721420632104,0,1430,20,1461,1492
20,0,0,0,1990,1.18920187626419,0.00019,0.0588235294117647,1.17959158434667,0.585288743655418,0.030668788572873,0.0697509680894677,0.675407637977629,3.68e-05,5281842,290626.292424468,0,0,2.02577239877577e-05,0.01721420632104,0,1430,20,1461,1492
20,0,0,0,1990,1.15717780868608,0.00019,0.0588235294117647,1.13334290390027,0.599797549209113,0.0251837568081807,0.0678934422670296,0.602313978086637,3.68e-05,5281842,140625.355279685,0,0,2.02577239877577e-05,0.01721420632104,0,1430,20,1461,1492
20,0,0,0,1990,1.15691777953482,0.00019,0.0588235294117647,1.13158927048379,0.59243781955812,0.0254109895741674,0.0678757670199433,0.60850228620941,3.68000000000001e-05,5281842,140627.028375449,0,0,2.02577239877577e-05,0.01721420632104,0,1430,20,1461,1492
