"spark_size","total_re_emergence_prob_1_year","total_re_emergence_prob_2_year","total_re_emergence_prob_3_year","spark_year","R_naught","sigma_P","gamma","phi","sigma_M","rho","Beta_0","delta","mu_H","N_0","I_0","R_0","C_0","r","omega","epsilon","t_stop_immigration","spark","spark_time_start","spark_time_end"
20,0,0,0,1990,1.182780405687,0.482856896551724,0.0588235294117647,1.13733251952211,0.544238788266741,0.028274584391934,0.0693790385470417,0.648345183153948,3.68e-05,5281842,220312.109040382,0,0,2.02577239877577e-05,0.01721420632104,0,1430,20,1461,1492
20,0,0,0,1990,1.19992511864795,0.517333103448276,0.0588235294117647,1.14811696831994,0.558910981547575,0.0298210703687552,0.0703762691988925,0.674433979419822,3.68e-05,5281842,271874.823643409,0,0,2.02577239877577e-05,0.01721420632104,0,1430,20,1461,1492
20,0,0,0,1990,1.19806397697393,0.517333103448276,0.0588235294117647,1.1407428241063,0.557203658885918,0.0303628692228468,0.0702657112570087,0.675771018823023,3.68e-05,5281842,271875.112826657,0,0,2.02577239877577e-05,0.01721420632104,0,1430,20,1461,1492
20,0,0,0,1990,1.19553208574195,0.517333103448276,0.0588235294117647,1.14945282980117,0.561625983929499,0.0304044503713639,0.0701199958722078,0.671150627811873,3.68e-05,5281842,271874.53079381,0,0,2.02577239877577e-05,0.01721420632104,0,1430,20,1461,1492
20,0,0,0,1990,1.20147849816693,0.517333103448276,0.0588235294117647,1.15019907998162,0.55744984452431,0.0291375718293673,0.0704706058252115,0.66644515485052,3.68e-05,5281842,271876.091600126,0,0,2.02577239877577e-05,0.01721420632104,0,1430,20,1461,1492
20,0,0,0,1990,1.2026209217889,0.517333103448276,0.0588235294117647,1.14343318910326,0.558990108692463,0.0298899142144515,0.0705354054210279,0.670143152889671,3.68e-05,5281842,271874.162899185,0,0,2.02577239877577e-05,0.01721420632104,0,1430,20,1461,1492
