"spark_size","total_re_emergence_prob_1_year","total_re_emergence_prob_2_year","total_re_emergence_prob_3_year","spark_year","R_naught","sigma_P","gamma","phi","sigma_M","rho","Beta_0","delta","mu_H","N_0","I_0","R_0","C_0","r","omega","epsilon","t_stop_immigration","spark","spark_time_start","spark_time_end"
20,0,0,0,1990,1.16733277862886,0.29700859375,0.0588235294117647,1.12975510375355,0.569285097414229,0.0261678368064253,0.0684789895547589,0.62938978290251,3.68e-05,5281842,165517.965517241,0,0,2.02577239877577e-05,0.01721420632104,0,1430,20,1461,1492
20,0,0,0,1990,1.16668844506936,0.29700859375,0.0588235294117647,1.13191907401434,0.568740284643347,0.0259223567338728,0.0684425112112668,0.626411288934117,3.68e-05,5281842,165517.965517241,0,0,2.02577239877577e-05,0.01721420632104,0,1430,20,1461,1492
20,0,0,0,1990,1.16956612966175,0.29700859375,0.0588235294117647,1.12646915777876,0.567366039306134,0.0261215895114667,0.0686109016952293,0.625973374134588,3.67999999999999e-05,5281842,165517.965517241,0,0,2.02577239877577e-05,0.01721420632104,0,1430,20,1461,1492
20,0,0,0,1990,1.16799394994877,0.29700859375,0.0588235294117647,1.13926162089465,0.566177890370027,0.0259683893234003,0.0685193510787209,0.627911420080551,3.67999999999999e-05,5281842,165517.965517241,0,0,2.02577239877577e-05,0.01721420632104,0,1430,20,1461,1492
20,0,0,0,1990,1.17014491984879,0.29700859375,0.0588235294117647,1.12879621278281,0.562849977896073,0.0257021151448391,0.0686454965810372,0.62490414887251,3.68e-05,5281842,165517.965517241,0,0,2.02577239877577e-05,0.01721420632104,0,1430,20,1461,1492
20,0,0,0,1990,1.16007838319669,0.04705609375,0.0588235294117647,1.12643121109652,0.608699570101967,0.0307317513218137,0.0680370532898148,0.673471313031176,3.68000000000001e-05,5281842,165517.965517241,0,0,2.02577239877577e-05,0.01721420632104,0,1430,20,1461,1492
