"spark_size","total_re_emergence_prob_1_year","total_re_emergence_prob_2_year","total_re_emergence_prob_3_year","spark_year","R_naught","sigma_P","gamma","phi","sigma_M","rho","Beta_0","delta","mu_H","N_0","I_0","R_0","C_0","r","omega","epsilon","t_stop_immigration","spark","spark_time_start","spark_time_end"
20,0,0,0,1990,1.17547956075031,0.07830015625,0.0588235294117647,1.17155114856415,0.655206896551724,0.0292871383691804,0.0689498599066494,0.662122844794106,3.68e-05,5281842,253125.146778333,0,0,2.02577239877577e-05,0.01721420632104,0,1430,20,1461,1492
20,0,0,0,1990,1.17694726700168,0.07830015625,0.0588235294117647,1.17097999023864,0.655206896551724,0.0292213835207608,0.0690360954820288,0.66152457303359,3.68e-05,5281842,253126.2043946,0,0,2.02577239877577e-05,0.01721420632104,0,1430,20,1461,1492
20,0,0,0,1990,1.1777063344179,0.07830015625,0.0588235294117647,1.1696286398947,0.655206896551724,0.0290217410768257,0.0690806868946359,0.660874393806054,3.68e-05,5281842,253125.433929502,0,0,2.02577239877577e-05,0.01721420632104,0,1430,20,1461,1492
20,0,0,0,1990,1.17578349692836,0.07830015625,0.0588235294117647,1.17162825286572,0.655206896551724,0.0291166850162351,0.0689692738238127,0.65774617268525,3.68e-05,5281842,253126.025027424,0,0,2.02577239877577e-05,0.01721420632104,0,1430,20,1461,1492
20,0,0,0,1990,1.17755934577601,0.07830015625,0.0588235294117647,1.16824955612164,0.655206896551724,0.0289581697348144,0.069072934179167,0.657996505119046,3.68e-05,5281842,253125.980539163,0,0,2.02577239877577e-05,0.01721420632104,0,1430,20,1461,1492
20,0,0,0,1990,1.16661742152686,0.070489140625,0.0588235294117647,1.16696771144827,0.655206896551724,0.0280958150946517,0.0684337302134111,0.650235542259511,3.68e-05,5281842,220313.567722183,0,0,2.02577239877577e-05,0.01721420632104,0,1430,20,1461,1492
