"spark_size","total_re_emergence_prob_1_year","total_re_emergence_prob_2_year","total_re_emergence_prob_3_year","spark_year","R_naught","sigma_P","gamma","phi","sigma_M","rho","Beta_0","delta","mu_H","N_0","I_0","R_0","C_0","r","omega","epsilon","t_stop_immigration","spark","spark_time_start","spark_time_end"
20,0,0,0,1990,1.18531442420954,0.54696109375,0.0588235294117647,1.15243000165475,0.547794911996278,0.0267084301614912,0.0695395803997194,0.620689655172414,3.68e-05,5281842,234376.754187359,0,0,2.02577239877577e-05,0.01721420632104,0,1430,20,1461,1492
20,0,0,0,1990,1.18900859631376,0.54696109375,0.0588235294117647,1.14326386366025,0.552731457775764,0.0269964006503238,0.0697552760709585,0.620689655172414,3.67999999999999e-05,5281842,234377.312220072,0,0,2.02577239877577e-05,0.01721420632104,0,1430,20,1461,1492
20,0,0,0,1990,1.18570804541882,0.54696109375,0.0588235294117647,1.15111254757988,0.551852449963101,0.0269159355533563,0.0695625240312006,0.620689655172414,3.68e-05,5281842,234376.118171371,0,0,2.02577239877577e-05,0.01721420632104,0,1430,20,1461,1492
20,0,0,0,1990,1.18622922976594,0.54696109375,0.0588235294117647,1.14725686240953,0.549131475704042,0.0269419219175384,0.0695926660786163,0.620689655172414,3.68e-05,5281842,234375.289529316,0,0,2.02577239877577e-05,0.01721420632104,0,1430,20,1461,1492
20,0,0,0,1990,1.19200672457098,0.54696109375,0.0588235294117647,1.14302324764194,0.550977757654201,0.0265961266757414,0.0699311396119759,0.620689655172414,3.68e-05,5281842,234375.456491848,0,0,2.02577239877577e-05,0.01721420632104,0,1430,20,1461,1492
20,0,0,0,1990,1.16402221013069,0.17203234375,0.0588235294117647,1.13798418085085,0.579500745618773,0.0256807603575362,0.0682888321531301,0.620689655172414,3.68000000000001e-05,5281842,159377.964155869,0,0,2.02577239877577e-05,0.01721420632104,0,1430,20,1461,1492
