"spark_size","total_re_emergence_prob_1_year","total_re_emergence_prob_2_year","total_re_emergence_prob_3_year","spark_year","R_naught","sigma_P","gamma","phi","sigma_M","rho","Beta_0","delta","mu_H","N_0","I_0","R_0","C_0","r","omega","epsilon","t_stop_immigration","spark","spark_time_start","spark_time_end"
20,0,0,0,1990,1.16287454174293,0.29700859375,0.0588235294117647,1.12316465323048,0.571415492418119,0.0256280212706933,0.0682216500365146,0.615969491042827,3.68e-05,5281842,144828.344827586,0,0,2.02577239877577e-05,0.01721420632104,0,1430,20,1461,1492
20,0,0,0,1990,1.17543380643518,0.54696109375,0.0588235294117647,1.09454650368506,0.536400066178107,0.0261257105330533,0.0689514834577673,0.62684783842882,3.68e-05,5281842,144828.344827586,0,0,2.02577239877577e-05,0.01721420632104,0,1430,20,1461,1492
20,0,0,0,1990,1.18088820232788,0.54696109375,0.0588235294117647,1.10052499999707,0.537064627401878,0.0261596444540368,0.0692722061705772,0.626420847121146,3.68e-05,5281842,144828.344827586,0,0,2.02577239877577e-05,0.01721420632104,0,1430,20,1461,1492
20,0,0,0,1990,1.18542513848409,0.54696109375,0.0588235294117647,1.09639900267786,0.53497089089208,0.0257277125279501,0.0695371746799698,0.628421524946321,3.68e-05,5281842,144828.344827586,0,0,2.02577239877577e-05,0.01721420632104,0,1430,20,1461,1492
20,0,0,0,1990,1.18108975149268,0.54696109375,0.0588235294117647,1.09287494368522,0.527742089149464,0.0257875896886677,0.0692824685690756,0.62851826286486,3.68e-05,5281842,144828.344827586,0,0,2.02577239877577e-05,0.01721420632104,0,1430,20,1461,1492
20,0,0,0,1990,1.17643646426505,0.54696109375,0.0588235294117647,1.10116703518871,0.530859478500543,0.0262479911414914,0.0690100293447974,0.629366843312577,3.68e-05,5281842,144828.344827586,0,0,2.02577239877577e-05,0.01721420632104,0,1430,20,1461,1492
