"spark_size","total_re_emergence_prob_1_year","total_re_emergence_prob_2_year","total_re_emergence_prob_3_year","spark_year","R_naught","sigma_P","gamma","phi","sigma_M","rho","Beta_0","delta","mu_H","N_0","I_0","R_0","C_0","r","omega","epsilon","t_stop_immigration","spark","spark_time_start","spark_time_end"
20,0,0,0,1990,1.21486707804328,0.92188984375,0.0588235294117647,1.03715043709564,0.447924931594371,0.0266015529569833,0.0712506794632813,0.648228842967739,3.68e-05,5281842,144828.344827586,0,0,2.02577239877577e-05,0.01721420632104,0,1430,20,1461,1492
20,0.04,0.01,0,1990,1.18358163390838,0.92188984375,0.0588235294117647,1.04330285056154,0.450923527968335,0.028353694218219,0.0694163068512164,0.64841891861541,3.68000000000001e-05,5281842,144828.344827586,0,0,2.02577239877577e-05,0.01721420632104,0,1430,20,1461,1492
20,0.06,0.02,0.01,1990,1.17122778164653,0.92188984375,0.0588235294117647,1.0462245163514,0.455876456518592,0.0305140674948228,0.0686889323930845,0.656578764149291,3.68e-05,5281842,144828.344827586,0,0,2.02577239877577e-05,0.01721420632104,0,1430,20,1461,1492
20,0.08,0.02,0.01,1990,1.16689132761146,0.92188984375,0.0588235294117647,1.05760440059727,0.473492579785341,0.0300084344804772,0.068438829612563,0.648201817500439,3.67999999999999e-05,5281842,144828.344827586,0,0,2.02577239877577e-05,0.01721420632104,0,1430,20,1461,1492
20,0.01,0,0,1990,1.19254768402565,0.67193734375,0.0588235294117647,1.07829088592934,0.512061380179994,0.0264111930873743,0.069948333263193,0.641103298787055,3.68e-05,5281842,144828.344827586,0,0,2.02577239877577e-05,0.01721420632104,0,1430,20,1461,1492
20,0.01,0,0,1990,1.18753678262309,0.67193734375,0.0588235294117647,1.07780311792853,0.51520827390962,0.0262179449695189,0.0696567435272431,0.634863354004839,3.68e-05,5281842,144828.344827586,0,0,2.02577239877577e-05,0.01721420632104,0,1430,20,1461,1492
