"spark_size","total_re_emergence_prob_1_year","total_re_emergence_prob_2_year","total_re_emergence_prob_3_year","spark_year","R_naught","sigma_P","gamma","phi","sigma_M","rho","Beta_0","delta","mu_H","N_0","I_0","R_0","C_0","r","omega","epsilon","t_stop_immigration","spark","spark_time_start","spark_time_end"
20,0,0,0,1990,1.2013513819235,0.29700859375,0.0588235294117647,1.17388583209873,0.581773587278882,0.0315075628896529,0.0704600069039659,0.683096851106326,3.68e-05,5281842,310345.310344828,0,0,2.02577239877577e-05,0.01721420632104,0,1430,20,1461,1492
20,0,0,0,1990,1.19958905604848,0.29700859375,0.0588235294117647,1.16967441027065,0.583919461084965,0.0315048237425729,0.0703570407727226,0.680520937495828,3.67999999999999e-05,5281842,310345.310344828,0,0,2.02577239877577e-05,0.01721420632104,0,1430,20,1461,1492
20,0,0,0,1990,1.19955762532002,0.29700859375,0.0588235294117647,1.17307694296169,0.587917869717043,0.0317868444108362,0.0703552955455091,0.681462596930161,3.68e-05,5281842,310345.310344828,0,0,2.02577239877577e-05,0.01721420632104,0,1430,20,1461,1492
20,0,0,0,1990,1.19463763072904,0.04705609375,0.0588235294117647,1.17778435262058,0.591459337400672,0.0318862332685223,0.0700656381516033,0.686156564072762,3.68000000000001e-05,5281842,310345.310344828,0,0,2.02577239877577e-05,0.01721420632104,0,1430,20,1461,1492
20,0,0,0,1990,1.19722165415052,0.17203234375,0.0588235294117647,1.18048706243889,0.58924491688477,0.0315537898875098,0.0702193484710054,0.681232864196118,3.68e-05,5281842,310345.310344828,0,0,2.02577239877577e-05,0.01721420632104,0,1430,20,1461,1492
20,0,0,0,1990,1.1969218180436,0.17203234375,0.0588235294117647,1.1768992242013,0.586441947881676,0.031736730849182,0.070199879083029,0.685088112090071,3.68e-05,5281842,310345.310344828,0,0,2.02577239877577e-05,0.01721420632104,0,1430,20,1461,1492
