"spark_size","total_re_emergence_prob_1_year","total_re_emergence_prob_2_year","total_re_emergence_prob_3_year","spark_year","R_naught","sigma_P","gamma","phi","sigma_M","rho","Beta_0","delta","mu_H","N_0","I_0","R_0","C_0","r","omega","epsilon","t_stop_immigration","spark","spark_time_start","spark_time_end"
20,0,0,0,1990,1.17842221802194,0.57820515625,0.0588235294117647,1.08509118534296,0.527076865821137,0.026425621721338,0.0691221780077838,0.636606143190069,3.68e-05,5281842,144828.344827586,0,0,2.02577239877577e-05,0.01721420632104,0,1430,20,1461,1492
20,0,0,0,1990,1.18040064913191,0.57820515625,0.0588235294117647,1.0921243997498,0.530719598449185,0.0258618319386223,0.0692433938503068,0.624728017832928,3.68e-05,5281842,144828.344827586,0,0,2.02577239877577e-05,0.01721420632104,0,1430,20,1461,1492
20,0,0,0,1990,1.16923569503639,0.32825265625,0.0588235294117647,1.11635113088742,0.567134481911439,0.0256274638893495,0.0685923346783873,0.620847115012923,3.68e-05,5281842,144828.344827586,0,0,2.02577239877577e-05,0.01721420632104,0,1430,20,1461,1492
20,0,0,0,1990,1.16952620691982,0.32825265625,0.0588235294117647,1.11635412249996,0.561311526667951,0.0256357929330336,0.0686100107779094,0.619127311104942,3.67999999999999e-05,5281842,144828.344827586,0,0,2.02577239877577e-05,0.01721420632104,0,1430,20,1461,1492
20,0,0,0,1990,1.16753122938109,0.32825265625,0.0588235294117647,1.12231576056264,0.569887215225106,0.0258252036772448,0.0684919651509354,0.623574908064471,3.68e-05,5281842,144828.344827586,0,0,2.02577239877577e-05,0.01721420632104,0,1430,20,1461,1492
20,0,0,0,1990,1.16477013999953,0.32825265625,0.0588235294117647,1.11722933739212,0.561895917110533,0.0257521489009,0.0683307317953242,0.620097364625648,3.68e-05,5281842,144828.344827586,0,0,2.02577239877577e-05,0.01721420632104,0,1430,20,1461,1492
