"spark_size","total_re_emergence_prob_1_year","total_re_emergence_prob_2_year","total_re_emergence_prob_3_year","spark_year","R_naught","sigma_P","gamma","phi","sigma_M","rho","Beta_0","delta","mu_H","N_0","I_0","R_0","C_0","r","omega","epsilon","t_stop_immigration","spark","spark_time_start","spark_time_end"
20,0,0,0,1990,1.18664497184898,0.07830015625,0.0588235294117647,1.17241601227187,0.58114823437879,0.0266896551724138,0.0696105033970151,0.64669126317571,3.67999999999999e-05,5281842,253126.451927018,0,0,2.02577239877577e-05,0.01721420632104,0,1430,20,1461,1492
20,0,0,0,1990,1.18595001224917,0.07830015625,0.0588235294117647,1.16737197245574,0.578855170063609,0.0266896551724138,0.0695694303593308,0.64583687418895,3.68e-05,5281842,253125.813196217,0,0,2.02577239877577e-05,0.01721420632104,0,1430,20,1461,1492
20,0,0,0,1990,1.18539110184331,0.07830015625,0.0588235294117647,1.17225186763176,0.583115647432879,0.0266896551724138,0.0695377608325308,0.644400684660676,3.68000000000001e-05,5281842,253126.054240992,0,0,2.02577239877577e-05,0.01721420632104,0,1430,20,1461,1492
20,0.01,0,0,1990,1.19727122559725,0.70318140625,0.0588235294117647,1.08310242799602,0.507251468310193,0.0266896551724138,0.070224105229481,0.645735826170906,3.68e-05,5281842,178125.652733274,0,0,2.02577239877577e-05,0.01721420632104,0,1430,20,1461,1492
20,0,0,0,1990,1.19692361565174,0.70318140625,0.0588235294117647,1.08918439280732,0.517370940260047,0.0266896551724138,0.0702029249498467,0.649455792899592,3.68e-05,5281842,178125.047620707,0,0,2.02577239877577e-05,0.01721420632104,0,1430,20,1461,1492
20,0.01,0,0,1990,1.20124356723078,0.70318140625,0.0588235294117647,1.09303336162237,0.513019890170095,0.0266896551724138,0.0704578977927668,0.646337150712469,3.68e-05,5281842,178124.67398823,0,0,2.02577239877577e-05,0.01721420632104,0,1430,20,1461,1492
