"spark_size","total_re_emergence_prob_1_year","total_re_emergence_prob_2_year","total_re_emergence_prob_3_year","spark_year","R_naught","sigma_P","gamma","phi","sigma_M","rho","Beta_0","delta","mu_H","N_0","I_0","R_0","C_0","r","omega","epsilon","t_stop_immigration","spark","spark_time_start","spark_time_end"
20,0,0,0,1990,1.18874057731868,0.655237931034483,0.0588235294117647,1.08726492348073,0.523764024155523,0.026432670662717,0.0697263860710777,0.639906505626694,3.68e-05,5281842,145314.664790898,0,0,2.02577239877577e-05,0.01721420632104,0,1430,20,1461,1492
20,0.02,0.01,0,1990,1.19482029572772,0.655237931034483,0.0588235294117647,1.11536341591011,0.53376582529214,0.0285673202726557,0.0700794079967631,0.657327349823691,3.68e-05,5281842,220314.601607359,0,0,2.02577239877577e-05,0.01721420632104,0,1430,20,1461,1492
20,0,0,0,1990,1.19165233988722,0.655237931034483,0.0588235294117647,1.12153467279756,0.527196897798951,0.0287582098350277,0.0698940224164167,0.658048273741065,3.68e-05,5281842,220312.964925816,0,0,2.02577239877577e-05,0.01721420632104,0,1430,20,1461,1492
20,0.02,0,0,1990,1.19454620569387,0.655237931034483,0.0588235294117647,1.11082341254819,0.529305082756437,0.0284849841049637,0.0700620941180631,0.659271630674901,3.68e-05,5281842,220312.199562192,0,0,2.02577239877577e-05,0.01721420632104,0,1430,20,1461,1492
20,0.02,0,0,1990,1.19389203889621,0.655237931034483,0.0588235294117647,1.11262892020287,0.527888095651303,0.0288207734831506,0.0700243785772301,0.658071343721363,3.68e-05,5281842,220311.828893142,0,0,2.02577239877577e-05,0.01721420632104,0,1430,20,1461,1492
20,0,0,0,1990,1.19638213570126,0.655237931034483,0.0588235294117647,1.11568311986404,0.532055476466336,0.0288393697503908,0.0701708109804532,0.657961871896323,3.68e-05,5281842,220312.91982801,0,0,2.02577239877577e-05,0.01721420632104,0,1430,20,1461,1492
