"spark_size","total_re_emergence_prob_1_year","total_re_emergence_prob_2_year","total_re_emergence_prob_3_year","spark_year","R_naught","sigma_P","gamma","phi","sigma_M","rho","Beta_0","delta","mu_H","N_0","I_0","R_0","C_0","r","omega","epsilon","t_stop_immigration","spark","spark_time_start","spark_time_end"
20,0.03,0,0,1990,1.20786349072377,0.89064578125,0.0588235294117647,1.0918271977306,0.482135253508939,0.0292941981540644,0.070839993204875,0.662120370703856,3.68e-05,5281842,227586.827586207,0,0,2.02577239877577e-05,0.01721420632104,0,1430,20,1461,1492
20,0,0,0,1990,1.17396640734501,0.14078828125,0.0588235294117647,1.16343534622036,0.580035917618383,0.0281398235331336,0.0688638952983617,0.651620368808166,3.68e-05,5281842,227586.827586207,0,0,2.02577239877577e-05,0.01721420632104,0,1430,20,1461,1492
20,0,0,0,1990,1.17376522358863,0.14078828125,0.0588235294117647,1.16356398122768,0.568843303353833,0.0280956678584721,0.0688526178901807,0.650212479409905,3.67999999999999e-05,5281842,227586.827586207,0,0,2.02577239877577e-05,0.01721420632104,0,1430,20,1461,1492
20,0,0,0,1990,1.1727819506797,0.14078828125,0.0588235294117647,1.16635906579401,0.575864919120779,0.0279127500198596,0.0687951812377083,0.650475564149968,3.68e-05,5281842,227586.827586207,0,0,2.02577239877577e-05,0.01721420632104,0,1430,20,1461,1492
20,0,0,0,1990,1.17286492265847,0.14078828125,0.0588235294117647,1.16666463537259,0.572575453836058,0.0280886283788207,0.0687999260855576,0.650917473168217,3.68e-05,5281842,227586.827586207,0,0,2.02577239877577e-05,0.01721420632104,0,1430,20,1461,1492
20,0,0,0,1990,1.1698791628943,0.14078828125,0.0588235294117647,1.16729315037591,0.577106071131036,0.0284555500369138,0.068623818770306,0.653810974169273,3.68000000000001e-05,5281842,227586.827586207,0,0,2.02577239877577e-05,0.01721420632104,0,1430,20,1461,1492
