"spark_size","total_re_emergence_prob_1_year","total_re_emergence_prob_2_year","total_re_emergence_prob_3_year","spark_year","R_naught","sigma_P","gamma","phi","sigma_M","rho","Beta_0","delta","mu_H","N_0","I_0","R_0","C_0","r","omega","epsilon","t_stop_immigration","spark","spark_time_start","spark_time_end"
20,0,0,0,1990,1.16366649440745,0.0691424137931034,0.0588235294117647,1.15117811491089,0.583769573104979,0.0285302188056373,0.0682563714226229,0.656878556001103,3.68e-05,5281842,196875.090874529,0,0,2.02577239877577e-05,0.01721420632104,0,1430,20,1461,1492
20,0,0,0,1990,1.16377384910983,0.0691424137931034,0.0588235294117647,1.16063683932936,0.575201701622024,0.0269033689988057,0.0682707170147972,0.6375592708411,3.67999999999999e-05,5281842,196876.647307047,0,0,2.02577239877577e-05,0.01721420632104,0,1430,20,1461,1492
20,0,0,0,1990,1.16455655702782,0.0691424137931034,0.0588235294117647,1.15813964032007,0.582550248544311,0.0272010165993144,0.0683169679000699,0.635821608836554,3.68000000000001e-05,5281842,196875.104458539,0,0,2.02577239877577e-05,0.01721420632104,0,1430,20,1461,1492
20,0,0,0,1990,1.16459825370744,0.0691424137931034,0.0588235294117647,1.15696879053407,0.583580433173117,0.0270687559921592,0.0683183838781875,0.638311524957555,3.68e-05,5281842,196876.532053396,0,0,2.02577239877577e-05,0.01721420632104,0,1430,20,1461,1492
20,0,0,0,1990,1.15786382190243,0.0691424137931034,0.0588235294117647,1.11514146331499,0.605589990342469,0.0249488210877424,0.0679344404004149,0.595204758067129,3.68e-05,5281842,121874.541730244,0,0,2.02577239877577e-05,0.01721420632104,0,1430,20,1461,1492
20,0,0,0,1990,1.15665136864032,0.0691424137931034,0.0588235294117647,1.12217178790826,0.608121359964693,0.0248298993374867,0.0678641260388019,0.594851981425976,3.68e-05,5281842,121875.567983793,0,0,2.02577239877577e-05,0.01721420632104,0,1430,20,1461,1492
