"spark_size","total_re_emergence_prob_1_year","total_re_emergence_prob_2_year","total_re_emergence_prob_3_year","spark_year","R_naught","sigma_P","gamma","phi","sigma_M","rho","Beta_0","delta","mu_H","N_0","I_0","R_0","C_0","r","omega","epsilon","t_stop_immigration","spark","spark_time_start","spark_time_end"
20,0,0,0,1990,1.20462304190285,0.138094827586207,0.0588235294117647,1.18094608909095,0.608052028425668,0.0359391788117532,0.0706402514259806,0.717367727528141,3.68e-05,5281842,346877.182129853,0,0,2.02577239877577e-05,0.01721420632104,0,1430,20,1461,1492
20,0,0,0,1990,1.21336667213045,0.138094827586207,0.0588235294117647,1.18211383183813,0.602167142066056,0.0332764171634481,0.0711614015261911,0.695039642944915,3.67999999999999e-05,5281842,346874.991136593,0,0,2.02577239877577e-05,0.01721420632104,0,1430,20,1461,1492
20,0,0,0,1990,1.16424573618845,0.138094827586207,0.0588235294117647,1.15156821633435,0.58500490368665,0.0294025387936945,0.0682891230196185,0.660404699203999,3.68e-05,5281842,196874.856634439,0,0,2.02577239877577e-05,0.01721420632104,0,1430,20,1461,1492
20,0,0,0,1990,1.15910155041695,0.138094827586207,0.0588235294117647,1.11481648143624,0.602720107645447,0.0249263497616768,0.0680061229908744,0.597684919389614,3.68e-05,5281842,121877.914246609,0,0,2.02577239877577e-05,0.01721420632104,0,1430,20,1461,1492
20,0,0,0,1990,1.18626523877251,0.138094827586207,0.0588235294117647,1.17460430160676,0.586939032856616,0.0298279136335737,0.0695811096631202,0.667051286196524,3.67999999999999e-05,5281842,271875.769331206,0,0,2.02577239877577e-05,0.01721420632104,0,1430,20,1461,1492
20,0,0,0,1990,1.18395697364152,0.138094827586207,0.0588235294117647,1.17354456622388,0.58444828832058,0.0298588502690994,0.0694456357452009,0.666904314749371,3.67999999999999e-05,5281842,271876.380070014,0,0,2.02577239877577e-05,0.01721420632104,0,1430,20,1461,1492
