"spark_size","total_re_emergence_prob_1_year","total_re_emergence_prob_2_year","total_re_emergence_prob_3_year","spark_year","R_naught","sigma_P","gamma","phi","sigma_M","rho","Beta_0","delta","mu_H","N_0","I_0","R_0","C_0","r","omega","epsilon","t_stop_immigration","spark","spark_time_start","spark_time_end"
20,0,0,0,1990,1.17701565624124,0.379428275862069,0.0588235294117647,1.13736764314177,0.559306254321663,0.0272174211380766,0.0690433302641154,0.641709653971166,3.68e-05,5281842,196877.494414495,0,0,2.02577239877577e-05,0.01721420632104,0,1430,20,1461,1492
20,0,0,0,1990,1.19349757999282,0.379428275862069,0.0588235294117647,1.15930527304158,0.566900142333341,0.0298783058090639,0.0700022372350399,0.670203174330693,3.68e-05,5281842,271875.684745992,0,0,2.02577239877577e-05,0.01721420632104,0,1430,20,1461,1492
20,0,0,0,1990,1.19641628627358,0.379428275862069,0.0588235294117647,1.15998102966127,0.571608787296792,0.0297264466416355,0.0701742266414,0.668266891877367,3.67999999999999e-05,5281842,271875.909125993,0,0,2.02577239877577e-05,0.01721420632104,0,1430,20,1461,1492
20,0,0,0,1990,1.18957469087546,0.379428275862069,0.0588235294117647,1.16467198895292,0.566982847304757,0.0301254421708454,0.0697739841830048,0.667018082060184,3.68e-05,5281842,271875.218929491,0,0,2.02577239877577e-05,0.01721420632104,0,1430,20,1461,1492
20,0,0,0,1990,1.19100506511897,0.379428275862069,0.0588235294117647,1.1610972574594,0.566782455473848,0.0302654120489955,0.0698558628290911,0.671306272100966,3.68e-05,5281842,271874.298498134,0,0,2.02577239877577e-05,0.01721420632104,0,1430,20,1461,1492
20,0,0,0,1990,1.19497688492343,0.379428275862069,0.0588235294117647,1.15724959051397,0.576027645112323,0.029917811078898,0.0700881101121485,0.671928979991048,3.68000000000001e-05,5281842,271875.854436427,0,0,2.02577239877577e-05,0.01721420632104,0,1430,20,1461,1492
