"spark_size","total_re_emergence_prob_1_year","total_re_emergence_prob_2_year","total_re_emergence_prob_3_year","spark_year","R_naught","sigma_P","gamma","phi","sigma_M","rho","Beta_0","delta","mu_H","N_0","I_0","R_0","C_0","r","omega","epsilon","t_stop_immigration","spark","spark_time_start","spark_time_end"
20,0,0,0,1990,1.16780415880782,0.20327640625,0.0588235294117647,1.15154777945087,0.576583025926648,0.0294712877005513,0.0684964997960044,0.664115365678585,3.68e-05,5281842,206897.206896552,0,0,2.02577239877577e-05,0.01721420632104,0,1430,20,1461,1492
20,0,0,0,1990,1.17031942575628,0.20327640625,0.0588235294117647,1.15540933922537,0.576898436026621,0.0273830845857264,0.0686525392173009,0.641859538082991,3.68e-05,5281842,206897.206896552,0,0,2.02577239877577e-05,0.01721420632104,0,1430,20,1461,1492
20,0,0,0,1990,1.16935240934294,0.20327640625,0.0588235294117647,1.15404265961747,0.569443816047162,0.0276080688508065,0.068594064509866,0.646256601959364,3.68e-05,5281842,206897.206896552,0,0,2.02577239877577e-05,0.01721420632104,0,1430,20,1461,1492
20,0,0,0,1990,1.17491979211001,0.45322890625,0.0588235294117647,1.13554098951837,0.553613229899715,0.0280350312352507,0.0689178343572904,0.648116487901303,3.68e-05,5281842,206897.206896552,0,0,2.02577239877577e-05,0.01721420632104,0,1430,20,1461,1492
20,0,0,0,1990,1.18330663604027,0.45322890625,0.0588235294117647,1.13953216630745,0.55515690834039,0.0280315868269622,0.0694095733699202,0.649933685486395,3.68e-05,5281842,206897.206896552,0,0,2.02577239877577e-05,0.01721420632104,0,1430,20,1461,1492
20,0,0,0,1990,1.18023977220098,0.45322890625,0.0588235294117647,1.13857345679603,0.551585160561769,0.0278710211512709,0.0692301300775654,0.648407855919422,3.67999999999999e-05,5281842,206897.206896552,0,0,2.02577239877577e-05,0.01721420632104,0,1430,20,1461,1492
