"spark_size","total_re_emergence_prob_1_year","total_re_emergence_prob_2_year","total_re_emergence_prob_3_year","spark_year","R_naught","sigma_P","gamma","phi","sigma_M","rho","Beta_0","delta","mu_H","N_0","I_0","R_0","C_0","r","omega","epsilon","t_stop_immigration","spark","spark_time_start","spark_time_end"
20,0,0,0,1990,1.18482347803727,0.20704724137931,0.0588235294117647,1.172327772752,0.576676889078075,0.0295748247556224,0.0694961851695458,0.667239816270541,3.68e-05,5281842,271875.086599114,0,0,2.02577239877577e-05,0.01721420632104,0,1430,20,1461,1492
20,0,0,0,1990,1.18506320856548,0.20704724137931,0.0588235294117647,1.17319758164735,0.579867685305942,0.0300710869756566,0.0695091730397315,0.670503786367096,3.68e-05,5281842,271875.165954442,0,0,2.02577239877577e-05,0.01721420632104,0,1430,20,1461,1492
20,0,0,0,1990,1.18721726284818,0.20704724137931,0.0588235294117647,1.16832867226055,0.578794272619132,0.0298776481961794,0.0696359697156197,0.66756455856432,3.68e-05,5281842,271874.658755204,0,0,2.02577239877577e-05,0.01721420632104,0,1430,20,1461,1492
20,0,0,0,1990,1.18557615308958,0.20704724137931,0.0588235294117647,1.17598905615893,0.580640715875495,0.0298893572326245,0.0695411180870718,0.666359093125689,3.68e-05,5281842,271876.024165867,0,0,2.02577239877577e-05,0.01721420632104,0,1430,20,1461,1492
20,0,0,0,1990,1.1788368630796,0.20704724137931,0.0588235294117647,1.15620368703234,0.573922672560675,0.0281384566079765,0.069148112754946,0.653299366665575,3.68e-05,5281842,234377.731665393,0,0,2.02577239877577e-05,0.01721420632104,0,1430,20,1461,1492
20,0,0,0,1990,1.1780451416503,0.20704724137931,0.0588235294117647,1.16094184301696,0.576101537036452,0.0284912623143047,0.0691020996502214,0.653687788483054,3.68e-05,5281842,234375.891016351,0,0,2.02577239877577e-05,0.01721420632104,0,1430,20,1461,1492
