"spark_size","total_re_emergence_prob_1_year","total_re_emergence_prob_2_year","total_re_emergence_prob_3_year","spark_year","R_naught","sigma_P","gamma","phi","sigma_M","rho","Beta_0","delta","mu_H","N_0","I_0","R_0","C_0","r","omega","epsilon","t_stop_immigration","spark","spark_time_start","spark_time_end"
20,0,0,0,1990,1.19408178097765,0.10954421875,0.0588235294117647,1.1779653186126,0.589788841870553,0.0315412090737393,0.0700343490809675,0.6826239285145,3.68e-05,5281842,310345.310344828,0,0,2.02577239877577e-05,0.01721420632104,0,1430,20,1461,1492
20,0,0,0,1990,1.19916730549969,0.35949671875,0.0588235294117647,1.17133367427769,0.585278595879426,0.0314368527890399,0.0703326254469043,0.680235886960969,3.68e-05,5281842,310345.310344828,0,0,2.02577239877577e-05,0.01721420632104,0,1430,20,1461,1492
20,0,0,0,1990,1.20196653914498,0.35949671875,0.0588235294117647,1.16885026244044,0.580352916435353,0.0316231942990153,0.0704962239690359,0.680930952512794,3.68e-05,5281842,310345.310344828,0,0,2.02577239877577e-05,0.01721420632104,0,1430,20,1461,1492
20,0,0,0,1990,1.19807168245244,0.35949671875,0.0588235294117647,1.17528368204683,0.582064353944884,0.0315640002975652,0.0702689815359323,0.679964665026509,3.68e-05,5281842,310345.310344828,0,0,2.02577239877577e-05,0.01721420632104,0,1430,20,1461,1492
20,0,0,0,1990,1.2024426474895,0.35949671875,0.0588235294117647,1.16604635387011,0.584136269788999,0.0316313235499607,0.0705235654612388,0.681522509131549,3.68e-05,5281842,310345.310344828,0,0,2.02577239877577e-05,0.01721420632104,0,1430,20,1461,1492
20,0,0,0,1990,1.19938449914194,0.23452046875,0.0588235294117647,1.17636823213951,0.593437370483884,0.0318605631796404,0.0703448624828647,0.683404949395541,3.68e-05,5281842,310345.310344828,0,0,2.02577239877577e-05,0.01721420632104,0,1430,20,1461,1492
