"spark_size","total_re_emergence_prob_1_year","total_re_emergence_prob_2_year","total_re_emergence_prob_3_year","spark_year","R_naught","sigma_P","gamma","phi","sigma_M","rho","Beta_0","delta","mu_H","N_0","I_0","R_0","C_0","r","omega","epsilon","t_stop_immigration","spark","spark_time_start","spark_time_end"
20,0,0,0,1990,1.17175264201462,0.195465390625,0.0588235294117647,1.14295163697376,0.570542218818346,0.0267018517589116,0.0687373460001125,0.6359120993964,3.68000000000001e-05,5281842,186207.586206897,0,0,2.02577239877577e-05,0.01721420632104,0,1430,20,1461,1492
20,0,0,0,1990,1.16790916157378,0.195465390625,0.0588235294117647,1.14882675619515,0.569266681308225,0.0263141106104821,0.068514702280445,0.629947625263041,3.68e-05,5281842,186207.586206897,0,0,2.02577239877577e-05,0.01721420632104,0,1430,20,1461,1492
20,0,0,0,1990,1.16799031826814,0.195465390625,0.0588235294117647,1.14563055435628,0.575374961621465,0.0268383584910759,0.0685172008610145,0.635198383410847,3.68e-05,5281842,186207.586206897,0,0,2.02577239877577e-05,0.01721420632104,0,1430,20,1461,1492
20,0.03,0,0,1990,1.20587299994782,0.820346640625,0.0588235294117647,1.07350141079128,0.490057257732653,0.0277634778785933,0.0707238550732502,0.655562017244808,3.67999999999999e-05,5281842,186207.586206897,0,0,2.02577239877577e-05,0.01721420632104,0,1430,20,1461,1492
20,0,0,0,1990,1.21026313669134,0.820346640625,0.0588235294117647,1.07526476499971,0.490958110595017,0.0275662797665639,0.0709813347806194,0.656028221694112,3.68e-05,5281842,186207.586206897,0,0,2.02577239877577e-05,0.01721420632104,0,1430,20,1461,1492
20,0.01,0,0,1990,1.20439935860877,0.820346640625,0.0588235294117647,1.07991470736782,0.492552326051973,0.027016421200196,0.0706421082360096,0.645112944598118,3.68e-05,5281842,186207.586206897,0,0,2.02577239877577e-05,0.01721420632104,0,1430,20,1461,1492
