"spark_size","total_re_emergence_prob_1_year","total_re_emergence_prob_2_year","total_re_emergence_prob_3_year","spark_year","R_naught","sigma_P","gamma","phi","sigma_M","rho","Beta_0","delta","mu_H","N_0","I_0","R_0","C_0","r","omega","epsilon","t_stop_immigration","spark","spark_time_start","spark_time_end"
20,0,0,0,1990,1.20790714453366,0.17203234375,0.0588235294117647,1.17862574636143,0.599285424650494,0.0324538215960913,0.0708422601346701,0.690903327003537,3.68e-05,5281842,331034.931034483,0,0,2.02577239877577e-05,0.01721420632104,0,1430,20,1461,1492
20,0,0,0,1990,1.20270898043894,0.17203234375,0.0588235294117647,1.18097493980168,0.598435377556166,0.0326462258325042,0.0705383459922274,0.689171401777056,3.68e-05,5281842,331034.931034483,0,0,2.02577239877577e-05,0.01721420632104,0,1430,20,1461,1492
20,0,0,0,1990,1.19961695892743,0.17203234375,0.0588235294117647,1.17906281323118,0.593551053474323,0.0325497969461093,0.0703567260885412,0.689218984696551,3.68e-05,5281842,331034.931034483,0,0,2.02577239877577e-05,0.01721420632104,0,1430,20,1461,1492
20,0,0,0,1990,1.20721443254142,0.26576453125,0.0588235294117647,1.17694607120617,0.594360938237223,0.032602509207683,0.0708022536234182,0.688606380800199,3.67999999999999e-05,5281842,331034.931034483,0,0,2.02577239877577e-05,0.01721420632104,0,1430,20,1461,1492
20,0,0,0,1990,1.20280696962136,0.26576453125,0.0588235294117647,1.17612288038356,0.597339459080653,0.033812041894146,0.0705383915652923,0.70291407512495,3.68e-05,5281842,331034.931034483,0,0,2.02577239877577e-05,0.01721420632104,0,1430,20,1461,1492
20,0,0,0,1990,1.20048907100041,0.01581203125,0.0588235294117647,1.18411196989281,0.59952875738028,0.0325980767682489,0.070408502997208,0.689362837880492,3.67999999999999e-05,5281842,331034.931034483,0,0,2.02577239877577e-05,0.01721420632104,0,1430,20,1461,1492
