"spark_size","total_re_emergence_prob_1_year","total_re_emergence_prob_2_year","total_re_emergence_prob_3_year","spark_year","R_naught","sigma_P","gamma","phi","sigma_M","rho","Beta_0","delta","mu_H","N_0","I_0","R_0","C_0","r","omega","epsilon","t_stop_immigration","spark","spark_time_start","spark_time_end"
20,0,0,0,1990,1.19558361608301,0.48447296875,0.0588235294117647,1.1516716992343,0.551768965517241,0.0302322818149941,0.0701232535292919,0.671252890139638,3.68000000000001e-05,5281842,271876.184094314,0,0,2.02577239877577e-05,0.01721420632104,0,1430,20,1461,1492
20,0,0,0,1990,1.16386188054904,0.17203234375,0.0588235294117647,1.1413573508065,0.551768965517241,0.0258666552789717,0.0682793518415566,0.621905162702794,3.68e-05,5281842,159375.755796075,0,0,2.02577239877577e-05,0.01721420632104,0,1430,20,1461,1492
20,0,0,0,1990,1.16509224752436,0.17203234375,0.0588235294117647,1.13625519625093,0.551768965517241,0.0255258703805606,0.0683519581976715,0.619210120771219,3.68e-05,5281842,159375.381288953,0,0,2.02577239877577e-05,0.01721420632104,0,1430,20,1461,1492
20,0,0,0,1990,1.16335946439716,0.17203234375,0.0588235294117647,1.13927497530979,0.551768965517241,0.0253658691548344,0.0682517129072296,0.616213129072137,3.68e-05,5281842,159375.100231251,0,0,2.02577239877577e-05,0.01721420632104,0,1430,20,1461,1492
20,0,0,0,1990,1.16383228231868,0.17203234375,0.0588235294117647,1.13603382215359,0.551768965517241,0.0261059509334233,0.0682763758271252,0.623729872665075,3.68e-05,5281842,159375.863038579,0,0,2.02577239877577e-05,0.01721420632104,0,1430,20,1461,1492
20,0,0,0,1990,1.16288241569371,0.17203234375,0.0588235294117647,1.13848742183986,0.551768965517241,0.0257210720733823,0.0682223302798261,0.619830591345561,3.68e-05,5281842,159376.795075339,0,0,2.02577239877577e-05,0.01721420632104,0,1430,20,1461,1492
