"spark_size","total_re_emergence_prob_1_year","total_re_emergence_prob_2_year","total_re_emergence_prob_3_year","spark_year","R_naught","sigma_P","gamma","phi","sigma_M","rho","Beta_0","delta","mu_H","N_0","I_0","R_0","C_0","r","omega","epsilon","t_stop_immigration","spark","spark_time_start","spark_time_end"
20,0,0,0,1990,1.18060434002351,0.23452046875,0.0588235294117647,1.16967373789589,0.57876963120538,0.0287733123322477,0.0692514225547534,0.658825301007045,3.68e-05,5281842,248276.448275862,0,0,2.02577239877577e-05,0.01721420632104,0,1430,20,1461,1492
20,0,0,0,1990,1.18015505829254,0.23452046875,0.0588235294117647,1.16724319205186,0.571118350824366,0.0291167427764964,0.069224632982658,0.659198939114588,3.67999999999999e-05,5281842,248276.448275862,0,0,2.02577239877577e-05,0.01721420632104,0,1430,20,1461,1492
20,0,0,0,1990,1.17721739877857,0.23452046875,0.0588235294117647,1.17193330456781,0.569485741498686,0.0288751877064981,0.0690531453364095,0.658512435865911,3.68e-05,5281842,248276.448275862,0,0,2.02577239877577e-05,0.01721420632104,0,1430,20,1461,1492
20,0,0,0,1990,1.18022962859683,0.23452046875,0.0588235294117647,1.16217313354413,0.574102110024224,0.0288861568209995,0.0692283227611995,0.659369179157127,3.68e-05,5281842,248276.448275862,0,0,2.02577239877577e-05,0.01721420632104,0,1430,20,1461,1492
20,0,0,0,1990,1.17974140301912,0.48447296875,0.0588235294117647,1.14176042426669,0.558975601629649,0.03126974805356,0.0691918955864648,0.673944661019797,3.68e-05,5281842,248276.448275862,0,0,2.02577239877577e-05,0.01721420632104,0,1430,20,1461,1492
20,0,0,0,1990,1.18714220649611,0.48447296875,0.0588235294117647,1.14242742462573,0.553972534735597,0.0291539442514847,0.0696312401001909,0.659834210226988,3.68e-05,5281842,248276.448275862,0,0,2.02577239877577e-05,0.01721420632104,0,1430,20,1461,1492
