"spark_size","total_re_emergence_prob_1_year","total_re_emergence_prob_2_year","total_re_emergence_prob_3_year","spark_year","R_naught","sigma_P","gamma","phi","sigma_M","rho","Beta_0","delta","mu_H","N_0","I_0","R_0","C_0","r","omega","epsilon","t_stop_immigration","spark","spark_time_start","spark_time_end"
20,0,0,0,1990,1.19752772536781,0.23452046875,0.0588235294117647,1.17881179956188,0.588792244652432,0.0314419616192585,0.070236197134666,0.683644375139853,3.68e-05,5281842,310345.310344828,0,0,2.02577239877577e-05,0.01721420632104,0,1430,20,1461,1492
20,0,0,0,1990,1.19940800245016,0.23452046875,0.0588235294117647,1.17254447138877,0.588711524954991,0.0317281668330055,0.0703463191289508,0.681819754336449,3.68000000000001e-05,5281842,310345.310344828,0,0,2.02577239877577e-05,0.01721420632104,0,1430,20,1461,1492
20,0,0,0,1990,1.19739104145968,0.23452046875,0.0588235294117647,1.1766496658714,0.585266354620224,0.0317584990601375,0.0702287626055977,0.681270063026718,3.68e-05,5281842,310345.310344828,0,0,2.02577239877577e-05,0.01721420632104,0,1430,20,1461,1492
20,0,0,0,1990,1.19656930214627,0.23452046875,0.0588235294117647,1.17921384992012,0.586495984895288,0.0315793159376671,0.0701813275554023,0.680111437769719,3.68e-05,5281842,310345.310344828,0,0,2.02577239877577e-05,0.01721420632104,0,1430,20,1461,1492
20,0,0,0,1990,1.19903729088269,0.29700859375,0.0588235294117647,1.17066184985146,0.585290442875316,0.0318114383940056,0.0703236792768405,0.683592252346796,3.68e-05,5281842,310345.310344828,0,0,2.02577239877577e-05,0.01721420632104,0,1430,20,1461,1492
20,0,0,0,1990,1.20103520730387,0.29700859375,0.0588235294117647,1.16851815100429,0.587217429539203,0.0314826958340084,0.0704415113067154,0.681056295657852,3.68e-05,5281842,310345.310344828,0,0,2.02577239877577e-05,0.01721420632104,0,1430,20,1461,1492
