"spark_size","total_re_emergence_prob_1_year","total_re_emergence_prob_2_year","total_re_emergence_prob_3_year","spark_year","R_naught","sigma_P","gamma","phi","sigma_M","rho","Beta_0","delta","mu_H","N_0","I_0","R_0","C_0","r","omega","epsilon","t_stop_immigration","spark","spark_time_start","spark_time_end"
20,0,0,0,1990,1.1927982754032,0.48447296875,0.0588235294117647,1.14913161156301,0.5578719969389,0.030872670903247,0.0699579565772832,0.6756357674002,3.68e-05,5281842,268966.068965517,0,0,2.02577239877577e-05,0.01721420632104,0,1430,20,1461,1492
20,0,0,0,1990,1.19356851090557,0.48447296875,0.0588235294117647,1.14838793483272,0.5654829364835,0.0306942127774865,0.070003261790162,0.675034631056085,3.68e-05,5281842,268966.068965517,0,0,2.02577239877577e-05,0.01721420632104,0,1430,20,1461,1492
20,0,0,0,1990,1.17794240237952,0.48447296875,0.0588235294117647,1.15903480194001,0.564653118104742,0.032550128971398,0.069084659272408,0.684486945270596,3.68e-05,5281842,268966.068965517,0,0,2.02577239877577e-05,0.01721420632104,0,1430,20,1461,1492
20,0,0,0,1990,1.18994871105905,0.29700859375,0.0588235294117647,1.16394128446182,0.576629398712926,0.0298351027323752,0.0697969353307269,0.663999568546978,3.68e-05,5281842,268966.068965517,0,0,2.02577239877577e-05,0.01721420632104,0,1430,20,1461,1492
20,0,0,0,1990,1.18999489432097,0.29700859375,0.0588235294117647,1.1631228986119,0.581015770553132,0.0298287785709808,0.0697976280610808,0.669228587063985,3.68000000000001e-05,5281842,268966.068965517,0,0,2.02577239877577e-05,0.01721420632104,0,1430,20,1461,1492
20,0,0,0,1990,1.18533955118653,0.29700859375,0.0588235294117647,1.16322566981873,0.576169645056278,0.0298392911493831,0.0695251649259584,0.667645582852859,3.68e-05,5281842,268966.068965517,0,0,2.02577239877577e-05,0.01721420632104,0,1430,20,1461,1492
