"spark_size","total_re_emergence_prob_1_year","total_re_emergence_prob_2_year","total_re_emergence_prob_3_year","spark_year","R_naught","sigma_P","gamma","phi","sigma_M","rho","Beta_0","delta","mu_H","N_0","I_0","R_0","C_0","r","omega","epsilon","t_stop_immigration","spark","spark_time_start","spark_time_end"
20,0,0,0,1990,1.20179039619317,0.00019,0.0588235294117647,1.18174419255917,0.599369841766878,0.0324263804417196,0.0704846559530782,0.688950810582973,3.68e-05,5281842,328125.430620446,0,0,2.02577239877577e-05,0.01721420632104,0,1430,20,1461,1492
20,0,0,0,1990,1.20085035743101,0.00019,0.0588235294117647,1.18377173478127,0.597214210950717,0.032183982845427,0.0704308294804579,0.686124901691769,3.67999999999999e-05,5281842,328125.790033171,0,0,2.02577239877577e-05,0.01721420632104,0,1430,20,1461,1492
20,0,0,0,1990,1.15613305487897,0.00019,0.0588235294117647,1.13720325458085,0.593648576518263,0.0251921339102151,0.0678304339279735,0.608169708894787,3.68e-05,5281842,145313.864931819,0,0,2.02577239877577e-05,0.01721420632104,0,1430,20,1461,1492
20,0,0,0,1990,1.15859775828237,0.00019,0.0588235294117647,1.13522457883574,0.588828151821246,0.0253852241570294,0.0679749465602687,0.607848732227351,3.68e-05,5281842,145311.260000128,0,0,2.02577239877577e-05,0.01721420632104,0,1430,20,1461,1492
20,0,0,0,1990,1.15731938319632,0.00019,0.0588235294117647,1.13196367513763,0.594125374589883,0.0253308047571557,0.0678997667141996,0.607399598940108,3.68e-05,5281842,145313.305093313,0,0,2.02577239877577e-05,0.01721420632104,0,1430,20,1461,1492
20,0,0,0,1990,1.15806620252406,0.00019,0.0588235294117647,1.13467146341554,0.582639799062773,0.0253897331681601,0.0679432963143364,0.608971764644503,3.68e-05,5281842,145313.229312832,0,0,2.02577239877577e-05,0.01721420632104,0,1430,20,1461,1492
