"spark_size","total_re_emergence_prob_1_year","total_re_emergence_prob_2_year","total_re_emergence_prob_3_year","spark_year","R_naught","sigma_P","gamma","phi","sigma_M","rho","Beta_0","delta","mu_H","N_0","I_0","R_0","C_0","r","omega","epsilon","t_stop_immigration","spark","spark_time_start","spark_time_end"
20,0,0,0,1990,1.16717592955616,0.241523448275862,0.0588235294117647,1.1531762996677,0.566293830926124,0.0270537003518911,0.0684687053656786,0.639569658332104,3.68e-05,5281842,196875.156849093,0,0,2.02577239877577e-05,0.01721420632104,0,1430,20,1461,1492
20,0,0,0,1990,1.1898884667337,0.241523448275862,0.0588235294117647,1.1663793656205,0.578870656626925,0.0300670082568729,0.0697917044414028,0.669476073040774,3.68e-05,5281842,271875.461008915,0,0,2.02577239877577e-05,0.01721420632104,0,1430,20,1461,1492
20,0,0,0,1990,1.1856035334425,0.241523448275862,0.0588235294117647,1.17177501888841,0.577488739999467,0.0301754894003745,0.0695410093225505,0.66960880803226,3.68e-05,5281842,271875.023632416,0,0,2.02577239877577e-05,0.01721420632104,0,1430,20,1461,1492
20,0,0,0,1990,1.18524709302147,0.241523448275862,0.0588235294117647,1.17215644841472,0.579452304525702,0.0304295773827956,0.0695198286078903,0.670496861619298,3.68e-05,5281842,271874.63806436,0,0,2.02577239877577e-05,0.01721420632104,0,1430,20,1461,1492
20,0,0,0,1990,1.18921617020388,0.241523448275862,0.0588235294117647,1.16572695531907,0.578022565995303,0.0301208691775911,0.0697523373246774,0.669071199337463,3.67999999999999e-05,5281842,271875.669976133,0,0,2.02577239877577e-05,0.01721420632104,0,1430,20,1461,1492
20,0,0,0,1990,1.18937895940285,0.241523448275862,0.0588235294117647,1.16821025399564,0.570658298723005,0.0297478103117982,0.0697629667081531,0.666966986038246,3.68e-05,5281842,271876.520298029,0,0,2.02577239877577e-05,0.01721420632104,0,1430,20,1461,1492
