"spark_size","total_re_emergence_prob_1_year","total_re_emergence_prob_2_year","total_re_emergence_prob_3_year","spark_year","R_naught","sigma_P","gamma","phi","sigma_M","rho","Beta_0","delta","mu_H","N_0","I_0","R_0","C_0","r","omega","epsilon","t_stop_immigration","spark","spark_time_start","spark_time_end"
20,0,0,0,1990,1.18543757365362,0.07830015625,0.0588235294117647,1.16327873798868,0.482810344827586,0.0286935940735255,0.0695337443175814,0.659903663419219,3.68e-05,5281842,253125.785514609,0,0,2.02577239877577e-05,0.01721420632104,0,1430,20,1461,1492
20,0,0,0,1990,1.18550466079445,0.07830015625,0.0588235294117647,1.17231915494923,0.482810344827586,0.0284907272146172,0.0695390150673967,0.659317300515286,3.68e-05,5281842,253126.078058023,0,0,2.02577239877577e-05,0.01721420632104,0,1430,20,1461,1492
20,0,0,0,1990,1.18345137771011,0.07830015625,0.0588235294117647,1.16923972567784,0.482810344827586,0.0288473280008429,0.069418989573423,0.657115862774804,3.68e-05,5281842,253124.557445222,0,0,2.02577239877577e-05,0.01721420632104,0,1430,20,1461,1492
20,0,0,0,1990,1.18460189199771,0.07830015625,0.0588235294117647,1.17700843289078,0.482810344827586,0.028326803199475,0.0694872510785036,0.657655845139632,3.68e-05,5281842,253126.418049005,0,0,2.02577239877577e-05,0.01721420632104,0,1430,20,1461,1492
20,0,0,0,1990,1.18215295736342,0.07830015625,0.0588235294117647,1.1673194170054,0.482810344827586,0.0288388814155031,0.0693402315786422,0.663613145253589,3.68000000000001e-05,5281842,253125.377790874,0,0,2.02577239877577e-05,0.01721420632104,0,1430,20,1461,1492
20,0,0,0,1990,1.17219973759727,0.445417890625,0.0588235294117647,1.11180573615272,0.482810344827586,0.0260156880936547,0.0687638070887387,0.626096875698513,3.67999999999999e-05,5281842,145313.356510019,0,0,2.02577239877577e-05,0.01721420632104,0,1430,20,1461,1492
