"spark_size","total_re_emergence_prob_1_year","total_re_emergence_prob_2_year","total_re_emergence_prob_3_year","spark_year","R_naught","sigma_P","gamma","phi","sigma_M","rho","Beta_0","delta","mu_H","N_0","I_0","R_0","C_0","r","omega","epsilon","t_stop_immigration","spark","spark_time_start","spark_time_end"
20,0,0,0,1990,1.1946970326678,0.275999655172414,0.0588235294117647,1.17027170600592,0.582197526138237,0.0303834949977634,0.0700727794906931,0.673466377792912,3.68e-05,5281842,290625.142968923,0,0,2.02577239877577e-05,0.01721420632104,0,1430,20,1461,1492
20,0,0,0,1990,1.19380194826094,0.275999655172414,0.0588235294117647,1.1706185927404,0.582258507656719,0.0308695462585794,0.0700196547725433,0.675296883595475,3.68e-05,5281842,290626.109213709,0,0,2.02577239877577e-05,0.01721420632104,0,1430,20,1461,1492
20,0,0,0,1990,1.19367081989689,0.275999655172414,0.0588235294117647,1.16618147562256,0.580138036611915,0.0304290648000114,0.0700111463640056,0.67597605232751,3.68000000000001e-05,5281842,290626.13772348,0,0,2.02577239877577e-05,0.01721420632104,0,1430,20,1461,1492
20,0,0,0,1990,1.19494134174702,0.275999655172414,0.0588235294117647,1.17061380797508,0.585584124679917,0.0306330944331878,0.0700870882188141,0.673643060717408,3.68e-05,5281842,290624.662959567,0,0,2.02577239877577e-05,0.01721420632104,0,1430,20,1461,1492
20,0,0,0,1990,1.19471008934478,0.275999655172414,0.0588235294117647,1.17280964727264,0.578357497110068,0.0305087503908604,0.0700743303634491,0.672212423267659,3.68e-05,5281842,290626.750446816,0,0,2.02577239877577e-05,0.01721420632104,0,1430,20,1461,1492
20,0,0,0,1990,1.16061156941304,0.275999655172414,0.0588235294117647,1.12638578866647,0.579521967615282,0.0263184969608324,0.0680869005128245,0.622360106557032,3.67999999999999e-05,5281842,140626.693780487,0,0,2.02577239877577e-05,0.01721420632104,0,1430,20,1461,1492
