"spark_size","total_re_emergence_prob_1_year","total_re_emergence_prob_2_year","total_re_emergence_prob_3_year","spark_year","R_naught","sigma_P","gamma","phi","sigma_M","rho","Beta_0","delta","mu_H","N_0","I_0","R_0","C_0","r","omega","epsilon","t_stop_immigration","spark","spark_time_start","spark_time_end"
20,0.04,0.02,0.01,1990,1.22326458159533,0.98437796875,0.0588235294117647,1.06313065832626,0.453677190650151,0.0283095533418787,0.0717397507529577,0.663316752392222,3.68e-05,5281842,206897.206896552,0,0,2.02577239877577e-05,0.01721420632104,0,1430,20,1461,1492
20,0.04,0,0,1990,1.21489013269549,0.98437796875,0.0588235294117647,1.05910210817857,0.451303430032089,0.0287025472183235,0.0712497567427241,0.659379566093528,3.68e-05,5281842,206897.206896552,0,0,2.02577239877577e-05,0.01721420632104,0,1430,20,1461,1492
20,0.05,0.01,0,1990,1.22189748499873,0.98437796875,0.0588235294117647,1.04511863691758,0.445083364912276,0.0278939202275748,0.0716582800520436,0.662058830946949,3.68000000000001e-05,5281842,206897.206896552,0,0,2.02577239877577e-05,0.01721420632104,0,1430,20,1461,1492
20,0.03,0.02,0,1990,1.2067504219652,0.98437796875,0.0588235294117647,1.06450660849398,0.442768158217646,0.02914714193739,0.0707709476977077,0.664476545790593,3.68e-05,5281842,206897.206896552,0,0,2.02577239877577e-05,0.01721420632104,0,1430,20,1461,1492
20,0.04,0,0,1990,1.21370286295091,0.98437796875,0.0588235294117647,1.06913184359764,0.45148088866686,0.0286964410293701,0.0711805338772111,0.660932708678073,3.68e-05,5281842,206897.206896552,0,0,2.02577239877577e-05,0.01721420632104,0,1430,20,1461,1492
20,0,0,0,1990,1.15874286627492,0.48447296875,0.0588235294117647,1.14073231732881,0.578728601239831,0.0326934881117795,0.0679590605116174,0.677132466233223,3.68000000000001e-05,5281842,206897.206896552,0,0,2.02577239877577e-05,0.01721420632104,0,1430,20,1461,1492
