"spark_size","total_re_emergence_prob_1_year","total_re_emergence_prob_2_year","total_re_emergence_prob_3_year","spark_year","R_naught","sigma_P","gamma","phi","sigma_M","rho","Beta_0","delta","mu_H","N_0","I_0","R_0","C_0","r","omega","epsilon","t_stop_immigration","spark","spark_time_start","spark_time_end"
20,0,0,0,1990,1.2083691892305,0.01581203125,0.0588235294117647,1.18636075557541,0.612302717660409,0.0369655172413793,0.0708615694152734,0.714989936434535,3.68e-05,5281842,365625.815111608,0,0,2.02577239877577e-05,0.01721420632104,0,1430,20,1461,1492
20,0,0,0,1990,1.16586514918208,0.07830015625,0.0588235294117647,1.17047249635062,0.595761400224696,0.0369655172413793,0.0683697093896359,0.707094992084589,3.68e-05,5281842,253126.716364092,0,0,2.02577239877577e-05,0.01721420632104,0,1430,20,1461,1492
20,0,0,0,1990,1.16269196124806,0.07830015625,0.0588235294117647,1.17098950078125,0.594385245259739,0.0369655172413793,0.068184143739608,0.705827273885999,3.68e-05,5281842,253126.204432792,0,0,2.02577239877577e-05,0.01721420632104,0,1430,20,1461,1492
20,0,0,0,1990,1.16592997070212,0.07830015625,0.0588235294117647,1.16811385500202,0.595355669402561,0.0369655172413793,0.068373102593414,0.707370911968332,3.68e-05,5281842,253126.257286842,0,0,2.02577239877577e-05,0.01721420632104,0,1430,20,1461,1492
20,0,0,0,1990,1.16570935828918,0.07830015625,0.0588235294117647,1.17014252150019,0.595572045660581,0.0369655172413793,0.0683607427337247,0.706499405992103,3.68e-05,5281842,253125.772149755,0,0,2.02577239877577e-05,0.01721420632104,0,1430,20,1461,1492
20,0,0,0,1990,1.1644519521502,0.07830015625,0.0588235294117647,1.1696700493573,0.597353944923814,0.0369655172413793,0.0682868329912307,0.706806758282563,3.67999999999999e-05,5281842,253124.984000189,0,0,2.02577239877577e-05,0.01721420632104,0,1430,20,1461,1492
