"spark_size","total_re_emergence_prob_1_year","total_re_emergence_prob_2_year","total_re_emergence_prob_3_year","spark_year","R_naught","sigma_P","gamma","phi","sigma_M","rho","Beta_0","delta","mu_H","N_0","I_0","R_0","C_0","r","omega","epsilon","t_stop_immigration","spark","spark_time_start","spark_time_end"
20,0.05,0,0,1990,1.20970459528271,0.896571379310345,0.0588235294117647,1.03913245798661,0.475254219970383,0.026705150702259,0.0709491728923089,0.645467257433638,3.68e-05,5281842,145313.830990174,0,0,2.02577239877577e-05,0.01721420632104,0,1430,20,1461,1492
20,0.03,0,0,1990,1.20397791928613,0.896571379310345,0.0588235294117647,1.04295902161316,0.456351813315081,0.0268877261463112,0.0706127813008999,0.647708391072241,3.68e-05,5281842,145311.077293974,0,0,2.02577239877577e-05,0.01721420632104,0,1430,20,1461,1492
20,0,0,0,1990,1.20843675193909,0.896571379310345,0.0588235294117647,1.03736594881116,0.452247101000157,0.0266566600729847,0.0708721669706454,0.651795908403213,3.68e-05,5281842,145313.976123245,0,0,2.02577239877577e-05,0.01721420632104,0,1430,20,1461,1492
20,0.03,0,0,1990,1.20889673028305,0.896571379310345,0.0588235294117647,1.05545158880672,0.467822052174527,0.0274929568591859,0.0709009442355587,0.651577921547174,3.68e-05,5281842,145312.837339956,0,0,2.02577239877577e-05,0.01721420632104,0,1430,20,1461,1492
20,0.02,0,0,1990,1.20971797619863,0.896571379310345,0.0588235294117647,1.04650904131694,0.466639439595874,0.0264640822408375,0.0709496785401469,0.64793294116483,3.68e-05,5281842,145313.247346732,0,0,2.02577239877577e-05,0.01721420632104,0,1430,20,1461,1492
20,0.04,0.01,0,1990,1.20839103992099,0.896571379310345,0.0588235294117647,1.08126025003294,0.478378629843585,0.0288026598936856,0.0708724785717531,0.655198094346165,3.68e-05,5281842,220313.276058873,0,0,2.02577239877577e-05,0.01721420632104,0,1430,20,1461,1492
