"spark_size","total_re_emergence_prob_1_year","total_re_emergence_prob_2_year","total_re_emergence_prob_3_year","spark_year","R_naught","sigma_P","gamma","phi","sigma_M","rho","Beta_0","delta","mu_H","N_0","I_0","R_0","C_0","r","omega","epsilon","t_stop_immigration","spark","spark_time_start","spark_time_end"
20,0,0,0,1990,1.16033862084839,0.17203234375,0.0588235294117647,1.11395321109821,0.590235713017607,0.0251576043462172,0.0680762588523312,0.604137092617893,3.68e-05,5281842,124138.724137931,0,0,2.02577239877577e-05,0.01721420632104,0,1430,20,1461,1492
20,0,0,0,1990,1.15376514329335,0.01581203125,0.0588235294117647,1.11898386155808,0.608429874295303,0.0253999541762393,0.0676927674864131,0.599536828431095,3.68e-05,5281842,124138.724137931,0,0,2.02577239877577e-05,0.01721420632104,0,1430,20,1461,1492
20,0.02,0,0,1990,1.200299008081,0.89064578125,0.0588235294117647,1.03117048129776,0.459344782467518,0.0265377523092587,0.0703982537159873,0.641786565337664,3.68e-05,5281842,124138.724137931,0,0,2.02577239877577e-05,0.01721420632104,0,1430,20,1461,1492
20,0.04,0.01,0,1990,1.20665441076496,0.89064578125,0.0588235294117647,1.03468167373481,0.464594414089871,0.0263971871310654,0.0707718149750039,0.640518491457224,3.68e-05,5281842,124138.724137931,0,0,2.02577239877577e-05,0.01721420632104,0,1430,20,1461,1492
20,0.03,0,0,1990,1.20182800993266,0.89064578125,0.0588235294117647,1.03424970798464,0.448396040718431,0.0266323611463009,0.0704861238877431,0.64711274061702,3.68000000000001e-05,5281842,124138.724137931,0,0,2.02577239877577e-05,0.01721420632104,0,1430,20,1461,1492
20,0.02,0,0,1990,1.21013375360667,0.89064578125,0.0588235294117647,1.03092012026913,0.450759668918223,0.0262894633468797,0.0709723309979052,0.648673519391473,3.68e-05,5281842,124138.724137931,0,0,2.02577239877577e-05,0.01721420632104,0,1430,20,1461,1492
