"spark_size","total_re_emergence_prob_1_year","total_re_emergence_prob_2_year","total_re_emergence_prob_3_year","spark_year","R_naught","sigma_P","gamma","phi","sigma_M","rho","Beta_0","delta","mu_H","N_0","I_0","R_0","C_0","r","omega","epsilon","t_stop_immigration","spark","spark_time_start","spark_time_end"
20,0,0,0,1990,1.16248605064435,0.241523448275862,0.0588235294117647,1.1250989868198,0.57800847234723,0.0255612791719545,0.0681994773503066,0.614824041651086,3.68e-05,5281842,145312.628845145,0,0,2.02577239877577e-05,0.01721420632104,0,1430,20,1461,1492
20,0,0,0,1990,1.16245007972621,0.241523448275862,0.0588235294117647,1.13236236832361,0.572792085140198,0.0253473319507197,0.0681978512438358,0.615587484479419,3.68e-05,5281842,145311.737160064,0,0,2.02577239877577e-05,0.01721420632104,0,1430,20,1461,1492
20,0,0,0,1990,1.19075900699789,0.241523448275862,0.0588235294117647,1.17742088260687,0.583075262076519,0.0312215139715693,0.0698407991782128,0.678755784775265,3.68000000000001e-05,5281842,295312.238537024,0,0,2.02577239877577e-05,0.01721420632104,0,1430,20,1461,1492
20,0,0,0,1990,1.19612325584234,0.241523448275862,0.0588235294117647,1.17441286877089,0.583685742801807,0.0307048850415041,0.0701551888697179,0.678324794321478,3.68e-05,5281842,295312.342843138,0,0,2.02577239877577e-05,0.01721420632104,0,1430,20,1461,1492
20,0,0,0,1990,1.19465003998002,0.241523448275862,0.0588235294117647,1.17536179763491,0.57930831852577,0.030986343705862,0.0700693138785719,0.677206050507757,3.68000000000001e-05,5281842,295314.751897849,0,0,2.02577239877577e-05,0.01721420632104,0,1430,20,1461,1492
20,0,0,0,1990,1.19601888887706,0.241523448275862,0.0588235294117647,1.16706321670652,0.582358791046318,0.0308605746350818,0.0701488229973251,0.676398552319827,3.68e-05,5281842,295312.159958311,0,0,2.02577239877577e-05,0.01721420632104,0,1430,20,1461,1492
