"spark_size","total_re_emergence_prob_1_year","total_re_emergence_prob_2_year","total_re_emergence_prob_3_year","spark_year","R_naught","sigma_P","gamma","phi","sigma_M","rho","Beta_0","delta","mu_H","N_0","I_0","R_0","C_0","r","omega","epsilon","t_stop_immigration","spark","spark_time_start","spark_time_end"
20,0,0,0,1990,1.18306863832518,0.551809310344828,0.0588235294117647,1.09466524714721,0.53235773105094,0.0257722673433847,0.0693980971665442,0.630202227852861,3.68000000000001e-05,5281842,145312.461856354,0,0,2.02577239877577e-05,0.01721420632104,0,1430,20,1461,1492
20,0,0,0,1990,1.18353909874767,0.551809310344828,0.0588235294117647,1.08973125354222,0.52912982732429,0.0260378940903467,0.0694253440331354,0.629811559195513,3.68e-05,5281842,145312.553219218,0,0,2.02577239877577e-05,0.01721420632104,0,1430,20,1461,1492
20,0,0,0,1990,1.1827367357046,0.551809310344828,0.0588235294117647,1.0992214216014,0.534126817734376,0.0258604141918754,0.0693798661320328,0.628138254293433,3.68e-05,5281842,145314.037223398,0,0,2.02577239877577e-05,0.01721420632104,0,1430,20,1461,1492
20,0,0,0,1990,1.18306210418065,0.551809310344828,0.0588235294117647,1.09240926360305,0.531171711333648,0.0262083173143831,0.0693962998924112,0.633354235162625,3.68e-05,5281842,145313.200039973,0,0,2.02577239877577e-05,0.01721420632104,0,1430,20,1461,1492
20,0,0,0,1990,1.18078543252658,0.551809310344828,0.0588235294117647,1.09165540868386,0.531618988639703,0.0260194716574458,0.0692639904437633,0.629861250579104,3.67999999999999e-05,5281842,145313.193981874,0,0,2.02577239877577e-05,0.01721420632104,0,1430,20,1461,1492
20,0,0,0,1990,1.1864615780006,0.551809310344828,0.0588235294117647,1.12948650988835,0.536818240087635,0.0287420439816043,0.0695906006319574,0.657703088148822,3.68e-05,5281842,220312.712734183,0,0,2.02577239877577e-05,0.01721420632104,0,1430,20,1461,1492
