"spark_size","total_re_emergence_prob_1_year","total_re_emergence_prob_2_year","total_re_emergence_prob_3_year","spark_year","R_naught","sigma_P","gamma","phi","sigma_M","rho","Beta_0","delta","mu_H","N_0","I_0","R_0","C_0","r","omega","epsilon","t_stop_immigration","spark","spark_time_start","spark_time_end"
20,0,0,0,1990,1.20394431658464,0.20704724137931,0.0588235294117647,1.17500734331729,0.59876850454431,0.0322785450550358,0.0706109149432971,0.68667629495241,3.67999999999999e-05,5281842,328124.193990676,0,0,2.02577239877577e-05,0.01721420632104,0,1430,20,1461,1492
20,0,0,0,1990,1.20293884357393,0.20704724137931,0.0588235294117647,1.17949752128134,0.596258503500527,0.0323112356128717,0.0705523647257291,0.6871641457618,3.68e-05,5281842,328125.381649838,0,0,2.02577239877577e-05,0.01721420632104,0,1430,20,1461,1492
20,0,0,0,1990,1.20431773333896,0.20704724137931,0.0588235294117647,1.17887090786391,0.595726471860859,0.0320753139777424,0.070632845412211,0.687999942439081,3.68e-05,5281842,328125.380953352,0,0,2.02577239877577e-05,0.01721420632104,0,1430,20,1461,1492
20,0,0,0,1990,1.20477288799766,0.20704724137931,0.0588235294117647,1.17631531706339,0.593582158039539,0.0323470452487654,0.0706595668812389,0.686996439854466,3.68e-05,5281842,328124.577784785,0,0,2.02577239877577e-05,0.01721420632104,0,1430,20,1461,1492
20,0,0,0,1990,1.15810630502218,0.20704724137931,0.0588235294117647,1.12836653999809,0.579091597490703,0.025366481359772,0.0679444785445811,0.610390343563135,3.68e-05,5281842,145311.966688534,0,0,2.02577239877577e-05,0.01721420632104,0,1430,20,1461,1492
20,0,0,0,1990,1.16472408932481,0.20704724137931,0.0588235294117647,1.12465671883398,0.584311651378127,0.0253530461313345,0.0683313186105001,0.613212896071586,3.67999999999999e-05,5281842,145312.758539483,0,0,2.02577239877577e-05,0.01721420632104,0,1430,20,1461,1492
