"spark_size","total_re_emergence_prob_1_year","total_re_emergence_prob_2_year","total_re_emergence_prob_3_year","spark_year","R_naught","sigma_P","gamma","phi","sigma_M","rho","Beta_0","delta","mu_H","N_0","I_0","R_0","C_0","r","omega","epsilon","t_stop_immigration","spark","spark_time_start","spark_time_end"
20,0,0,0,1990,1.17805512294036,0.14078828125,0.0588235294117647,1.16764710140092,0.582277984549834,0.0286085958020473,0.0691025021438675,0.656445272515852,3.67999999999999e-05,5281842,248276.448275862,0,0,2.02577239877577e-05,0.01721420632104,0,1430,20,1461,1492
20,0,0,0,1990,1.17829835979345,0.14078828125,0.0588235294117647,1.16741023828914,0.581330395562522,0.0289599676826465,0.0691150021793796,0.661251761722631,3.68e-05,5281842,248276.448275862,0,0,2.02577239877577e-05,0.01721420632104,0,1430,20,1461,1492
20,0,0,0,1990,1.1805165183484,0.14078828125,0.0588235294117647,1.1701460691116,0.577790724059144,0.029014738328761,0.0692454510600307,0.661253106895496,3.68e-05,5281842,248276.448275862,0,0,2.02577239877577e-05,0.01721420632104,0,1430,20,1461,1492
20,0,0,0,1990,1.17891777022575,0.14078828125,0.0588235294117647,1.17133188134406,0.579019213529658,0.0285723881914215,0.0691543411558581,0.654276098653728,3.68e-05,5281842,248276.448275862,0,0,2.02577239877577e-05,0.01721420632104,0,1430,20,1461,1492
20,0,0,0,1990,1.1996117188122,0.64069328125,0.0588235294117647,1.12239330836661,0.542918731141546,0.0291453166247053,0.0703595705717354,0.661744982363014,3.68e-05,5281842,248276.448275862,0,0,2.02577239877577e-05,0.01721420632104,0,1430,20,1461,1492
20,0,0,0,1990,1.17892932003464,0.07830015625,0.0588235294117647,1.17246054217575,0.578709589326167,0.0287000057206444,0.0691542041783443,0.656918141235055,3.68e-05,5281842,248276.448275862,0,0,2.02577239877577e-05,0.01721420632104,0,1430,20,1461,1492
