"spark_size","total_re_emergence_prob_1_year","total_re_emergence_prob_2_year","total_re_emergence_prob_3_year","spark_year","R_naught","sigma_P","gamma","phi","sigma_M","rho","Beta_0","delta","mu_H","N_0","I_0","R_0","C_0","r","omega","epsilon","t_stop_immigration","spark","spark_time_start","spark_time_end"
20,0,0,0,1990,1.16031237112968,0.14078828125,0.0588235294117647,1.12736537159131,0.589617722901267,0.0266896551724138,0.0680709820406974,0.618148406946381,3.68e-05,5281842,140625.275911982,0,0,2.02577239877577e-05,0.01721420632104,0,1430,20,1461,1492
20,0,0,0,1990,1.15757607407835,0.14078828125,0.0588235294117647,1.12551919569333,0.588925602143769,0.0266896551724138,0.0679101110977632,0.618562552144861,3.68e-05,5281842,140625.394339251,0,0,2.02577239877577e-05,0.01721420632104,0,1430,20,1461,1492
20,0,0,0,1990,1.1588073949164,0.14078828125,0.0588235294117647,1.1284615697068,0.598588874170013,0.0266896551724138,0.0679815364779571,0.621648032207462,3.68e-05,5281842,140626.965816083,0,0,2.02577239877577e-05,0.01721420632104,0,1430,20,1461,1492
20,0,0,0,1990,1.15686050423234,0.14078828125,0.0588235294117647,1.12714122171682,0.588690086187031,0.0266896551724138,0.0678679840472602,0.619437280849072,3.68e-05,5281842,140624.283724244,0,0,2.02577239877577e-05,0.01721420632104,0,1430,20,1461,1492
20,0,0,0,1990,1.18562203959664,0.07830015625,0.0588235294117647,1.16815104072866,0.576277918602834,0.0266896551724138,0.0695502491752635,0.645937384912822,3.68e-05,5281842,253125.455009266,0,0,2.02577239877577e-05,0.01721420632104,0,1430,20,1461,1492
20,0,0,0,1990,1.1859638322588,0.07830015625,0.0588235294117647,1.16808806682193,0.576379243854277,0.0266896551724138,0.0695703255680465,0.645843925352141,3.68000000000001e-05,5281842,253126.216951408,0,0,2.02577239877577e-05,0.01721420632104,0,1430,20,1461,1492
