"spark_size","total_re_emergence_prob_1_year","total_re_emergence_prob_2_year","total_re_emergence_prob_3_year","spark_year","R_naught","sigma_P","gamma","phi","sigma_M","rho","Beta_0","delta","mu_H","N_0","I_0","R_0","C_0","r","omega","epsilon","t_stop_immigration","spark","spark_time_start","spark_time_end"
20,0,0,0,1990,1.21525952223569,0.01581203125,0.0588235294117647,1.18869440810682,0.610542929081209,0.0334724861100766,0.0712753110306681,0.689655172413793,3.68e-05,5281842,365625.391135347,0,0,2.02577239877577e-05,0.01721420632104,0,1430,20,1461,1492
20,0,0,0,1990,1.21800810773774,0.01581203125,0.0588235294117647,1.1875159652644,0.609703988064679,0.0332873660266795,0.0714363530908865,0.689655172413793,3.68e-05,5281842,365625.160236331,0,0,2.02577239877577e-05,0.01721420632104,0,1430,20,1461,1492
20,0,0,0,1990,1.21498736130475,0.01581203125,0.0588235294117647,1.1931036381454,0.613402027091446,0.0333116529925791,0.071259961144982,0.689655172413793,3.68e-05,5281842,365624.733940975,0,0,2.02577239877577e-05,0.01721420632104,0,1430,20,1461,1492
20,0,0,0,1990,1.21701349246297,0.01581203125,0.0588235294117647,1.18932559361247,0.614617952079074,0.0332227562144415,0.0713782693872193,0.689655172413793,3.68000000000001e-05,5281842,365626.725589142,0,0,2.02577239877577e-05,0.01721420632104,0,1430,20,1461,1492
20,0,0,0,1990,1.21963858506732,0.01581203125,0.0588235294117647,1.18498907787416,0.610674469402068,0.0333125211220199,0.0715316315066453,0.689655172413793,3.68e-05,5281842,365625.855072726,0,0,2.02577239877577e-05,0.01721420632104,0,1430,20,1461,1492
20,0,0,0,1990,1.17742325046183,0.07830015625,0.0588235294117647,1.16391832699023,0.581687625270734,0.0312818302041031,0.0690529577800699,0.689655172413793,3.68e-05,5281842,253127.301908358,0,0,2.02577239877577e-05,0.01721420632104,0,1430,20,1461,1492
