"spark_size","total_re_emergence_prob_1_year","total_re_emergence_prob_2_year","total_re_emergence_prob_3_year","spark_year","R_naught","sigma_P","gamma","phi","sigma_M","rho","Beta_0","delta","mu_H","N_0","I_0","R_0","C_0","r","omega","epsilon","t_stop_immigration","spark","spark_time_start","spark_time_end"
20,0,0,0,1990,1.18859262143218,0.35949671875,0.0588235294117647,1.1585265383406,0.576285267609898,0.030530989618826,0.0697126623888474,0.675080251589614,3.67999999999999e-05,5281842,268966.068965517,0,0,2.02577239877577e-05,0.01721420632104,0,1430,20,1461,1492
20,0,0,0,1990,1.18600868881753,0.23452046875,0.0588235294117647,1.17062599932529,0.580013670267441,0.029950858271208,0.0695652138516859,0.667996189671931,3.68e-05,5281842,268966.068965517,0,0,2.02577239877577e-05,0.01721420632104,0,1430,20,1461,1492
20,0,0,0,1990,1.18712056426004,0.23452046875,0.0588235294117647,1.16969490020018,0.574970480170145,0.0297277719734414,0.069630063131204,0.668682793529157,3.68000000000001e-05,5281842,268966.068965517,0,0,2.02577239877577e-05,0.01721420632104,0,1430,20,1461,1492
20,0,0,0,1990,1.18303380711596,0.23452046875,0.0588235294117647,1.17272711328686,0.582681523743823,0.0300597969926282,0.0693911742952548,0.667481896502851,3.68e-05,5281842,268966.068965517,0,0,2.02577239877577e-05,0.01721420632104,0,1430,20,1461,1492
20,0,0,0,1990,1.1866279533595,0.23452046875,0.0588235294117647,1.17280154599731,0.580800694016155,0.0296090294716181,0.0696027166901553,0.665507243974005,3.68e-05,5281842,268966.068965517,0,0,2.02577239877577e-05,0.01721420632104,0,1430,20,1461,1492
20,0,0,0,1990,1.18811736605834,0.23452046875,0.0588235294117647,1.16669759724382,0.572863308042663,0.0298739777583762,0.0696878137368961,0.669609466273488,3.67999999999999e-05,5281842,268966.068965517,0,0,2.02577239877577e-05,0.01721420632104,0,1430,20,1461,1492
