"spark_size","total_re_emergence_prob_1_year","total_re_emergence_prob_2_year","total_re_emergence_prob_3_year","spark_year","R_naught","sigma_P","gamma","phi","sigma_M","rho","Beta_0","delta","mu_H","N_0","I_0","R_0","C_0","r","omega","epsilon","t_stop_immigration","spark","spark_time_start","spark_time_end"
20,0,0,0,1990,1.18787766560781,0.17203234375,0.0588235294117647,1.17603607864901,0.588934588448372,0.0305148771894659,0.0696736686156107,0.673116185080718,3.68e-05,5281842,289655.689655172,0,0,2.02577239877577e-05,0.01721420632104,0,1430,20,1461,1492
20,0,0,0,1990,1.19307910294896,0.17203234375,0.0588235294117647,1.17403165653016,0.582719450929721,0.0306038005375085,0.0699782819893305,0.673697524970946,3.68e-05,5281842,289655.689655172,0,0,2.02577239877577e-05,0.01721420632104,0,1430,20,1461,1492
20,0,0,0,1990,1.19049758183689,0.17203234375,0.0588235294117647,1.17741905906507,0.581949879100066,0.0303988839288176,0.0698271481357426,0.674127794599239,3.68e-05,5281842,289655.689655172,0,0,2.02577239877577e-05,0.01721420632104,0,1430,20,1461,1492
20,0,0,0,1990,1.19136789135981,0.17203234375,0.0588235294117647,1.17610630655507,0.586082873353151,0.0307441261915426,0.069877482684666,0.675616933610378,3.68000000000001e-05,5281842,289655.689655172,0,0,2.02577239877577e-05,0.01721420632104,0,1430,20,1461,1492
20,0,0,0,1990,1.19182581413381,0.17203234375,0.0588235294117647,1.17308534274721,0.589264460150291,0.0307439364380913,0.0699042626422173,0.674760134470422,3.68e-05,5281842,289655.689655172,0,0,2.02577239877577e-05,0.01721420632104,0,1430,20,1461,1492
20,0,0,0,1990,1.19090812667375,0.26576453125,0.0588235294117647,1.17171720610196,0.586623931502864,0.03086311033199,0.0698500280703893,0.675399792108033,3.68e-05,5281842,289655.689655172,0,0,2.02577239877577e-05,0.01721420632104,0,1430,20,1461,1492
