"spark_size","total_re_emergence_prob_1_year","total_re_emergence_prob_2_year","total_re_emergence_prob_3_year","spark_year","R_naught","sigma_P","gamma","phi","sigma_M","rho","Beta_0","delta","mu_H","N_0","I_0","R_0","C_0","r","omega","epsilon","t_stop_immigration","spark","spark_time_start","spark_time_end"
20,0,0,0,1990,1.17478127109332,0.26576453125,0.0588235294117647,1.15126658489543,0.602799697532989,0.0343692736200409,0.0688893302083198,0.709155927988439,3.68e-05,5281842,248276.448275862,0,0,2.02577239877577e-05,0.01721420632104,0,1430,20,1461,1492
20,0,0,0,1990,1.1810516291634,0.26576453125,0.0588235294117647,1.16085225241663,0.570168563553536,0.0292651962226954,0.0692756469424107,0.661376671948721,3.68000000000001e-05,5281842,248276.448275862,0,0,2.02577239877577e-05,0.01721420632104,0,1430,20,1461,1492
20,0,0,0,1990,1.18381836354654,0.26576453125,0.0588235294117647,1.16230014302074,0.569460733066136,0.0296660230369243,0.0694357912491353,0.667740597381818,3.68e-05,5281842,248276.448275862,0,0,2.02577239877577e-05,0.01721420632104,0,1430,20,1461,1492
20,0,0,0,1990,1.19511599539277,0.51571703125,0.0588235294117647,1.14008434247355,0.551336057631837,0.0293467653581203,0.0700974478486848,0.663095153837218,3.68e-05,5281842,248276.448275862,0,0,2.02577239877577e-05,0.01721420632104,0,1430,20,1461,1492
20,0,0,0,1990,1.17254442736699,0.51571703125,0.0588235294117647,1.15005875835408,0.575229141550824,0.0324040917139364,0.0687693162151095,0.678001492193512,3.68e-05,5281842,248276.448275862,0,0,2.02577239877577e-05,0.01721420632104,0,1430,20,1461,1492
20,0,0,0,1990,1.17842395276426,0.01581203125,0.0588235294117647,1.16936351851284,0.572396659331626,0.0288248742405875,0.0691226145701511,0.661241726879059,3.68e-05,5281842,248276.448275862,0,0,2.02577239877577e-05,0.01721420632104,0,1430,20,1461,1492
