"spark_size","total_re_emergence_prob_1_year","total_re_emergence_prob_2_year","total_re_emergence_prob_3_year","spark_year","R_naught","sigma_P","gamma","phi","sigma_M","rho","Beta_0","delta","mu_H","N_0","I_0","R_0","C_0","r","omega","epsilon","t_stop_immigration","spark","spark_time_start","spark_time_end"
20,0.03,0.01,0,1990,1.20332649033072,0.896571379310345,0.0588235294117647,1.04873379668271,0.461814234698014,0.0274777799624569,0.0705732149204554,0.652592244066805,3.68000000000001e-05,5281842,159375.817624635,0,0,2.02577239877577e-05,0.01721420632104,0,1430,20,1461,1492
20,0.05,0.02,0,1990,1.21056284902495,0.896571379310345,0.0588235294117647,1.049096108865,0.469902378815034,0.0270378633887066,0.0709979459800863,0.651838256915968,3.68e-05,5281842,159376.663771675,0,0,2.02577239877577e-05,0.01721420632104,0,1430,20,1461,1492
20,0.03,0.01,0,1990,1.20026842005399,0.896571379310345,0.0588235294117647,1.05256055758958,0.462336716664806,0.0276833862385282,0.0703950714510044,0.650419269361635,3.68e-05,5281842,159376.047096099,0,0,2.02577239877577e-05,0.01721420632104,0,1430,20,1461,1492
20,0.03,0,0,1990,1.21039867122049,0.896571379310345,0.0588235294117647,1.07249547703161,0.47913537231523,0.0306990310824929,0.0709782917981756,0.68362881790347,3.67999999999999e-05,5281842,215625.437524854,0,0,2.02577239877577e-05,0.01721420632104,0,1430,20,1461,1492
20,0.02,0,0,1990,1.2076367628544,0.896571379310345,0.0588235294117647,1.08396324746525,0.479225957803863,0.0290429759076955,0.0708264548006015,0.660563907251011,3.68e-05,5281842,215625.232262547,0,0,2.02577239877577e-05,0.01721420632104,0,1430,20,1461,1492
20,0.02,0,0,1990,1.2085203305658,0.896571379310345,0.0588235294117647,1.07603393303539,0.479546528593637,0.0283278332678458,0.0708794003281688,0.655508375627482,3.68e-05,5281842,215624.365483077,0,0,2.02577239877577e-05,0.01721420632104,0,1430,20,1461,1492
