"spark_size","total_re_emergence_prob_1_year","total_re_emergence_prob_2_year","total_re_emergence_prob_3_year","spark_year","R_naught","sigma_P","gamma","phi","sigma_M","rho","Beta_0","delta","mu_H","N_0","I_0","R_0","C_0","r","omega","epsilon","t_stop_immigration","spark","spark_time_start","spark_time_end"
20,0,0,0,1990,1.19318230044905,0.29700859375,0.0588235294117647,1.17028215368969,0.582497899307189,0.0303956443042684,0.0699833530678208,0.675062994925667,3.68e-05,5281842,289655.689655172,0,0,2.02577239877577e-05,0.01721420632104,0,1430,20,1461,1492
20,0,0,0,1990,1.1919431539788,0.29700859375,0.0588235294117647,1.16936279181976,0.58274664430409,0.0309137642815191,0.069909847706987,0.677000639800614,3.68e-05,5281842,289655.689655172,0,0,2.02577239877577e-05,0.01721420632104,0,1430,20,1461,1492
20,0,0,0,1990,1.19213483118641,0.29700859375,0.0588235294117647,1.1733076819684,0.583445103052403,0.0309222034331283,0.0699222873179084,0.675113226949422,3.68e-05,5281842,289655.689655172,0,0,2.02577239877577e-05,0.01721420632104,0,1430,20,1461,1492
20,0,0,0,1990,1.19917772123035,0.29700859375,0.0588235294117647,1.16036833606824,0.575542420780106,0.0303633953852633,0.0703328371714323,0.677487724084817,3.68e-05,5281842,289655.689655172,0,0,2.02577239877577e-05,0.01721420632104,0,1430,20,1461,1492
20,0,0,0,1990,1.18638817717261,0.04705609375,0.0588235294117647,1.17898562628954,0.587266689624273,0.0311321931317594,0.0695837328548912,0.6812725189521,3.67999999999999e-05,5281842,289655.689655172,0,0,2.02577239877577e-05,0.01721420632104,0,1430,20,1461,1492
20,0,0,0,1990,1.18491252139088,0.04705609375,0.0588235294117647,1.17283227496672,0.596070933393451,0.0322600281896342,0.0694922907901323,0.692554847900109,3.68e-05,5281842,289655.689655172,0,0,2.02577239877577e-05,0.01721420632104,0,1430,20,1461,1492
