"spark_size","total_re_emergence_prob_1_year","total_re_emergence_prob_2_year","total_re_emergence_prob_3_year","spark_year","R_naught","sigma_P","gamma","phi","sigma_M","rho","Beta_0","delta","mu_H","N_0","I_0","R_0","C_0","r","omega","epsilon","t_stop_immigration","spark","spark_time_start","spark_time_end"
20,0,0,0,1990,1.1845549872167,0.0691424137931034,0.0588235294117647,1.17465155755094,0.581907821545499,0.0299944589961627,0.0694803236562816,0.668365687063702,3.67999999999999e-05,5281842,271874.712156822,0,0,2.02577239877577e-05,0.01721420632104,0,1430,20,1461,1492
20,0,0,0,1990,1.18562933841632,0.0691424137931034,0.0588235294117647,1.17590678290239,0.587141290016878,0.0296501962931996,0.069543871535269,0.667340728047124,3.68e-05,5281842,271875.234197049,0,0,2.02577239877577e-05,0.01721420632104,0,1430,20,1461,1492
20,0,0,0,1990,1.18313157759054,0.0691424137931034,0.0588235294117647,1.17146666866314,0.582961404355012,0.0297401142672795,0.0693967741082481,0.667414620798604,3.68e-05,5281842,271876.129084959,0,0,2.02577239877577e-05,0.01721420632104,0,1430,20,1461,1492
20,0,0,0,1990,1.18368547380547,0.0691424137931034,0.0588235294117647,1.17711332223123,0.582122430866416,0.0300160066953529,0.0694292907320347,0.669321122691152,3.68e-05,5281842,271876.61771499,0,0,2.02577239877577e-05,0.01721420632104,0,1430,20,1461,1492
20,0,0,0,1990,1.18313263539551,0.0691424137931034,0.0588235294117647,1.17623035058326,0.585365888361057,0.0297903563349014,0.0693973219585654,0.66774183720015,3.68e-05,5281842,271874.447546434,0,0,2.02577239877577e-05,0.01721420632104,0,1430,20,1461,1492
20,0,0,0,1990,1.22359883947112,0.0691424137931034,0.0588235294117647,1.18625880079189,0.616269968781456,0.03539359268147,0.0717575004341354,0.707340424450513,3.68e-05,5281842,384374.790336256,0,0,2.02577239877577e-05,0.01721420632104,0,1430,20,1461,1492
