"spark_size","total_re_emergence_prob_1_year","total_re_emergence_prob_2_year","total_re_emergence_prob_3_year","spark_year","R_naught","sigma_P","gamma","phi","sigma_M","rho","Beta_0","delta","mu_H","N_0","I_0","R_0","C_0","r","omega","epsilon","t_stop_immigration","spark","spark_time_start","spark_time_end"
20,0,0,0,1990,1.20078279478161,0.0346662068965517,0.0588235294117647,1.18563797859126,0.600418098936831,0.0323592330689716,0.0704269436598234,0.686604867535786,3.68000000000001e-05,5281842,328124.415562525,0,0,2.02577239877577e-05,0.01721420632104,0,1430,20,1461,1492
20,0,0,0,1990,1.20180798395847,0.0346662068965517,0.0588235294117647,1.18788964777769,0.594885428503102,0.0321770113528055,0.0704870703049684,0.687446866372576,3.68e-05,5281842,328125.174271329,0,0,2.02577239877577e-05,0.01721420632104,0,1430,20,1461,1492
20,0,0,0,1990,1.19958648055512,0.0346662068965517,0.0588235294117647,1.18250443141428,0.594687032918309,0.0324404252044137,0.0703554125355845,0.689188664836725,3.67999999999999e-05,5281842,328126.396856654,0,0,2.02577239877577e-05,0.01721420632104,0,1430,20,1461,1492
20,0,0,0,1990,1.19937194647663,0.0346662068965517,0.0588235294117647,1.18482901654111,0.598084923888831,0.0325150934212243,0.0703432793687432,0.688818790249087,3.68e-05,5281842,328125.60511975,0,0,2.02577239877577e-05,0.01721420632104,0,1430,20,1461,1492
20,0,0,0,1990,1.19928156663297,0.0346662068965517,0.0588235294117647,1.18749736135676,0.599357480423979,0.0323669704608459,0.0703382844541993,0.688973503644359,3.68e-05,5281842,328126.146021321,0,0,2.02577239877577e-05,0.01721420632104,0,1430,20,1461,1492
20,0,0,0,1990,1.15708395951394,0.0346662068965517,0.0588235294117647,1.1282190034558,0.58834630891626,0.0253796508495625,0.0678849516473815,0.609098677610032,3.68e-05,5281842,145313.34252208,0,0,2.02577239877577e-05,0.01721420632104,0,1430,20,1461,1492
