"spark_size","total_re_emergence_prob_1_year","total_re_emergence_prob_2_year","total_re_emergence_prob_3_year","spark_year","R_naught","sigma_P","gamma","phi","sigma_M","rho","Beta_0","delta","mu_H","N_0","I_0","R_0","C_0","r","omega","epsilon","t_stop_immigration","spark","spark_time_start","spark_time_end"
20,0,0,0,1990,1.1741239537721,0.445417890625,0.0588235294117647,1.1081147725027,0.586248275862069,0.0257971653121697,0.0688770873430459,0.623984706250221,3.68e-05,5281842,145311.537747312,0,0,2.02577239877577e-05,0.01721420632104,0,1430,20,1461,1492
20,0,0,0,1990,1.1748389289341,0.445417890625,0.0588235294117647,1.10787016915728,0.586248275862069,0.0257378466657535,0.068919019022975,0.623945494143258,3.67999999999999e-05,5281842,145313.94593733,0,0,2.02577239877577e-05,0.01721420632104,0,1430,20,1461,1492
20,0,0,0,1990,1.17020561046056,0.445417890625,0.0588235294117647,1.10927146563992,0.586248275862069,0.02604167023784,0.0686472493058242,0.624246258991729,3.67999999999999e-05,5281842,145313.3396383,0,0,2.02577239877577e-05,0.01721420632104,0,1430,20,1461,1492
20,0,0,0,1990,1.17505021166567,0.445417890625,0.0588235294117647,1.10594392928364,0.586248275862069,0.0257598725694945,0.0689312419651413,0.623875507149035,3.68e-05,5281842,145312.490093294,0,0,2.02577239877577e-05,0.01721420632104,0,1430,20,1461,1492
20,0,0,0,1990,1.16676388596655,0.070489140625,0.0588235294117647,1.16594511073466,0.586248275862069,0.0279659638044128,0.0684429987207152,0.648004718740012,3.68e-05,5281842,220313.026822528,0,0,2.02577239877577e-05,0.01721420632104,0,1430,20,1461,1492
20,0,0,0,1990,1.1705228671684,0.070489140625,0.0588235294117647,1.16230626680766,0.586248275862069,0.0275828380082292,0.0686642062966234,0.644844311424002,3.68e-05,5281842,220312.810254122,0,0,2.02577239877577e-05,0.01721420632104,0,1430,20,1461,1492
