"spark_size","total_re_emergence_prob_1_year","total_re_emergence_prob_2_year","total_re_emergence_prob_3_year","spark_year","R_naught","sigma_P","gamma","phi","sigma_M","rho","Beta_0","delta","mu_H","N_0","I_0","R_0","C_0","r","omega","epsilon","t_stop_immigration","spark","spark_time_start","spark_time_end"
20,0.04,0.01,0,1990,1.19748151237465,0.827618965517241,0.0588235294117647,1.04335281186773,0.477353703665318,0.0264815414312181,0.0702343103539147,0.641258378510462,3.68e-05,5281842,121875.772713121,0,0,2.02577239877577e-05,0.01721420632104,0,1430,20,1461,1492
20,0.01,0,0,1990,1.20316469524949,0.827618965517241,0.0588235294117647,1.095857949039,0.503951414141164,0.0294546693821875,0.0705626482532847,0.667881957402998,3.68e-05,5281842,234374.738110943,0,0,2.02577239877577e-05,0.01721420632104,0,1430,20,1461,1492
20,0.02,0,0,1990,1.2100538299652,0.827618965517241,0.0588235294117647,1.08872750515418,0.488954469249738,0.0290768205631509,0.0709654352272852,0.669089570178069,3.67999999999999e-05,5281842,234376.024002729,0,0,2.02577239877577e-05,0.01721420632104,0,1430,20,1461,1492
20,0.03,0,0,1990,1.20220930887479,0.827618965517241,0.0588235294117647,1.05532009774409,0.481130255125893,0.0268927622101544,0.0705109143525183,0.645919778568136,3.68e-05,5281842,159375.743901405,0,0,2.02577239877577e-05,0.01721420632104,0,1430,20,1461,1492
20,0.03,0,0,1990,1.20101123266451,0.827618965517241,0.0588235294117647,1.06038949661911,0.482609978692098,0.0269964677406929,0.0704411857628635,0.645785611995468,3.68e-05,5281842,159374.630716689,0,0,2.02577239877577e-05,0.01721420632104,0,1430,20,1461,1492
20,0.04,0,0,1990,1.19958301863423,0.827618965517241,0.0588235294117647,1.05989935119246,0.477188983859606,0.0272112317571967,0.0703572577032905,0.646079733922495,3.67999999999999e-05,5281842,159377.612709576,0,0,2.02577239877577e-05,0.01721420632104,0,1430,20,1461,1492
