"spark_size","total_re_emergence_prob_1_year","total_re_emergence_prob_2_year","total_re_emergence_prob_3_year","spark_year","R_naught","sigma_P","gamma","phi","sigma_M","rho","Beta_0","delta","mu_H","N_0","I_0","R_0","C_0","r","omega","epsilon","t_stop_immigration","spark","spark_time_start","spark_time_end"
20,0,0,0,1990,1.1850731530284,0.54696109375,0.0588235294117647,1.10005704751354,0.538514614018001,0.0267014386140394,0.0695131879323794,0.638304134821762,3.68e-05,5281842,165517.965517241,0,0,2.02577239877577e-05,0.01721420632104,0,1430,20,1461,1492
20,0,0,0,1990,1.18608353891413,0.54696109375,0.0588235294117647,1.10595866082221,0.534231247055048,0.0264836123561302,0.0695728695596689,0.638847906576564,3.68000000000001e-05,5281842,165517.965517241,0,0,2.02577239877577e-05,0.01721420632104,0,1430,20,1461,1492
20,0,0,0,1990,1.18068551818876,0.54696109375,0.0588235294117647,1.1101574379124,0.536489816819972,0.0272995248463028,0.069256308328653,0.639840623406683,3.68e-05,5281842,165517.965517241,0,0,2.02577239877577e-05,0.01721420632104,0,1430,20,1461,1492
20,0,0,0,1990,1.18220050126994,0.54696109375,0.0588235294117647,1.09984576741716,0.533666682743801,0.0265108660712916,0.069345409518366,0.636314927546139,3.68e-05,5281842,165517.965517241,0,0,2.02577239877577e-05,0.01721420632104,0,1430,20,1461,1492
20,0,0,0,1990,1.18265463273029,0.54696109375,0.0588235294117647,1.10264527702703,0.53687054914284,0.0269291515006609,0.0693711606109807,0.639460825128181,3.68000000000001e-05,5281842,165517.965517241,0,0,2.02577239877577e-05,0.01721420632104,0,1430,20,1461,1492
20,0.01,0,0,1990,1.2068507651737,0.92188984375,0.0588235294117647,1.05868972796151,0.463240827646319,0.0274492620180885,0.0707819021769835,0.649940255830292,3.68e-05,5281842,165517.965517241,0,0,2.02577239877577e-05,0.01721420632104,0,1430,20,1461,1492
