"spark_size","total_re_emergence_prob_1_year","total_re_emergence_prob_2_year","total_re_emergence_prob_3_year","spark_year","R_naught","sigma_P","gamma","phi","sigma_M","rho","Beta_0","delta","mu_H","N_0","I_0","R_0","C_0","r","omega","epsilon","t_stop_immigration","spark","spark_time_start","spark_time_end"
20,0,0,0,1990,1.17355009005486,0.445417890625,0.0588235294117647,1.10626600024047,0.551768965517241,0.0259580476316412,0.0688417560988798,0.627966865152535,3.68e-05,5281842,145313.669601938,0,0,2.02577239877577e-05,0.01721420632104,0,1430,20,1461,1492
20,0,0,0,1990,1.17730606556432,0.445417890625,0.0588235294117647,1.10980252472116,0.551768965517241,0.0255643157566475,0.0690645005987906,0.62245544594762,3.68e-05,5281842,145313.516021694,0,0,2.02577239877577e-05,0.01721420632104,0,1430,20,1461,1492
20,0,0,0,1990,1.17631926681281,0.445417890625,0.0588235294117647,1.10240630781194,0.551768965517241,0.0257438488138683,0.0690062318702218,0.621446825378907,3.68e-05,5281842,145313.899630145,0,0,2.02577239877577e-05,0.01721420632104,0,1430,20,1461,1492
20,0,0,0,1990,1.17171856905133,0.445417890625,0.0588235294117647,1.11111118028357,0.551768965517241,0.0264133413849184,0.0687338863748622,0.630485588781554,3.68e-05,5281842,145312.618354614,0,0,2.02577239877577e-05,0.01721420632104,0,1430,20,1461,1492
20,0,0,0,1990,1.17245367913316,0.070489140625,0.0588235294117647,1.16387159077955,0.551768965517241,0.0276344325141088,0.068777125554029,0.646315453148122,3.68e-05,5281842,220312.577197035,0,0,2.02577239877577e-05,0.01721420632104,0,1430,20,1461,1492
20,0,0,0,1990,1.16950108663166,0.070489140625,0.0588235294117647,1.16609916535,0.551768965517241,0.0277348707171914,0.0686036433447055,0.647836391074424,3.68e-05,5281842,220312.315921907,0,0,2.02577239877577e-05,0.01721420632104,0,1430,20,1461,1492
