"spark_size","total_re_emergence_prob_1_year","total_re_emergence_prob_2_year","total_re_emergence_prob_3_year","spark_year","R_naught","sigma_P","gamma","phi","sigma_M","rho","Beta_0","delta","mu_H","N_0","I_0","R_0","C_0","r","omega","epsilon","t_stop_immigration","spark","spark_time_start","spark_time_end"
20,0,0,0,1990,1.19660235065686,0.48447296875,0.0588235294117647,1.14434263036453,0.562021108771623,0.0312662770772322,0.0701752688492595,0.689655172413793,3.67999999999999e-05,5281842,271873.798860558,0,0,2.02577239877577e-05,0.01721420632104,0,1430,20,1461,1492
20,0,0,0,1990,1.19822214934046,0.48447296875,0.0588235294117647,1.14733396240124,0.564648662633111,0.0315512722348434,0.0702706381751032,0.689655172413793,3.68e-05,5281842,271873.713983979,0,0,2.02577239877577e-05,0.01721420632104,0,1430,20,1461,1492
20,0,0,0,1990,1.19277269472456,0.54696109375,0.0588235294117647,1.12013688365884,0.539670137938222,0.0308155570958119,0.0699477365921659,0.689655172413793,3.68e-05,5281842,234375.084052549,0,0,2.02577239877577e-05,0.01721420632104,0,1430,20,1461,1492
20,0,0,0,1990,1.1921667653329,0.54696109375,0.0588235294117647,1.12339685954883,0.546183293877002,0.0307150616956072,0.0699125901065342,0.689655172413793,3.68e-05,5281842,234375.714363658,0,0,2.02577239877577e-05,0.01721420632104,0,1430,20,1461,1492
20,0.01,0,0,1990,1.19500365202854,0.54696109375,0.0588235294117647,1.12659494954278,0.548784385735865,0.0304476150531188,0.0700793377408906,0.689655172413793,3.68e-05,5281842,234376.862995426,0,0,2.02577239877577e-05,0.01721420632104,0,1430,20,1461,1492
20,0.01,0,0,1990,1.19557903134362,0.54696109375,0.0588235294117647,1.12806641846484,0.54454991825831,0.0304283885835941,0.070113257373127,0.689655172413793,3.68e-05,5281842,234376.184456465,0,0,2.02577239877577e-05,0.01721420632104,0,1430,20,1461,1492
