"spark_size","total_re_emergence_prob_1_year","total_re_emergence_prob_2_year","total_re_emergence_prob_3_year","spark_year","R_naught","sigma_P","gamma","phi","sigma_M","rho","Beta_0","delta","mu_H","N_0","I_0","R_0","C_0","r","omega","epsilon","t_stop_immigration","spark","spark_time_start","spark_time_end"
20,0,0,0,1990,1.18125366636103,0.275999655172414,0.0588235294117647,1.16152780448543,0.571022028877339,0.0281786419707056,0.0692900409156306,0.654612005514712,3.68e-05,5281842,234376.251741088,0,0,2.02577239877577e-05,0.01721420632104,0,1430,20,1461,1492
20,0,0,0,1990,1.17846912075173,0.275999655172414,0.0588235294117647,1.16089196927204,0.572179516399725,0.0284680001577236,0.0691274130744623,0.652449401188607,3.68e-05,5281842,234375.500323229,0,0,2.02577239877577e-05,0.01721420632104,0,1430,20,1461,1492
20,0,0,0,1990,1.17176468633824,0.275999655172414,0.0588235294117647,1.14904839165506,0.595420626184434,0.0335603533778894,0.0687142554945157,0.703367163175155,3.68e-05,5281842,234377.173981927,0,0,2.02577239877577e-05,0.01721420632104,0,1430,20,1461,1492
20,0,0,0,1990,1.17901981599702,0.275999655172414,0.0588235294117647,1.15967900677685,0.566555805709751,0.028551524960004,0.0691573790155226,0.658478870816776,3.68000000000001e-05,5281842,234374.507307951,0,0,2.02577239877577e-05,0.01721420632104,0,1430,20,1461,1492
20,0,0,0,1990,1.16544606082434,0.275999655172414,0.0588235294117647,1.13403523797884,0.564930295869391,0.0259286489505683,0.0683712673838846,0.622534388436863,3.68e-05,5281842,159375.773984478,0,0,2.02577239877577e-05,0.01721420632104,0,1430,20,1461,1492
20,0,0,0,1990,1.16798671143312,0.275999655172414,0.0588235294117647,1.12304728148683,0.567862979396355,0.0256689494201455,0.0685192315581262,0.62229558911112,3.68e-05,5281842,159374.731500215,0,0,2.02577239877577e-05,0.01721420632104,0,1430,20,1461,1492
