"spark_size","total_re_emergence_prob_1_year","total_re_emergence_prob_2_year","total_re_emergence_prob_3_year","spark_year","R_naught","sigma_P","gamma","phi","sigma_M","rho","Beta_0","delta","mu_H","N_0","I_0","R_0","C_0","r","omega","epsilon","t_stop_immigration","spark","spark_time_start","spark_time_end"
20,0,0,0,1990,1.19684132444659,0.17203234375,0.0588235294117647,1.17957875156835,0.589405405841473,0.031398397195398,0.070196350251215,0.682796682050215,3.68e-05,5281842,310345.310344828,0,0,2.02577239877577e-05,0.01721420632104,0,1430,20,1461,1492
20,0,0,0,1990,1.19967030976822,0.17203234375,0.0588235294117647,1.17485251552996,0.594475826826443,0.0313517828495226,0.0703618232112624,0.68232010593096,3.68e-05,5281842,310345.310344828,0,0,2.02577239877577e-05,0.01721420632104,0,1430,20,1461,1492
20,0,0,0,1990,1.1963883988258,0.17203234375,0.0588235294117647,1.17980780672958,0.592018631654335,0.0313819069185171,0.0701709895865561,0.679579846521303,3.68000000000001e-05,5281842,310345.310344828,0,0,2.02577239877577e-05,0.01721420632104,0,1430,20,1461,1492
20,0,0,0,1990,1.19760901813818,0.26576453125,0.0588235294117647,1.1734233838869,0.589550352334104,0.0319711301898312,0.070240155311825,0.683912546555531,3.68e-05,5281842,310345.310344828,0,0,2.02577239877577e-05,0.01721420632104,0,1430,20,1461,1492
20,0,0,0,1990,1.20009801466059,0.26576453125,0.0588235294117647,1.17499111619473,0.586020246059096,0.0316737293586553,0.0703864781004442,0.683542997108371,3.68e-05,5281842,310345.310344828,0,0,2.02577239877577e-05,0.01721420632104,0,1430,20,1461,1492
20,0,0,0,1990,1.20186370460706,0.26576453125,0.0588235294117647,1.17195480853823,0.587069012152806,0.0316615026254632,0.0704905338212033,0.681105172080622,3.68e-05,5281842,310345.310344828,0,0,2.02577239877577e-05,0.01721420632104,0,1430,20,1461,1492
