"spark_size","total_re_emergence_prob_1_year","total_re_emergence_prob_2_year","total_re_emergence_prob_3_year","spark_year","R_naught","sigma_P","gamma","phi","sigma_M","rho","Beta_0","delta","mu_H","N_0","I_0","R_0","C_0","r","omega","epsilon","t_stop_immigration","spark","spark_time_start","spark_time_end"
20,0,0,0,1990,1.18735792656325,0.482856896551724,0.0588235294117647,1.14653712452158,0.557709491210859,0.0298940456969854,0.069641960663703,0.666405243533419,3.68000000000001e-05,5281842,253126.622433588,0,0,2.02577239877577e-05,0.01721420632104,0,1430,20,1461,1492
20,0,0,0,1990,1.16320342776691,0.482856896551724,0.0588235294117647,1.12601650691725,0.549873023473698,0.0295523824875022,0.0682258137488807,0.658299128377576,3.68e-05,5281842,178126.083929403,0,0,2.02577239877577e-05,0.01721420632104,0,1430,20,1461,1492
20,0,0,0,1990,1.17973954138048,0.482856896551724,0.0588235294117647,1.11557391644241,0.545875489042767,0.0272773389648485,0.0691999383455216,0.643772696680047,3.68000000000001e-05,5281842,178127.632917419,0,0,2.02577239877577e-05,0.01721420632104,0,1430,20,1461,1492
20,0,0,0,1990,1.17954563066625,0.482856896551724,0.0588235294117647,1.1031679454486,0.539939201860704,0.0255594264750045,0.0691949378037482,0.623158043562815,3.68e-05,5281842,145313.022764836,0,0,2.02577239877577e-05,0.01721420632104,0,1430,20,1461,1492
20,0,0,0,1990,1.17443646488463,0.482856896551724,0.0588235294117647,1.105255973539,0.545186334780821,0.0259774543502696,0.0688934934774169,0.62838274292786,3.68e-05,5281842,145312.859278838,0,0,2.02577239877577e-05,0.01721420632104,0,1430,20,1461,1492
20,0,0,0,1990,1.17863654315793,0.482856896551724,0.0588235294117647,1.10589518611908,0.541943761582056,0.025441570489116,0.0691416394959634,0.623822411102845,3.67999999999999e-05,5281842,145310.332532987,0,0,2.02577239877577e-05,0.01721420632104,0,1430,20,1461,1492
