"spark_size","total_re_emergence_prob_1_year","total_re_emergence_prob_2_year","total_re_emergence_prob_3_year","spark_year","R_naught","sigma_P","gamma","phi","sigma_M","rho","Beta_0","delta","mu_H","N_0","I_0","R_0","C_0","r","omega","epsilon","t_stop_immigration","spark","spark_time_start","spark_time_end"
20,0.01,0,0,1990,1.20665803531796,0.79314275862069,0.0588235294117647,1.09421730792196,0.510350750826843,0.0281207988098675,0.0707702978592097,0.660177074492053,3.68e-05,5281842,220312.652346413,0,0,2.02577239877577e-05,0.01721420632104,0,1430,20,1461,1492
20,0.03,0,0,1990,1.20012623680043,0.79314275862069,0.0588235294117647,1.09999972474537,0.508462245967408,0.0286744281140988,0.0703869845627848,0.662412983745953,3.68000000000001e-05,5281842,220313.740412429,0,0,2.02577239877577e-05,0.01721420632104,0,1430,20,1461,1492
20,0.01,0,0,1990,1.20265324683524,0.79314275862069,0.0588235294117647,1.08818181335347,0.493004535107105,0.028402661055204,0.0705359494886795,0.657102865925383,3.68e-05,5281842,220315.213683729,0,0,2.02577239877577e-05,0.01721420632104,0,1430,20,1461,1492
20,0,0,0,1990,1.2043409524623,0.79314275862069,0.0588235294117647,1.09381395799876,0.498468538582994,0.0282768633554276,0.070636896598568,0.653543208549595,3.68e-05,5281842,220311.808063093,0,0,2.02577239877577e-05,0.01721420632104,0,1430,20,1461,1492
20,0.01,0,0,1990,1.20321073801705,0.79314275862069,0.0588235294117647,1.09747468898523,0.506077280478841,0.0284174913270737,0.0705700640658895,0.655993306149744,3.68e-05,5281842,220313.960514164,0,0,2.02577239877577e-05,0.01721420632104,0,1430,20,1461,1492
20,0.01,0,0,1990,1.19613289499109,0.827618965517241,0.0588235294117647,1.0357474488244,0.468439315845384,0.0263400286308601,0.0701560469222498,0.637337843995159,3.68e-05,5281842,121875.650786753,0,0,2.02577239877577e-05,0.01721420632104,0,1430,20,1461,1492
