"spark_size","total_re_emergence_prob_1_year","total_re_emergence_prob_2_year","total_re_emergence_prob_3_year","spark_year","R_naught","sigma_P","gamma","phi","sigma_M","rho","Beta_0","delta","mu_H","N_0","I_0","R_0","C_0","r","omega","epsilon","t_stop_immigration","spark","spark_time_start","spark_time_end"
20,0,0,0,1990,1.18495475889845,0.70318140625,0.0588235294117647,1.09901626399597,0.520094213487906,0.0268029363544817,0.0695127548476269,0.620689655172414,3.68e-05,5281842,178125.927215184,0,0,2.02577239877577e-05,0.01721420632104,0,1430,20,1461,1492
20,0.01,0,0,1990,1.18756898407926,0.70318140625,0.0588235294117647,1.10105968197089,0.520906648797522,0.0263007558587446,0.0696663199039967,0.620689655172414,3.68e-05,5281842,178125.621021469,0,0,2.02577239877577e-05,0.01721420632104,0,1430,20,1461,1492
20,0.01,0.01,0,1990,1.19021538823952,0.70318140625,0.0588235294117647,1.09185980769403,0.516034189496131,0.0261063108727448,0.0698206381320628,0.620689655172414,3.68e-05,5281842,178124.838866802,0,0,2.02577239877577e-05,0.01721420632104,0,1430,20,1461,1492
20,0.01,0,0,1990,1.19004766462165,0.70318140625,0.0588235294117647,1.0991718049842,0.513720684651261,0.0263775317681341,0.0698115346963804,0.620689655172414,3.68e-05,5281842,178124.168002778,0,0,2.02577239877577e-05,0.01721420632104,0,1430,20,1461,1492
20,0,0,0,1990,1.17329207619599,0.070489140625,0.0588235294117647,1.17179179210904,0.578327306196228,0.0259308855074039,0.0688364724517076,0.620689655172414,3.67999999999999e-05,5281842,220312.519598592,0,0,2.02577239877577e-05,0.01721420632104,0,1430,20,1461,1492
20,0,0,0,1990,1.17328005498122,0.070489140625,0.0588235294117647,1.17063564564052,0.578634268973857,0.0258956008750406,0.0688356325711375,0.620689655172414,3.68000000000001e-05,5281842,220314.878142279,0,0,2.02577239877577e-05,0.01721420632104,0,1430,20,1461,1492
