"spark_size","total_re_emergence_prob_1_year","total_re_emergence_prob_2_year","total_re_emergence_prob_3_year","spark_year","R_naught","sigma_P","gamma","phi","sigma_M","rho","Beta_0","delta","mu_H","N_0","I_0","R_0","C_0","r","omega","epsilon","t_stop_immigration","spark","spark_time_start","spark_time_end"
20,0,0,0,1990,1.17196640660061,0.445417890625,0.0588235294117647,1.10684962078412,0.554788342394109,0.0266896551724138,0.0687478414306986,0.63086625654564,3.68e-05,5281842,145312.641081711,0,0,2.02577239877577e-05,0.01721420632104,0,1430,20,1461,1492
20,0,0,0,1990,1.17072406412107,0.070489140625,0.0588235294117647,1.16617118041941,0.574653646257211,0.0266896551724138,0.0686782299431307,0.639948316734993,3.68e-05,5281842,220313.997790488,0,0,2.02577239877577e-05,0.01721420632104,0,1430,20,1461,1492
20,0,0,0,1990,1.17358219698168,0.070489140625,0.0588235294117647,1.16431556328402,0.579752504322196,0.0266896551724138,0.0688455000345595,0.640437243712865,3.67999999999999e-05,5281842,220313.862704412,0,0,2.02577239877577e-05,0.01721420632104,0,1430,20,1461,1492
20,0,0,0,1990,1.17315301981261,0.070489140625,0.0588235294117647,1.16138016445937,0.572094977109363,0.0266896551724138,0.068819953458129,0.640501041168142,3.67999999999999e-05,5281842,220313.83765595,0,0,2.02577239877577e-05,0.01721420632104,0,1430,20,1461,1492
20,0,0,0,1990,1.17100715947131,0.070489140625,0.0588235294117647,1.16517655972434,0.577457407413945,0.0266896551724138,0.0686944930215756,0.640576926299569,3.68e-05,5281842,220312.396993357,0,0,2.02577239877577e-05,0.01721420632104,0,1430,20,1461,1492
20,0,0,0,1990,1.17198003554095,0.070489140625,0.0588235294117647,1.16440183325062,0.575950062456593,0.0266896551724138,0.0687516542634934,0.640073421410202,3.68e-05,5281842,220312.718028113,0,0,2.02577239877577e-05,0.01721420632104,0,1430,20,1461,1492
