"spark_size","total_re_emergence_prob_1_year","total_re_emergence_prob_2_year","total_re_emergence_prob_3_year","spark_year","R_naught","sigma_P","gamma","phi","sigma_M","rho","Beta_0","delta","mu_H","N_0","I_0","R_0","C_0","r","omega","epsilon","t_stop_immigration","spark","spark_time_start","spark_time_end"
20,0,0,0,1990,1.17440295071819,0.07830015625,0.0588235294117647,1.1729634925454,0.689686206896552,0.0290011476174068,0.0688885333951944,0.657538461937825,3.68e-05,5281842,253125.317066127,0,0,2.02577239877577e-05,0.01721420632104,0,1430,20,1461,1492
20,0,0,0,1990,1.16704064758268,0.070489140625,0.0588235294117647,1.16386542136646,0.689686206896552,0.0277951648554021,0.0684609288390463,0.642591023763897,3.68e-05,5281842,220312.373607668,0,0,2.02577239877577e-05,0.01721420632104,0,1430,20,1461,1492
20,0,0,0,1990,1.17010622650295,0.070489140625,0.0588235294117647,1.15930231268692,0.689686206896552,0.0277716469838404,0.0686388063468143,0.646519473714781,3.68e-05,5281842,220311.680650899,0,0,2.02577239877577e-05,0.01721420632104,0,1430,20,1461,1492
20,0,0,0,1990,1.16723299978452,0.070489140625,0.0588235294117647,1.16498960584174,0.689686206896552,0.0276767358935173,0.0684719421443246,0.643715364765542,3.68e-05,5281842,220313.606390543,0,0,2.02577239877577e-05,0.01721420632104,0,1430,20,1461,1492
20,0,0,0,1990,1.16636386220235,0.070489140625,0.0588235294117647,1.16636799193967,0.689686206896552,0.0274852288671923,0.0684214277490504,0.642858333860515,3.68e-05,5281842,220312.682661295,0,0,2.02577239877577e-05,0.01721420632104,0,1430,20,1461,1492
20,0,0,0,1990,1.16853198011059,0.070489140625,0.0588235294117647,1.16126109814036,0.689686206896552,0.0280981888031518,0.0685458518369102,0.648854058672666,3.68e-05,5281842,220313.071736416,0,0,2.02577239877577e-05,0.01721420632104,0,1430,20,1461,1492
