"spark_size","total_re_emergence_prob_1_year","total_re_emergence_prob_2_year","total_re_emergence_prob_3_year","spark_year","R_naught","sigma_P","gamma","phi","sigma_M","rho","Beta_0","delta","mu_H","N_0","I_0","R_0","C_0","r","omega","epsilon","t_stop_immigration","spark","spark_time_start","spark_time_end"
20,0,0,0,1990,1.17934030218125,0.275999655172414,0.0588235294117647,1.15358432642253,0.558941394271455,0.0276833179997541,0.0691789064911652,0.648978724973313,3.68000000000001e-05,5281842,220312.623146605,0,0,2.02577239877577e-05,0.01721420632104,0,1430,20,1461,1492
20,0,0,0,1990,1.17822806561948,0.275999655172414,0.0588235294117647,1.15645624951632,0.567642268978466,0.0276506889935283,0.069115547717724,0.644734681505106,3.68e-05,5281842,220312.502671186,0,0,2.02577239877577e-05,0.01721420632104,0,1430,20,1461,1492
20,0,0,0,1990,1.17728280327624,0.275999655172414,0.0588235294117647,1.15813010906281,0.564751240186023,0.0281124384814254,0.0690578577931564,0.651447374860924,3.68e-05,5281842,220311.847167049,0,0,2.02577239877577e-05,0.01721420632104,0,1430,20,1461,1492
20,0,0,0,1990,1.1722121416527,0.310475862068966,0.0588235294117647,1.14257528669741,0.563456133314153,0.027390524867572,0.0687614750156206,0.643550957811004,3.68e-05,5281842,196876.520366545,0,0,2.02577239877577e-05,0.01721420632104,0,1430,20,1461,1492
20,0,0,0,1990,1.17128573777259,0.310475862068966,0.0588235294117647,1.13853827905961,0.571315043603189,0.0273687646337297,0.0687065177335317,0.643982155333023,3.68e-05,5281842,196875.10765248,0,0,2.02577239877577e-05,0.01721420632104,0,1430,20,1461,1492
20,0,0,0,1990,1.18990330001224,0.310475862068966,0.0588235294117647,1.167497311098,0.569595973250186,0.0300348101253927,0.0697924130105716,0.670304534595592,3.68e-05,5281842,271875.736209673,0,0,2.02577239877577e-05,0.01721420632104,0,1430,20,1461,1492
