"spark_size","total_re_emergence_prob_1_year","total_re_emergence_prob_2_year","total_re_emergence_prob_3_year","spark_year","R_naught","sigma_P","gamma","phi","sigma_M","rho","Beta_0","delta","mu_H","N_0","I_0","R_0","C_0","r","omega","epsilon","t_stop_immigration","spark","spark_time_start","spark_time_end"
20,0,0,0,1990,1.18802589845235,0.57820515625,0.0588235294117647,1.12518119501641,0.535499161224131,0.0290104275384878,0.0696835119124585,0.653272565571401,3.68e-05,5281842,227586.827586207,0,0,2.02577239877577e-05,0.01721420632104,0,1430,20,1461,1492
20,0,0,0,1990,1.18449802300933,0.57820515625,0.0588235294117647,1.1313010947858,0.540870107695256,0.0297963189883556,0.0694730903348355,0.664587434190981,3.68e-05,5281842,227586.827586207,0,0,2.02577239877577e-05,0.01721420632104,0,1430,20,1461,1492
20,0,0,0,1990,1.18102226450908,0.32825265625,0.0588235294117647,1.15209684376498,0.563234244369387,0.0282990697014881,0.0692758441724076,0.653217119198559,3.68e-05,5281842,227586.827586207,0,0,2.02577239877577e-05,0.01721420632104,0,1430,20,1461,1492
20,0,0,0,1990,1.17246936710872,0.32825265625,0.0588235294117647,1.15120815280701,0.56426878387986,0.0289523756068455,0.0687732527228559,0.655407660174102,3.68e-05,5281842,227586.827586207,0,0,2.02577239877577e-05,0.01721420632104,0,1430,20,1461,1492
20,0,0,0,1990,1.18110580854669,0.32825265625,0.0588235294117647,1.1522599244746,0.559543753171465,0.0277212053815653,0.0692811209666349,0.652240289572745,3.68e-05,5281842,227586.827586207,0,0,2.02577239877577e-05,0.01721420632104,0,1430,20,1461,1492
20,0,0,0,1990,1.17585199118023,0.32825265625,0.0588235294117647,1.15576956091716,0.564836017671367,0.0281407834896571,0.068973803603265,0.651016715139106,3.68e-05,5281842,227586.827586207,0,0,2.02577239877577e-05,0.01721420632104,0,1430,20,1461,1492
