"spark_size","total_re_emergence_prob_1_year","total_re_emergence_prob_2_year","total_re_emergence_prob_3_year","spark_year","R_naught","sigma_P","gamma","phi","sigma_M","rho","Beta_0","delta","mu_H","N_0","I_0","R_0","C_0","r","omega","epsilon","t_stop_immigration","spark","spark_time_start","spark_time_end"
20,0,0,0,1990,1.16024089144309,0.17203234375,0.0588235294117647,1.13802157378014,0.620727586206897,0.0259108003554462,0.0680674137272093,0.619546349484967,3.68e-05,5281842,159374.651137484,0,0,2.02577239877577e-05,0.01721420632104,0,1430,20,1461,1492
20,0,0,0,1990,1.16237977329978,0.17203234375,0.0588235294117647,1.13774771051377,0.620727586206897,0.0254935667887654,0.0681943554077881,0.615433053835914,3.68e-05,5281842,159376.217314699,0,0,2.02577239877577e-05,0.01721420632104,0,1430,20,1461,1492
20,0,0,0,1990,1.17709241142098,0.07830015625,0.0588235294117647,1.17348441534435,0.620727586206897,0.0291340231795083,0.0690447320833226,0.662050249244056,3.68e-05,5281842,253125.887477935,0,0,2.02577239877577e-05,0.01721420632104,0,1430,20,1461,1492
20,0,0,0,1990,1.17779809780924,0.07830015625,0.0588235294117647,1.17107998052587,0.620727586206897,0.0290194682613901,0.0690865253964011,0.660110435995883,3.68e-05,5281842,253125.438936129,0,0,2.02577239877577e-05,0.01721420632104,0,1430,20,1461,1492
20,0,0,0,1990,1.17784004450954,0.07830015625,0.0588235294117647,1.17041604949146,0.620727586206897,0.0290687128443843,0.0690890565189899,0.659686498774611,3.68e-05,5281842,253125.994535827,0,0,2.02577239877577e-05,0.01721420632104,0,1430,20,1461,1492
20,0,0,0,1990,1.17676446998182,0.07830015625,0.0588235294117647,1.17298624890919,0.620727586206897,0.0290723770781051,0.0690260606635332,0.660309918180708,3.68e-05,5281842,253125.493596879,0,0,2.02577239877577e-05,0.01721420632104,0,1430,20,1461,1492
