"spark_size","total_re_emergence_prob_1_year","total_re_emergence_prob_2_year","total_re_emergence_prob_3_year","spark_year","R_naught","sigma_P","gamma","phi","sigma_M","rho","Beta_0","delta","mu_H","N_0","I_0","R_0","C_0","r","omega","epsilon","t_stop_immigration","spark","spark_time_start","spark_time_end"
20,0,0,0,1990,1.18688245759413,0.17203234375,0.0588235294117647,1.16977102813131,0.585366526242084,0.0292968519767902,0.0696176199136641,0.664524564752227,3.68e-05,5281842,268966.068965517,0,0,2.02577239877577e-05,0.01721420632104,0,1430,20,1461,1492
20,0,0,0,1990,1.18714959996632,0.26576453125,0.0588235294117647,1.16381754664818,0.575105205271158,0.0298426193585202,0.0696319692015518,0.666102359387581,3.68e-05,5281842,268966.068965517,0,0,2.02577239877577e-05,0.01721420632104,0,1430,20,1461,1492
20,0,0,0,1990,1.18737678229599,0.26576453125,0.0588235294117647,1.16535084981198,0.574898177237578,0.0298823996170052,0.0696450910575293,0.667184286153079,3.68000000000001e-05,5281842,268966.068965517,0,0,2.02577239877577e-05,0.01721420632104,0,1430,20,1461,1492
20,0,0,0,1990,1.19106811702014,0.51571703125,0.0588235294117647,1.15140227665791,0.555805857298551,0.0301481729258221,0.0698603323019003,0.665950148160471,3.68e-05,5281842,268966.068965517,0,0,2.02577239877577e-05,0.01721420632104,0,1430,20,1461,1492
20,0,0,0,1990,1.181125399388,0.01581203125,0.0588235294117647,1.1745298850528,0.583055014605761,0.0297789655060088,0.0692787396910625,0.669487709304177,3.68e-05,5281842,268966.068965517,0,0,2.02577239877577e-05,0.01721420632104,0,1430,20,1461,1492
20,0,0,0,1990,1.1838882742672,0.01581203125,0.0588235294117647,1.1756451901707,0.585627397611083,0.0295984778496158,0.0694419689961495,0.666638722820916,3.68e-05,5281842,268966.068965517,0,0,2.02577239877577e-05,0.01721420632104,0,1430,20,1461,1492
