"spark_size","total_re_emergence_prob_1_year","total_re_emergence_prob_2_year","total_re_emergence_prob_3_year","spark_year","R_naught","sigma_P","gamma","phi","sigma_M","rho","Beta_0","delta","mu_H","N_0","I_0","R_0","C_0","r","omega","epsilon","t_stop_immigration","spark","spark_time_start","spark_time_end"
20,0,0,0,1990,1.16585731063066,0.14078828125,0.0588235294117647,1.15236675813593,0.577495010441212,0.0261070819912297,0.0683949497473475,0.629340460742178,3.67999999999999e-05,5281842,186207.586206897,0,0,2.02577239877577e-05,0.01721420632104,0,1430,20,1461,1492
20,0,0,0,1990,1.16724116715552,0.14078828125,0.0588235294117647,1.14920323714076,0.568741172285024,0.0264321384375854,0.0684745768169467,0.632657622650335,3.68000000000001e-05,5281842,186207.586206897,0,0,2.02577239877577e-05,0.01721420632104,0,1430,20,1461,1492
20,0,0,0,1990,1.16390855428567,0.14078828125,0.0588235294117647,1.15374552907486,0.576626404771562,0.0266706228464937,0.0682800572689593,0.631353741898439,3.68e-05,5281842,186207.586206897,0,0,2.02577239877577e-05,0.01721420632104,0,1430,20,1461,1492
20,0,0,0,1990,1.16340815466921,0.14078828125,0.0588235294117647,1.15205986210151,0.581622111362681,0.0266586067409772,0.0682502563503547,0.632060104466264,3.68e-05,5281842,186207.586206897,0,0,2.02577239877577e-05,0.01721420632104,0,1430,20,1461,1492
20,0.01,0.01,0,1990,1.18661110434433,0.64069328125,0.0588235294117647,1.10584953853456,0.517934591653455,0.0274672869353172,0.0696028315755236,0.641439156815281,3.68e-05,5281842,186207.586206897,0,0,2.02577239877577e-05,0.01721420632104,0,1430,20,1461,1492
20,0,0,0,1990,1.16445604426968,0.07830015625,0.0588235294117647,1.15467492738698,0.577023063882205,0.0262852070186332,0.0683139065465034,0.626837542424971,3.68e-05,5281842,186207.586206897,0,0,2.02577239877577e-05,0.01721420632104,0,1430,20,1461,1492
