"spark_size","total_re_emergence_prob_1_year","total_re_emergence_prob_2_year","total_re_emergence_prob_3_year","spark_year","R_naught","sigma_P","gamma","phi","sigma_M","rho","Beta_0","delta","mu_H","N_0","I_0","R_0","C_0","r","omega","epsilon","t_stop_immigration","spark","spark_time_start","spark_time_end"
20,0,0,0,1990,1.16353768848343,0.07830015625,0.0588235294117647,1.15545886952342,0.577457115599806,0.0263471011711986,0.0682595574397987,0.628399341924005,3.68e-05,5281842,186207.586206897,0,0,2.02577239877577e-05,0.01721420632104,0,1430,20,1461,1492
20,0,0,0,1990,1.1655868566078,0.07830015625,0.0588235294117647,1.15178295350257,0.578514288237319,0.0265422767411296,0.0683775607449758,0.633378775850134,3.68e-05,5281842,186207.586206897,0,0,2.02577239877577e-05,0.01721420632104,0,1430,20,1461,1492
20,0,0,0,1990,1.16209275410103,0.07830015625,0.0588235294117647,1.15290511356157,0.577974870625434,0.0264843184183001,0.0681740834860544,0.629561488758381,3.68e-05,5281842,186207.586206897,0,0,2.02577239877577e-05,0.01721420632104,0,1430,20,1461,1492
20,0,0,0,1990,1.17451699828822,0.57820515625,0.0588235294117647,1.11554849580234,0.540168345516847,0.029207422321879,0.0688889155853691,0.656434824486207,3.68e-05,5281842,186207.586206897,0,0,2.02577239877577e-05,0.01721420632104,0,1430,20,1461,1492
20,0.01,0,0,1990,1.19157119137869,0.57820515625,0.0588235294117647,1.11076512912141,0.531854172665623,0.0268600811705237,0.0698924808404282,0.646281893720976,3.68e-05,5281842,186207.586206897,0,0,2.02577239877577e-05,0.01721420632104,0,1430,20,1461,1492
20,0,0,0,1990,1.18068480128106,0.57820515625,0.0588235294117647,1.11014560460133,0.529564319665349,0.0275648759199531,0.0692535356352588,0.64716604945147,3.68e-05,5281842,186207.586206897,0,0,2.02577239877577e-05,0.01721420632104,0,1430,20,1461,1492
