"spark_size","total_re_emergence_prob_1_year","total_re_emergence_prob_2_year","total_re_emergence_prob_3_year","spark_year","R_naught","sigma_P","gamma","phi","sigma_M","rho","Beta_0","delta","mu_H","N_0","I_0","R_0","C_0","r","omega","epsilon","t_stop_immigration","spark","spark_time_start","spark_time_end"
20,0,0,0,1990,1.16545002066422,0.23452046875,0.0588235294117647,1.14727506593967,0.576537108836918,0.0265406739109734,0.0683692028527681,0.632883560328678,3.68000000000001e-05,5281842,186207.586206897,0,0,2.02577239877577e-05,0.01721420632104,0,1430,20,1461,1492
20,0,0,0,1990,1.16935515428829,0.23452046875,0.0588235294117647,1.14145677334373,0.568444655063857,0.0267144824060619,0.0685978181730739,0.632389674256548,3.68e-05,5281842,186207.586206897,0,0,2.02577239877577e-05,0.01721420632104,0,1430,20,1461,1492
20,0,0,0,1990,1.16986395145815,0.23452046875,0.0588235294117647,1.14703605351806,0.566611866980437,0.0268744717162325,0.0686268527093202,0.63635296950001,3.68e-05,5281842,186207.586206897,0,0,2.02577239877577e-05,0.01721420632104,0,1430,20,1461,1492
20,0,0,0,1990,1.16923326422151,0.23452046875,0.0588235294117647,1.14707163491476,0.567505327184011,0.0270436553010108,0.0685891234532116,0.638381447967281,3.68e-05,5281842,186207.586206897,0,0,2.02577239877577e-05,0.01721420632104,0,1430,20,1461,1492
20,0,0,0,1990,1.16772111363295,0.23452046875,0.0588235294117647,1.1464913844455,0.569095641201489,0.0266884418768008,0.068501877418491,0.634172689744784,3.68e-05,5281842,186207.586206897,0,0,2.02577239877577e-05,0.01721420632104,0,1430,20,1461,1492
20,0,0,0,1990,1.19183511249153,0.73442546875,0.0588235294117647,1.09302497734351,0.504059652894061,0.0275679780590541,0.0699045815981996,0.650218465433717,3.68000000000001e-05,5281842,186207.586206897,0,0,2.02577239877577e-05,0.01721420632104,0,1430,20,1461,1492
