"spark_size","total_re_emergence_prob_1_year","total_re_emergence_prob_2_year","total_re_emergence_prob_3_year","spark_year","R_naught","sigma_P","gamma","phi","sigma_M","rho","Beta_0","delta","mu_H","N_0","I_0","R_0","C_0","r","omega","epsilon","t_stop_immigration","spark","spark_time_start","spark_time_end"
20,0,0,0,1990,1.1981218909515,0.273575546875,0.0588235294117647,1.08330781158269,0.573564432241492,0.0279383128322993,0.0702687450940208,0.659531359639548,3.68e-05,5281842,220313.004439532,0,0,2.02577239877577e-05,0.01721420632104,0,1430,20,1461,1492
20,0,0,0,1990,1.19873083377627,0.273575546875,0.0588235294117647,1.08330781158269,0.573050837853829,0.0277626448292838,0.0703042707983526,0.660023365411616,3.68e-05,5281842,220314.046049254,0,0,2.02577239877577e-05,0.01721420632104,0,1430,20,1461,1492
20,0,0,0,1990,1.19415806552752,0.273575546875,0.0588235294117647,1.08330781158269,0.578860003151677,0.0281001652579704,0.0700358782243167,0.6605603306613,3.68e-05,5281842,220311.63089373,0,0,2.02577239877577e-05,0.01721420632104,0,1430,20,1461,1492
20,0,0,0,1990,1.1953156810779,0.273575546875,0.0588235294117647,1.08330781158269,0.582181139329033,0.0278134751037381,0.0701041547125627,0.659554316138645,3.68e-05,5281842,220312.283529177,0,0,2.02577239877577e-05,0.01721420632104,0,1430,20,1461,1492
20,0,0,0,1990,1.22089074328361,0.07830015625,0.0588235294117647,1.19163859274096,0.61346080766029,0.0354884509272052,0.0715987578655555,0.709218160774554,3.68e-05,5281842,384373.978142923,0,0,2.02577239877577e-05,0.01721420632104,0,1430,20,1461,1492
20,0,0,0,1990,1.22136341745276,0.07830015625,0.0588235294117647,1.19163859274096,0.610397686763302,0.0352373568666934,0.0716270458679513,0.707682569490523,3.68e-05,5281842,384375.670498267,0,0,2.02577239877577e-05,0.01721420632104,0,1430,20,1461,1492
