"spark_size","total_re_emergence_prob_1_year","total_re_emergence_prob_2_year","total_re_emergence_prob_3_year","spark_year","R_naught","sigma_P","gamma","phi","sigma_M","rho","Beta_0","delta","mu_H","N_0","I_0","R_0","C_0","r","omega","epsilon","t_stop_immigration","spark","spark_time_start","spark_time_end"
20,0.01,0,0,1990,1.19366776602234,0.67193734375,0.0588235294117647,1.09357058987098,0.521877378815628,0.0270012331767124,0.0700143873116838,0.644266974604857,3.68e-05,5281842,186207.586206897,0,0,2.02577239877577e-05,0.01721420632104,0,1430,20,1461,1492
20,0,0,0,1990,1.19494576590687,0.67193734375,0.0588235294117647,1.10184917549572,0.517067262497092,0.0271791342437974,0.0700882352246588,0.649512624270599,3.68e-05,5281842,186207.586206897,0,0,2.02577239877577e-05,0.01721420632104,0,1430,20,1461,1492
20,0.01,0,0,1990,1.18928984097031,0.67193734375,0.0588235294117647,1.1000916683662,0.517487152865202,0.0277389954790028,0.0697552240288187,0.652382977200581,3.68e-05,5281842,186207.586206897,0,0,2.02577239877577e-05,0.01721420632104,0,1430,20,1461,1492
20,0,0,0,1990,1.19688880263713,0.67193734375,0.0588235294117647,1.09730348218315,0.514077753101069,0.0271688648296166,0.0702019703931034,0.648843382883537,3.68e-05,5281842,186207.586206897,0,0,2.02577239877577e-05,0.01721420632104,0,1430,20,1461,1492
20,0,0,0,1990,1.16655106935482,0.17203234375,0.0588235294117647,1.15241860774245,0.571126773357591,0.0268327399895003,0.0684335524823645,0.635165176813764,3.68000000000001e-05,5281842,186207.586206897,0,0,2.02577239877577e-05,0.01721420632104,0,1430,20,1461,1492
20,0,0,0,1990,1.16532803738108,0.17203234375,0.0588235294117647,1.1521519854277,0.576356650361741,0.0269987176675758,0.0683624515224213,0.633289672810703,3.68e-05,5281842,186207.586206897,0,0,2.02577239877577e-05,0.01721420632104,0,1430,20,1461,1492
