"spark_size","total_re_emergence_prob_1_year","total_re_emergence_prob_2_year","total_re_emergence_prob_3_year","spark_year","R_naught","sigma_P","gamma","phi","sigma_M","rho","Beta_0","delta","mu_H","N_0","I_0","R_0","C_0","r","omega","epsilon","t_stop_immigration","spark","spark_time_start","spark_time_end"
20,0,0,0,1990,1.18836834726092,0.67193734375,0.0588235294117647,1.09206485015007,0.513089170147461,0.026897064532561,0.0697056618085819,0.638269051409977,3.68000000000001e-05,5281842,165517.965517241,0,0,2.02577239877577e-05,0.01721420632104,0,1430,20,1461,1492
20,0.01,0,0,1990,1.18985126129021,0.67193734375,0.0588235294117647,1.088626362352,0.505072332462099,0.0269069493624676,0.0697910448599547,0.641562985765762,3.67999999999999e-05,5281842,165517.965517241,0,0,2.02577239877577e-05,0.01721420632104,0,1430,20,1461,1492
20,0,0,0,1990,1.16456918577571,0.17203234375,0.0588235294117647,1.14354514495114,0.57221920456009,0.0258197951851093,0.0683211898572758,0.621618124832074,3.68e-05,5281842,165517.965517241,0,0,2.02577239877577e-05,0.01721420632104,0,1430,20,1461,1492
20,0,0,0,1990,1.16423537471628,0.17203234375,0.0588235294117647,1.14024382421627,0.578393190239936,0.02566890767827,0.0683012564054038,0.621589546291378,3.68e-05,5281842,165517.965517241,0,0,2.02577239877577e-05,0.01721420632104,0,1430,20,1461,1492
20,0,0,0,1990,1.1640634203067,0.17203234375,0.0588235294117647,1.14008711959786,0.579190120061332,0.0258022727054779,0.0682915122749816,0.620593898189573,3.68e-05,5281842,165517.965517241,0,0,2.02577239877577e-05,0.01721420632104,0,1430,20,1461,1492
20,0,0,0,1990,1.16716580317169,0.26576453125,0.0588235294117647,1.13751727141665,0.568220675263793,0.0262118374917202,0.0684714984481137,0.625379020324175,3.68e-05,5281842,165517.965517241,0,0,2.02577239877577e-05,0.01721420632104,0,1430,20,1461,1492
