"spark_size","total_re_emergence_prob_1_year","total_re_emergence_prob_2_year","total_re_emergence_prob_3_year","spark_year","R_naught","sigma_P","gamma","phi","sigma_M","rho","Beta_0","delta","mu_H","N_0","I_0","R_0","C_0","r","omega","epsilon","t_stop_immigration","spark","spark_time_start","spark_time_end"
20,0,0,0,1990,1.21377020595958,0.17203234375,0.0588235294117647,1.18187976184638,0.600162448430987,0.0331689698865644,0.071184275331848,0.697096559310876,3.68e-05,5281842,351724.551724138,0,0,2.02577239877577e-05,0.01721420632104,0,1430,20,1461,1492
20,0,0,0,1990,1.21262394702625,0.17203234375,0.0588235294117647,1.1817261881806,0.599561303982955,0.033710747637377,0.0711166578468401,0.698102090037656,3.68000000000001e-05,5281842,351724.551724138,0,0,2.02577239877577e-05,0.01721420632104,0,1430,20,1461,1492
20,0,0,0,1990,1.21007147829731,0.17203234375,0.0588235294117647,1.18193072366595,0.598858447289428,0.0337061220271146,0.0709671544195389,0.697660246791864,3.68e-05,5281842,351724.551724138,0,0,2.02577239877577e-05,0.01721420632104,0,1430,20,1461,1492
20,0,0,0,1990,1.21004332135452,0.17203234375,0.0588235294117647,1.18072638646955,0.597609542669535,0.0335846953627507,0.0709659422697448,0.696020401966492,3.68000000000001e-05,5281842,351724.551724138,0,0,2.02577239877577e-05,0.01721420632104,0,1430,20,1461,1492
20,0,0,0,1990,1.20739106969726,0.01581203125,0.0588235294117647,1.18087373554492,0.610025837756326,0.0350052208335463,0.0708052469422201,0.710066489911592,3.68e-05,5281842,351724.551724138,0,0,2.02577239877577e-05,0.01721420632104,0,1430,20,1461,1492
20,0,0,0,1990,1.20843279927585,0.01581203125,0.0588235294117647,1.18565250748591,0.604619613266698,0.0336975894097495,0.0708720142586388,0.696434378370941,3.68e-05,5281842,351724.551724138,0,0,2.02577239877577e-05,0.01721420632104,0,1430,20,1461,1492
