"spark_size","total_re_emergence_prob_1_year","total_re_emergence_prob_2_year","total_re_emergence_prob_3_year","spark_year","R_naught","sigma_P","gamma","phi","sigma_M","rho","Beta_0","delta","mu_H","N_0","I_0","R_0","C_0","r","omega","epsilon","t_stop_immigration","spark","spark_time_start","spark_time_end"
20,0,0,0,1990,1.17617687858643,0.445417890625,0.0588235294117647,1.14812187225058,0.564483546913577,0.0325935845608547,0.0689779947063947,0.689324481588709,3.68e-05,5281842,248276.448275862,0,0,2.02577239877577e-05,0.01721420632104,0,1430,20,1461,1492
20,0,0,0,1990,1.17946206522307,0.195465390625,0.0588235294117647,1.16707270776638,0.576156226742651,0.0290520363772604,0.0691839762117015,0.6591622050627,3.68e-05,5281842,248276.448275862,0,0,2.02577239877577e-05,0.01721420632104,0,1430,20,1461,1492
20,0,0,0,1990,1.17995644247878,0.195465390625,0.0588235294117647,1.17142163655689,0.573491704812243,0.0291358709319438,0.0692127622448203,0.661240401639869,3.68e-05,5281842,248276.448275862,0,0,2.02577239877577e-05,0.01721420632104,0,1430,20,1461,1492
20,0,0,0,1990,1.18269647871288,0.195465390625,0.0588235294117647,1.16400977457064,0.5795665817159,0.0288099359101352,0.0693729728966288,0.660117957060221,3.68e-05,5281842,248276.448275862,0,0,2.02577239877577e-05,0.01721420632104,0,1430,20,1461,1492
20,0,0,0,1990,1.17961249497574,0.195465390625,0.0588235294117647,1.17050889645483,0.571157979462709,0.0290958431637055,0.0691934398086676,0.658568057821818,3.68e-05,5281842,248276.448275862,0,0,2.02577239877577e-05,0.01721420632104,0,1430,20,1461,1492
20,0,0,0,1990,1.17938956309307,0.320441640625,0.0588235294117647,1.16539848382102,0.569094538368968,0.0291333795362447,0.0691795515846712,0.659067987115438,3.68e-05,5281842,248276.448275862,0,0,2.02577239877577e-05,0.01721420632104,0,1430,20,1461,1492
