"spark_size","total_re_emergence_prob_1_year","total_re_emergence_prob_2_year","total_re_emergence_prob_3_year","spark_year","R_naught","sigma_P","gamma","phi","sigma_M","rho","Beta_0","delta","mu_H","N_0","I_0","R_0","C_0","r","omega","epsilon","t_stop_immigration","spark","spark_time_start","spark_time_end"
20,0,0,0,1990,1.17719811470583,0.48447296875,0.0588235294117647,1.13624801503425,0.547665177781639,0.0290729129176633,0.069046830344856,0.660990244791009,3.68e-05,5281842,206897.206896552,0,0,2.02577239877577e-05,0.01721420632104,0,1430,20,1461,1492
20,0,0,0,1990,1.17460180022525,0.29700859375,0.0588235294117647,1.14606136714865,0.563101530725097,0.0271649846741501,0.0689025764577409,0.642108603409461,3.68e-05,5281842,206897.206896552,0,0,2.02577239877577e-05,0.01721420632104,0,1430,20,1461,1492
20,0,0,0,1990,1.17206757681264,0.29700859375,0.0588235294117647,1.14838054228352,0.566316135681711,0.0278079482603599,0.0687528716768679,0.645720510782472,3.68e-05,5281842,206897.206896552,0,0,2.02577239877577e-05,0.01721420632104,0,1430,20,1461,1492
20,0,0,0,1990,1.17356303761471,0.29700859375,0.0588235294117647,1.15369725048825,0.561720556761247,0.0273783151199869,0.068843031107903,0.640711196305713,3.68e-05,5281842,206897.206896552,0,0,2.02577239877577e-05,0.01721420632104,0,1430,20,1461,1492
20,0,0,0,1990,1.17537250036664,0.29700859375,0.0588235294117647,1.15222219803611,0.562473237262101,0.0274277925907225,0.0689473489286615,0.645266852731151,3.68e-05,5281842,206897.206896552,0,0,2.02577239877577e-05,0.01721420632104,0,1430,20,1461,1492
20,0,0,0,1990,1.17011983200645,0.29700859375,0.0588235294117647,1.14879038248402,0.566314192258279,0.0272804585346179,0.0686395925666767,0.643163675948712,3.68000000000001e-05,5281842,206897.206896552,0,0,2.02577239877577e-05,0.01721420632104,0,1430,20,1461,1492
