"spark_size","total_re_emergence_prob_1_year","total_re_emergence_prob_2_year","total_re_emergence_prob_3_year","spark_year","R_naught","sigma_P","gamma","phi","sigma_M","rho","Beta_0","delta","mu_H","N_0","I_0","R_0","C_0","r","omega","epsilon","t_stop_immigration","spark","spark_time_start","spark_time_end"
20,0,0,0,1990,1.17559766553001,0.17203234375,0.0588235294117647,1.11120741572767,0.57537504594246,0.0252286103225719,0.0689655172413793,0.619511530431822,3.68e-05,5281842,159375.756360509,0,0,2.02577239877577e-05,0.01721420632104,0,1430,20,1461,1492
20,0,0,0,1990,1.1755882760904,0.17203234375,0.0588235294117647,1.11286313762553,0.576225052336247,0.0250903772356922,0.0689655172413793,0.618485508213431,3.68e-05,5281842,159375.575421053,0,0,2.02577239877577e-05,0.01721420632104,0,1430,20,1461,1492
20,0,0,0,1990,1.17561238865672,0.17203234375,0.0588235294117647,1.10945101361716,0.577241037812816,0.0254337137622014,0.0689655172413793,0.621352844009078,3.68000000000001e-05,5281842,159375.585266111,0,0,2.02577239877577e-05,0.01721420632104,0,1430,20,1461,1492
20,0,0,0,1990,1.17559708662487,0.17203234375,0.0588235294117647,1.11036589320956,0.58007057365772,0.025346392665535,0.0689655172413793,0.619187038360613,3.68e-05,5281842,159376.978639312,0,0,2.02577239877577e-05,0.01721420632104,0,1430,20,1461,1492
20,0,0,0,1990,1.17571207792942,0.26576453125,0.0588235294117647,1.14563243069135,0.569701841706327,0.0273053512434278,0.0689655172413793,0.647970502248802,3.67999999999999e-05,5281842,215625.18989387,0,0,2.02577239877577e-05,0.01721420632104,0,1430,20,1461,1492
20,0,0,0,1990,1.17570116575329,0.26576453125,0.0588235294117647,1.1465335596785,0.566226403326475,0.0273499748351653,0.0689655172413793,0.646501926462138,3.68e-05,5281842,215626.122441317,0,0,2.02577239877577e-05,0.01721420632104,0,1430,20,1461,1492
