"spark_size","total_re_emergence_prob_1_year","total_re_emergence_prob_2_year","total_re_emergence_prob_3_year","spark_year","R_naught","sigma_P","gamma","phi","sigma_M","rho","Beta_0","delta","mu_H","N_0","I_0","R_0","C_0","r","omega","epsilon","t_stop_immigration","spark","spark_time_start","spark_time_end"
20,0,0,0,1990,1.1854351126239,0.57820515625,0.0588235294117647,1.11826735013379,0.530810407184706,0.0283441529406235,0.0695297226300486,0.656099960722215,3.68000000000001e-05,5281842,206897.206896552,0,0,2.02577239877577e-05,0.01721420632104,0,1430,20,1461,1492
20,0,0,0,1990,1.18567980024207,0.57820515625,0.0588235294117647,1.11424353055527,0.542290920841649,0.028201590594387,0.0695461985146099,0.649215847836988,3.68e-05,5281842,206897.206896552,0,0,2.02577239877577e-05,0.01721420632104,0,1430,20,1461,1492
20,0,0,0,1990,1.17665132543283,0.32825265625,0.0588235294117647,1.14808003148496,0.570570953374721,0.0275935484189512,0.0690219593694265,0.645056414333227,3.68e-05,5281842,206897.206896552,0,0,2.02577239877577e-05,0.01721420632104,0,1430,20,1461,1492
20,0,0,0,1990,1.17602939958418,0.32825265625,0.0588235294117647,1.15180864609816,0.560335211913881,0.0276342757190852,0.0689859154932491,0.64504386115992,3.68e-05,5281842,206897.206896552,0,0,2.02577239877577e-05,0.01721420632104,0,1430,20,1461,1492
20,0,0,0,1990,1.17314340484973,0.32825265625,0.0588235294117647,1.14610625502871,0.563297149370714,0.0275077887549404,0.0688157699919999,0.645573827418159,3.68e-05,5281842,206897.206896552,0,0,2.02577239877577e-05,0.01721420632104,0,1430,20,1461,1492
20,0,0,0,1990,1.17862412588212,0.32825265625,0.0588235294117647,1.14371346349584,0.569596384297122,0.0276689960372846,0.0691366359601803,0.646538075656364,3.68e-05,5281842,206897.206896552,0,0,2.02577239877577e-05,0.01721420632104,0,1430,20,1461,1492
