"spark_size","total_re_emergence_prob_1_year","total_re_emergence_prob_2_year","total_re_emergence_prob_3_year","spark_year","R_naught","sigma_P","gamma","phi","sigma_M","rho","Beta_0","delta","mu_H","N_0","I_0","R_0","C_0","r","omega","epsilon","t_stop_immigration","spark","spark_time_start","spark_time_end"
20,0,0,0,1990,1.218695956183,0.0346662068965517,0.0588235294117647,1.18368323766963,0.611294217970988,0.0348084359062392,0.0714706429067811,0.704551223948679,3.68e-05,5281842,370312.616581901,0,0,2.02577239877577e-05,0.01721420632104,0,1430,20,1461,1492
20,0,0,0,1990,1.16931445308336,0.0346662068965517,0.0588235294117647,1.16859339853917,0.575158840586183,0.027633832693188,0.0685935940077534,0.646167069793654,3.68e-05,5281842,220312.469969436,0,0,2.02577239877577e-05,0.01721420632104,0,1430,20,1461,1492
20,0,0,0,1990,1.17240685150583,0.0346662068965517,0.0588235294117647,1.15782740031275,0.570733700048698,0.0275284880132463,0.0687740202649167,0.645322909848182,3.68e-05,5281842,220312.59136439,0,0,2.02577239877577e-05,0.01721420632104,0,1430,20,1461,1492
20,0,0,0,1990,1.17108673362823,0.0346662068965517,0.0588235294117647,1.16357537819311,0.576733832774988,0.0278947916186669,0.0686962437964222,0.648148099428795,3.68000000000001e-05,5281842,220314.221049498,0,0,2.02577239877577e-05,0.01721420632104,0,1430,20,1461,1492
20,0,0,0,1990,1.16836499946265,0.0346662068965517,0.0588235294117647,1.16637443960816,0.579859662035396,0.0278653672516332,0.0685372592690111,0.647205326246617,3.68000000000001e-05,5281842,220313.233214088,0,0,2.02577239877577e-05,0.01721420632104,0,1430,20,1461,1492
20,0,0,0,1990,1.20773496742669,0.0691424137931034,0.0588235294117647,1.18604798131973,0.603190555100276,0.0337900497410645,0.0708296364463032,0.700537938638571,3.67999999999999e-05,5281842,346873.932596915,0,0,2.02577239877577e-05,0.01721420632104,0,1430,20,1461,1492
