"spark_size","total_re_emergence_prob_1_year","total_re_emergence_prob_2_year","total_re_emergence_prob_3_year","spark_year","R_naught","sigma_P","gamma","phi","sigma_M","rho","Beta_0","delta","mu_H","N_0","I_0","R_0","C_0","r","omega","epsilon","t_stop_immigration","spark","spark_time_start","spark_time_end"
20,0,0,0,1990,1.18144811834526,0.45322890625,0.0588235294117647,1.1329207093975,0.543926504320049,0.0267272870460111,0.0693041075909165,0.638262831819021,3.68e-05,5281842,186207.586206897,0,0,2.02577239877577e-05,0.01721420632104,0,1430,20,1461,1492
20,0,0,0,1990,1.18242085360709,0.45322890625,0.0588235294117647,1.12546604515936,0.547798595732216,0.0266050466757193,0.0693598668592919,0.639546678999746,3.67999999999999e-05,5281842,186207.586206897,0,0,2.02577239877577e-05,0.01721420632104,0,1430,20,1461,1492
20,0,0,0,1990,1.17332856120736,0.445417890625,0.0588235294117647,1.12503820890574,0.551614292880122,0.0277961234669445,0.0688239065697545,0.64652604044628,3.68e-05,5281842,186207.586206897,0,0,2.02577239877577e-05,0.01721420632104,0,1430,20,1461,1492
20,0,0,0,1990,1.174895890577,0.445417890625,0.0588235294117647,1.13642537848669,0.548381930340364,0.0267756642712933,0.0689203778211359,0.637619742024894,3.68e-05,5281842,186207.586206897,0,0,2.02577239877577e-05,0.01721420632104,0,1430,20,1461,1492
20,0,0,0,1990,1.18030826604319,0.445417890625,0.0588235294117647,1.12819103586733,0.546997624820849,0.0275462491064106,0.0692348756967189,0.643252002275737,3.68e-05,5281842,186207.586206897,0,0,2.02577239877577e-05,0.01721420632104,0,1430,20,1461,1492
20,0.05,0.04,0.02,1990,1.21617289715441,0.945322890625,0.0588235294117647,1.05585899961044,0.454084319339564,0.0272726508115818,0.0713268075154226,0.653918890398606,3.68e-05,5281842,186207.586206897,0,0,2.02577239877577e-05,0.01721420632104,0,1430,20,1461,1492
