"spark_size","total_re_emergence_prob_1_year","total_re_emergence_prob_2_year","total_re_emergence_prob_3_year","spark_year","R_naught","sigma_P","gamma","phi","sigma_M","rho","Beta_0","delta","mu_H","N_0","I_0","R_0","C_0","r","omega","epsilon","t_stop_immigration","spark","spark_time_start","spark_time_end"
20,0,0,0,1990,1.19246284314176,0.344952068965517,0.0588235294117647,1.16748635100112,0.581619951827789,0.0305457445392672,0.0699425185911374,0.670359435751847,3.68e-05,5281842,290625.546235357,0,0,2.02577239877577e-05,0.01721420632104,0,1430,20,1461,1492
20,0,0,0,1990,1.19370325578589,0.344952068965517,0.0588235294117647,1.1645877731663,0.572871267982549,0.0311898969509419,0.0700122366274281,0.677635763080658,3.68e-05,5281842,290625.746481283,0,0,2.02577239877577e-05,0.01721420632104,0,1430,20,1461,1492
20,0,0,0,1990,1.19180810481315,0.344952068965517,0.0588235294117647,1.16172511851553,0.575714987161069,0.030984973581031,0.0699004771970192,0.678297366881447,3.68e-05,5281842,290624.556511772,0,0,2.02577239877577e-05,0.01721420632104,0,1430,20,1461,1492
20,0,0,0,1990,1.19386881122973,0.344952068965517,0.0588235294117647,1.1655831134959,0.58618187097456,0.030600983785795,0.0700247924157186,0.670224222045388,3.68e-05,5281842,290627.010850072,0,0,2.02577239877577e-05,0.01721420632104,0,1430,20,1461,1492
20,0,0,0,1990,1.18444550993322,0.344952068965517,0.0588235294117647,1.16055098549334,0.571016383217409,0.0294442650737804,0.0694748972872069,0.660784274442205,3.68000000000001e-05,5281842,253123.538574019,0,0,2.02577239877577e-05,0.01721420632104,0,1430,20,1461,1492
20,0,0,0,1990,1.18690816108194,0.344952068965517,0.0588235294117647,1.15266306745185,0.565125190647184,0.0293496126833267,0.0696175138726598,0.663159855318614,3.68e-05,5281842,253124.923152004,0,0,2.02577239877577e-05,0.01721420632104,0,1430,20,1461,1492
