"spark_size","total_re_emergence_prob_1_year","total_re_emergence_prob_2_year","total_re_emergence_prob_3_year","spark_year","R_naught","sigma_P","gamma","phi","sigma_M","rho","Beta_0","delta","mu_H","N_0","I_0","R_0","C_0","r","omega","epsilon","t_stop_immigration","spark","spark_time_start","spark_time_end"
20,0.02,0.01,0,1990,1.20244955796497,0.827618965517241,0.0588235294117647,1.09321738755579,0.493501793892426,0.0289223388462255,0.0705233245815773,0.660279528443816,3.68e-05,5281842,220312.97240102,0,0,2.02577239877577e-05,0.01721420632104,0,1430,20,1461,1492
20,0,0,0,1990,1.21923614527626,0.827618965517241,0.0588235294117647,1.08598278443659,0.492951313654904,0.028159801618331,0.0715061058729091,0.662763180372591,3.68e-05,5281842,220315.146308571,0,0,2.02577239877577e-05,0.01721420632104,0,1430,20,1461,1492
20,0.02,0,0,1990,1.20962453968363,0.827618965517241,0.0588235294117647,1.09030817893524,0.498684737364249,0.0285622991581606,0.0709416162357799,0.66600909983947,3.68000000000001e-05,5281842,220313.417501835,0,0,2.02577239877577e-05,0.01721420632104,0,1430,20,1461,1492
20,0.05,0.01,0,1990,1.20302540832433,0.827618965517241,0.0588235294117647,1.09027282601243,0.499461902715829,0.0288110626436586,0.0705573700950708,0.658744508125058,3.68e-05,5281842,220313.85042348,0,0,2.02577239877577e-05,0.01721420632104,0,1430,20,1461,1492
20,0.03,0,0,1990,1.21139480694797,0.827618965517241,0.0588235294117647,1.09315467252446,0.505402701472722,0.028750929270043,0.0710459271786686,0.665543935096577,3.68e-05,5281842,220312.365407038,0,0,2.02577239877577e-05,0.01721420632104,0,1430,20,1461,1492
20,0.02,0.01,0,1990,1.2035919544119,0.862095172413793,0.0588235294117647,1.03808617097431,0.46089554476879,0.0260638925362554,0.0705918248610626,0.642259333198594,3.68e-05,5281842,121875.783540964,0,0,2.02577239877577e-05,0.01721420632104,0,1430,20,1461,1492
