"spark_size","total_re_emergence_prob_1_year","total_re_emergence_prob_2_year","total_re_emergence_prob_3_year","spark_year","R_naught","sigma_P","gamma","phi","sigma_M","rho","Beta_0","delta","mu_H","N_0","I_0","R_0","C_0","r","omega","epsilon","t_stop_immigration","spark","spark_time_start","spark_time_end"
20,0,0,0,1990,1.17579308784025,0.54696109375,0.0588235294117647,1.13581539566744,0.549165728443928,0.0289932504372809,0.0689655172413793,0.6578625297996,3.68e-05,5281842,234375.031447381,0,0,2.02577239877577e-05,0.01721420632104,0,1430,20,1461,1492
20,0,0,0,1990,1.17579424267041,0.54696109375,0.0588235294117647,1.14039231281158,0.541824189330907,0.0292907885841637,0.0689655172413793,0.65949494756603,3.68000000000001e-05,5281842,234376.479903333,0,0,2.02577239877577e-05,0.01721420632104,0,1430,20,1461,1492
20,0,0,0,1990,1.17579529577343,0.54696109375,0.0588235294117647,1.13877495363205,0.544407954413623,0.0292711603809492,0.0689655172413793,0.659149782357438,3.68e-05,5281842,234375.494465788,0,0,2.02577239877577e-05,0.01721420632104,0,1430,20,1461,1492
20,0,0,0,1990,1.1757876263455,0.54696109375,0.0588235294117647,1.14173536771024,0.539165734665033,0.0290545420571189,0.0689655172413793,0.658862129913779,3.68e-05,5281842,234375.137192582,0,0,2.02577239877577e-05,0.01721420632104,0,1430,20,1461,1492
20,0,0,0,1990,1.17580819097665,0.54696109375,0.0588235294117647,1.13266161728236,0.541072619467922,0.0292499264792577,0.0689655172413793,0.65928945426875,3.68e-05,5281842,234375.944083485,0,0,2.02577239877577e-05,0.01721420632104,0,1430,20,1461,1492
20,0,0,0,1990,1.17560918300685,0.17203234375,0.0588235294117647,1.11221872145401,0.579641097227519,0.0255328946898876,0.0689655172413793,0.62161479364451,3.68e-05,5281842,159375.182330564,0,0,2.02577239877577e-05,0.01721420632104,0,1430,20,1461,1492
