"spark_size","total_re_emergence_prob_1_year","total_re_emergence_prob_2_year","total_re_emergence_prob_3_year","spark_year","R_naught","sigma_P","gamma","phi","sigma_M","rho","Beta_0","delta","mu_H","N_0","I_0","R_0","C_0","r","omega","epsilon","t_stop_immigration","spark","spark_time_start","spark_time_end"
20,0,0,0,1990,1.19547550084155,0.517333103448276,0.0588235294117647,1.14177455585898,0.552144089705474,0.0293776334114688,0.0701179927688124,0.665093529806792,3.68e-05,5281842,253124.75669456,0,0,2.02577239877577e-05,0.01721420632104,0,1430,20,1461,1492
20,0,0,0,1990,1.19501427272096,0.517333103448276,0.0588235294117647,1.1380384172094,0.551545379363469,0.0293623646133089,0.0700904948429199,0.665093152389097,3.67999999999999e-05,5281842,253124.839594938,0,0,2.02577239877577e-05,0.01721420632104,0,1430,20,1461,1492
20,0,0,0,1990,1.18113229434112,0.517333103448276,0.0588235294117647,1.11375687013495,0.543257993257553,0.0271806027105088,0.0692821305320813,0.641907686997596,3.68e-05,5281842,178127.235647113,0,0,2.02577239877577e-05,0.01721420632104,0,1430,20,1461,1492
20,0,0,0,1990,1.14962061933877,0.517333103448276,0.0588235294117647,1.12608863015165,0.56157468818331,0.0327309410134317,0.0674245429029005,0.671076696159281,3.68e-05,5281842,178122.895716514,0,0,2.02577239877577e-05,0.01721420632104,0,1430,20,1461,1492
20,0,0,0,1990,1.1763448780534,0.517333103448276,0.0588235294117647,1.09731769775518,0.542258501753533,0.025797546180585,0.069005555394388,0.625911777074289,3.68e-05,5281842,145314.411606202,0,0,2.02577239877577e-05,0.01721420632104,0,1430,20,1461,1492
20,0,0,0,1990,1.17945820411965,0.517333103448276,0.0588235294117647,1.09693842713354,0.531836545816931,0.0258558930468145,0.0691874744731083,0.627710404563484,3.68e-05,5281842,145312.786041945,0,0,2.02577239877577e-05,0.01721420632104,0,1430,20,1461,1492
