"spark_size","total_re_emergence_prob_1_year","total_re_emergence_prob_2_year","total_re_emergence_prob_3_year","spark_year","R_naught","sigma_P","gamma","phi","sigma_M","rho","Beta_0","delta","mu_H","N_0","I_0","R_0","C_0","r","omega","epsilon","t_stop_immigration","spark","spark_time_start","spark_time_end"
20,0,0,0,1990,1.20505337252769,0.758666551724138,0.0588235294117647,1.07067735063686,0.500619573692228,0.0268020938795955,0.0706799373708467,0.644077291127363,3.68e-05,5281842,159376.84524756,0,0,2.02577239877577e-05,0.01721420632104,0,1430,20,1461,1492
20,0.01,0,0,1990,1.19807979870555,0.758666551724138,0.0588235294117647,1.07687498532757,0.493394073642571,0.0269619222769162,0.0702723974429954,0.641827215706552,3.68e-05,5281842,159374.543934296,0,0,2.02577239877577e-05,0.01721420632104,0,1430,20,1461,1492
20,0.02,0,0,1990,1.19380174193771,0.758666551724138,0.0588235294117647,1.07477574020029,0.500989925124524,0.0273416104757579,0.0700204726746175,0.643892895903475,3.68e-05,5281842,159374.884763481,0,0,2.02577239877577e-05,0.01721420632104,0,1430,20,1461,1492
20,0,0,0,1990,1.20431678533596,0.758666551724138,0.0588235294117647,1.07248436058943,0.495773097840465,0.0266903992936002,0.0706361545255758,0.646045530040103,3.68e-05,5281842,159376.05919281,0,0,2.02577239877577e-05,0.01721420632104,0,1430,20,1461,1492
20,0,0,0,1990,1.19536278115785,0.758666551724138,0.0588235294117647,1.07445559120201,0.498077691384182,0.0269394679504385,0.0701110523906269,0.64636993406215,3.68e-05,5281842,159376.113176846,0,0,2.02577239877577e-05,0.01721420632104,0,1430,20,1461,1492
20,0.01,0,0,1990,1.19725614015969,0.758666551724138,0.0588235294117647,1.09944779361109,0.509080266124061,0.028782155343644,0.0702210896735882,0.655837787348407,3.68000000000001e-05,5281842,215625.943426465,0,0,2.02577239877577e-05,0.01721420632104,0,1430,20,1461,1492
