"spark_size","total_re_emergence_prob_1_year","total_re_emergence_prob_2_year","total_re_emergence_prob_3_year","spark_year","R_naught","sigma_P","gamma","phi","sigma_M","rho","Beta_0","delta","mu_H","N_0","I_0","R_0","C_0","r","omega","epsilon","t_stop_immigration","spark","spark_time_start","spark_time_end"
20,0,0,0,1990,1.1922347332157,0.724190344827586,0.0588235294117647,1.04759020575436,0.503048890482129,0.02545286376272,0.0699304162183289,0.632321379076881,3.68e-05,5281842,121875.333281614,0,0,2.02577239877577e-05,0.01721420632104,0,1430,20,1461,1492
20,0,0,0,1990,1.19499771740925,0.724190344827586,0.0588235294117647,1.0584751293645,0.498018140740515,0.0256003151072886,0.0700920898450177,0.635947174166663,3.68000000000001e-05,5281842,121875.130874054,0,0,2.02577239877577e-05,0.01721420632104,0,1430,20,1461,1492
20,0,0,0,1990,1.19838003796032,0.724190344827586,0.0588235294117647,1.10995970605315,0.52175366473433,0.0288797013239315,0.0702857063042786,0.662318815821967,3.67999999999999e-05,5281842,234374.994138041,0,0,2.02577239877577e-05,0.01721420632104,0,1430,20,1461,1492
20,0.01,0,0,1990,1.19146651336935,0.724190344827586,0.0588235294117647,1.07933553844984,0.505131133002232,0.026838535634528,0.0698839509331114,0.643915122654373,3.68e-05,5281842,159375.921201012,0,0,2.02577239877577e-05,0.01721420632104,0,1430,20,1461,1492
20,0.01,0,0,1990,1.19345000456667,0.724190344827586,0.0588235294117647,1.07584444269721,0.501345378211822,0.0271519288624149,0.0699991838347241,0.645894358276658,3.68e-05,5281842,159376.504221701,0,0,2.02577239877577e-05,0.01721420632104,0,1430,20,1461,1492
20,0.01,0,0.01,1990,1.19303050231122,0.724190344827586,0.0588235294117647,1.0788747508168,0.507304108417943,0.0269877291927384,0.069975299928116,0.644802214673178,3.68e-05,5281842,159376.02196633,0,0,2.02577239877577e-05,0.01721420632104,0,1430,20,1461,1492
