"spark_size","total_re_emergence_prob_1_year","total_re_emergence_prob_2_year","total_re_emergence_prob_3_year","spark_year","R_naught","sigma_P","gamma","phi","sigma_M","rho","Beta_0","delta","mu_H","N_0","I_0","R_0","C_0","r","omega","epsilon","t_stop_immigration","spark","spark_time_start","spark_time_end"
20,0,0,0,1990,1.17975373452417,0.172571034482759,0.0588235294117647,1.17052372511311,0.582142048997576,0.0292230810657198,0.0692003800411829,0.662291490145395,3.68e-05,5281842,253124.219512347,0,0,2.02577239877577e-05,0.01721420632104,0,1430,20,1461,1492
20,0,0,0,1990,1.16404893916663,0.172571034482759,0.0588235294117647,1.15089166536243,0.576898181834307,0.0264517015953664,0.0682896392607269,0.626722374331386,3.68e-05,5281842,178126.050795506,0,0,2.02577239877577e-05,0.01721420632104,0,1430,20,1461,1492
20,0,0,0,1990,1.20630527996846,0.172571034482759,0.0588235294117647,1.17515633314117,0.597567062454282,0.0326343593932381,0.0707476834236863,0.691343692205038,3.68000000000001e-05,5281842,328126.341151431,0,0,2.02577239877577e-05,0.01721420632104,0,1430,20,1461,1492
20,0,0,0,1990,1.20274716740155,0.172571034482759,0.0588235294117647,1.17795352071697,0.595795391559961,0.0324058186240763,0.0705400608527702,0.689493820656273,3.68e-05,5281842,328126.079307126,0,0,2.02577239877577e-05,0.01721420632104,0,1430,20,1461,1492
20,0,0,0,1990,1.20464037086658,0.172571034482759,0.0588235294117647,1.17687892718818,0.591795898381859,0.0323477499155087,0.0706519404150835,0.686805257204987,3.68e-05,5281842,328125.196167194,0,0,2.02577239877577e-05,0.01721420632104,0,1430,20,1461,1492
20,0,0,0,1990,1.20475622521764,0.172571034482759,0.0588235294117647,1.17912198037569,0.595269085183438,0.0323008987392263,0.0706588790159079,0.687231373108946,3.68e-05,5281842,328124.289101104,0,0,2.02577239877577e-05,0.01721420632104,0,1430,20,1461,1492
