"spark_size","total_re_emergence_prob_1_year","total_re_emergence_prob_2_year","total_re_emergence_prob_3_year","spark_year","R_naught","sigma_P","gamma","phi","sigma_M","rho","Beta_0","delta","mu_H","N_0","I_0","R_0","C_0","r","omega","epsilon","t_stop_immigration","spark","spark_time_start","spark_time_end"
20,0,0,0,1990,1.1575098254768,0.17203234375,0.0588235294117647,1.14404408074324,0.579216020753256,0.0266896551724138,0.0679062035256459,0.624100376489147,3.68e-05,5281842,159374.919980286,0,0,2.02577239877577e-05,0.01721420632104,0,1430,20,1461,1492
20,0,0,0,1990,1.15913125293927,0.17203234375,0.0588235294117647,1.13655620268302,0.579040676850081,0.0266896551724138,0.0679995722018629,0.626699568950432,3.68e-05,5281842,159375.63102684,0,0,2.02577239877577e-05,0.01721420632104,0,1430,20,1461,1492
20,0,0,0,1990,1.16128984371133,0.17203234375,0.0588235294117647,1.13615156918158,0.581108711187214,0.0266896551724138,0.068126899424886,0.624659223371418,3.68e-05,5281842,159373.980455101,0,0,2.02577239877577e-05,0.01721420632104,0,1430,20,1461,1492
20,0,0,0,1990,1.15942139487195,0.17203234375,0.0588235294117647,1.13646916259119,0.574516429272818,0.0266896551724138,0.0680175102713984,0.624136927570595,3.68e-05,5281842,159375.096138133,0,0,2.02577239877577e-05,0.01721420632104,0,1430,20,1461,1492
20,0,0,0,1990,1.15868553236872,0.17203234375,0.0588235294117647,1.13648508800798,0.579481229370939,0.0266896551724138,0.0679741590452424,0.624644873776134,3.68000000000001e-05,5281842,159376.033617497,0,0,2.02577239877577e-05,0.01721420632104,0,1430,20,1461,1492
20,0,0,0,1990,1.15714845735595,0.14078828125,0.0588235294117647,1.12771671961405,0.58943650941308,0.0266896551724138,0.0678852158265522,0.61866876439288,3.68e-05,5281842,140627.111249106,0,0,2.02577239877577e-05,0.01721420632104,0,1430,20,1461,1492
