"spark_size","total_re_emergence_prob_1_year","total_re_emergence_prob_2_year","total_re_emergence_prob_3_year","spark_year","R_naught","sigma_P","gamma","phi","sigma_M","rho","Beta_0","delta","mu_H","N_0","I_0","R_0","C_0","r","omega","epsilon","t_stop_immigration","spark","spark_time_start","spark_time_end"
20,0,0,0,1990,1.17636023632691,0.00019,0.0588235294117647,1.17416564246734,0.579923541757256,0.0290923704905632,0.0690022538915401,0.660983743700825,3.68e-05,5281842,253126.262717923,0,0,2.02577239877577e-05,0.01721420632104,0,1430,20,1461,1492
20,0,0,0,1990,1.1798926118032,0.00019,0.0588235294117647,1.17375330440051,0.579001403493315,0.0291295665268144,0.0692095177619225,0.660663817580918,3.68000000000001e-05,5281842,253124.474137835,0,0,2.02577239877577e-05,0.01721420632104,0,1430,20,1461,1492
20,0,0,0,1990,1.16078949455913,0.00019,0.0588235294117647,1.15308858783661,0.579937145446592,0.0266144407316986,0.0680977820043986,0.629189794645284,3.68e-05,5281842,178125.557138635,0,0,2.02577239877577e-05,0.01721420632104,0,1430,20,1461,1492
20,0,0,0,1990,1.20275818985415,0.00019,0.0588235294117647,1.18137582825465,0.596092125552232,0.0326815644476089,0.0705410778322322,0.689740014038109,3.68e-05,5281842,328125.617588879,0,0,2.02577239877577e-05,0.01721420632104,0,1430,20,1461,1492
20,0,0,0,1990,1.20520805110736,0.00019,0.0588235294117647,1.18090567057698,0.598858161777379,0.0322420478998774,0.0706848558464851,0.689307981504896,3.68e-05,5281842,328124.645919378,0,0,2.02577239877577e-05,0.01721420632104,0,1430,20,1461,1492
20,0,0,0,1990,1.20124843746744,0.00019,0.0588235294117647,1.18591521094727,0.599435931239896,0.0321100700671372,0.0704533247539631,0.689252806825179,3.68e-05,5281842,328125.404283328,0,0,2.02577239877577e-05,0.01721420632104,0,1430,20,1461,1492
