"spark_size","total_re_emergence_prob_1_year","total_re_emergence_prob_2_year","total_re_emergence_prob_3_year","spark_year","R_naught","sigma_P","gamma","phi","sigma_M","rho","Beta_0","delta","mu_H","N_0","I_0","R_0","C_0","r","omega","epsilon","t_stop_immigration","spark","spark_time_start","spark_time_end"
20,0,0,0,1990,1.17509833563597,0.310475862068966,0.0588235294117647,1.14810655379648,0.565080302499791,0.0290285970470719,0.0689252191680177,0.660553500923461,3.68e-05,5281842,215624.002153604,0,0,2.02577239877577e-05,0.01721420632104,0,1430,20,1461,1492
20,0,0,0,1990,1.1958116066498,0.310475862068966,0.0588235294117647,1.16468849988254,0.57974810078749,0.0307567317480518,0.0701361017355362,0.677105962719523,3.68e-05,5281842,290626.713629128,0,0,2.02577239877577e-05,0.01721420632104,0,1430,20,1461,1492
20,0,0,0,1990,1.19465610094226,0.310475862068966,0.0588235294117647,1.16571382013112,0.578837533503353,0.0309447671272431,0.0700684158302465,0.677227990046608,3.68e-05,5281842,290625.220589351,0,0,2.02577239877577e-05,0.01721420632104,0,1430,20,1461,1492
20,0,0,0,1990,1.19272581646012,0.310475862068966,0.0588235294117647,1.17132129134756,0.581484038619825,0.0309860384939239,0.0699554125846504,0.678621201429301,3.68000000000001e-05,5281842,290626.101802619,0,0,2.02577239877577e-05,0.01721420632104,0,1430,20,1461,1492
20,0,0,0,1990,1.19598335411532,0.310475862068966,0.0588235294117647,1.16776689918546,0.578767096238596,0.030443180550865,0.0701470226562575,0.6758712130284,3.68000000000001e-05,5281842,290626.259735268,0,0,2.02577239877577e-05,0.01721420632104,0,1430,20,1461,1492
20,0,0,0,1990,1.19099179565425,0.310475862068966,0.0588235294117647,1.17032408620373,0.579915708290078,0.0310858487870076,0.0698538076364943,0.677999263763748,3.68e-05,5281842,290624.937036013,0,0,2.02577239877577e-05,0.01721420632104,0,1430,20,1461,1492
