"spark_size","total_re_emergence_prob_1_year","total_re_emergence_prob_2_year","total_re_emergence_prob_3_year","spark_year","R_naught","sigma_P","gamma","phi","sigma_M","rho","Beta_0","delta","mu_H","N_0","I_0","R_0","C_0","r","omega","epsilon","t_stop_immigration","spark","spark_time_start","spark_time_end"
20,0,0,0,1990,1.17577141316058,0.73442546875,0.0588235294117647,1.06232590486919,0.501381313214352,0.0262919497076626,0.0689655172413793,0.633890435909097,3.68000000000001e-05,5281842,121876.419629936,0,0,2.02577239877577e-05,0.01721420632104,0,1430,20,1461,1492
20,0,0,0,1990,1.17584600361826,0.48447296875,0.0588235294117647,1.15329196839199,0.557766557576517,0.0307887820350125,0.0689655172413793,0.672036126948494,3.68e-05,5281842,271875.733129288,0,0,2.02577239877577e-05,0.01721420632104,0,1430,20,1461,1492
20,0,0,0,1990,1.17579401143812,0.48447296875,0.0588235294117647,1.16276315346009,0.562671389330751,0.0305586609197303,0.0689655172413793,0.666828588353601,3.68000000000001e-05,5281842,271876.233682399,0,0,2.02577239877577e-05,0.01721420632104,0,1430,20,1461,1492
20,0,0,0,1990,1.1758147506897,0.48447296875,0.0588235294117647,1.15919378255283,0.564543929967596,0.0305209385344775,0.0689655172413793,0.668975251553554,3.68e-05,5281842,271876.350584788,0,0,2.02577239877577e-05,0.01721420632104,0,1430,20,1461,1492
20,0,0,0,1990,1.17580314640429,0.48447296875,0.0588235294117647,1.15402114856215,0.556003462536653,0.0304247229593519,0.0689655172413793,0.665363591502409,3.68e-05,5281842,271875.465619427,0,0,2.02577239877577e-05,0.01721420632104,0,1430,20,1461,1492
20,0,0,0,1990,1.17583221765823,0.48447296875,0.0588235294117647,1.15443021896149,0.562526264499753,0.0306189616171272,0.0689655172413793,0.670192898485878,3.68e-05,5281842,271874.12200184,0,0,2.02577239877577e-05,0.01721420632104,0,1430,20,1461,1492
