"spark_size","total_re_emergence_prob_1_year","total_re_emergence_prob_2_year","total_re_emergence_prob_3_year","spark_year","R_naught","sigma_P","gamma","phi","sigma_M","rho","Beta_0","delta","mu_H","N_0","I_0","R_0","C_0","r","omega","epsilon","t_stop_immigration","spark","spark_time_start","spark_time_end"
20,0,0,0,1990,1.16599541586516,0.070489140625,0.0588235294117647,1.16347468916241,0.758644827586207,0.0279407290090247,0.0683985004497467,0.645565041443618,3.68e-05,5281842,220313.021292485,0,0,2.02577239877577e-05,0.01721420632104,0,1430,20,1461,1492
20,0,0,0,1990,1.16596927271937,0.070489140625,0.0588235294117647,1.16506536921333,0.758644827586207,0.0277435254415103,0.0683977395690356,0.643936046405516,3.68e-05,5281842,220313.070583279,0,0,2.02577239877577e-05,0.01721420632104,0,1430,20,1461,1492
20,0.04,0.01,0,1990,1.20386316926326,0.98437796875,0.0588235294117647,1.01071025255962,0.429279190659398,0.0268260718928862,0.0706043845723535,0.644667487221028,3.68e-05,5281842,103449.103448276,0,0,2.02577239877577e-05,0.01721420632104,0,1430,20,1461,1492
20,0.02,0.01,0,1990,1.20997613575027,0.98437796875,0.0588235294117647,1.00213541457469,0.425410818980617,0.0258459354981051,0.0709639321851169,0.640265959305067,3.68e-05,5281842,103449.103448276,0,0,2.02577239877577e-05,0.01721420632104,0,1430,20,1461,1492
20,0.03,0,0.01,1990,1.2160301377978,0.98437796875,0.0588235294117647,1.0059353506714,0.409236464163736,0.0259605043230872,0.0713159001992641,0.648801285335795,3.68e-05,5281842,103449.103448276,0,0,2.02577239877577e-05,0.01721420632104,0,1430,20,1461,1492
20,0.05,0,0,1990,1.22830353919823,0.98437796875,0.0588235294117647,0.999790196010672,0.423323195249592,0.0255188224247828,0.0720366567265266,0.645128295747572,3.68e-05,5281842,103449.103448276,0,0,2.02577239877577e-05,0.01721420632104,0,1430,20,1461,1492
