"spark_size","total_re_emergence_prob_1_year","total_re_emergence_prob_2_year","total_re_emergence_prob_3_year","spark_year","R_naught","sigma_P","gamma","phi","sigma_M","rho","Beta_0","delta","mu_H","N_0","I_0","R_0","C_0","r","omega","epsilon","t_stop_immigration","spark","spark_time_start","spark_time_end"
20,0,0,0,1990,1.1577516840951,0.138094827586207,0.0588235294117647,1.14420916846188,0.582086691751487,0.0260338780319249,0.0679219512297591,0.619816903382097,3.68e-05,5281842,159376.405151779,0,0,2.02577239877577e-05,0.01721420632104,0,1430,20,1461,1492
20,0,0,0,1990,1.15974412453735,0.138094827586207,0.0588235294117647,1.13983112080864,0.582476854958851,0.0259554902902408,0.0680381766842353,0.620344671741744,3.68e-05,5281842,159375.217787436,0,0,2.02577239877577e-05,0.01721420632104,0,1430,20,1461,1492
20,0,0,0,1990,1.16179099841222,0.138094827586207,0.0588235294117647,1.14097657204001,0.588317897446529,0.025398653918342,0.0681608621761348,0.613489789953866,3.68e-05,5281842,159376.874405678,0,0,2.02577239877577e-05,0.01721420632104,0,1430,20,1461,1492
20,0,0,0,1990,1.17079626680229,0.138094827586207,0.0588235294117647,1.16291567103435,0.575598156199818,0.0281140594818923,0.0686792663711302,0.64775894390226,3.68e-05,5281842,215625.553215994,0,0,2.02577239877577e-05,0.01721420632104,0,1430,20,1461,1492
20,0,0,0,1990,1.16963378263319,0.138094827586207,0.0588235294117647,1.16108260940996,0.579715330641528,0.0279497666344153,0.0686110375067912,0.647257016989222,3.67999999999999e-05,5281842,215624.538969797,0,0,2.02577239877577e-05,0.01721420632104,0,1430,20,1461,1492
20,0,0,0,1990,1.17096375698854,0.138094827586207,0.0588235294117647,1.15890119976314,0.572533146674361,0.0275811627616629,0.0686893363993086,0.645759454314218,3.67999999999999e-05,5281842,215625.175031765,0,0,2.02577239877577e-05,0.01721420632104,0,1430,20,1461,1492
