"spark_size","total_re_emergence_prob_1_year","total_re_emergence_prob_2_year","total_re_emergence_prob_3_year","spark_year","R_naught","sigma_P","gamma","phi","sigma_M","rho","Beta_0","delta","mu_H","N_0","I_0","R_0","C_0","r","omega","epsilon","t_stop_immigration","spark","spark_time_start","spark_time_end"
20,0,0,0,1990,1.19122311561594,0.73442546875,0.0588235294117647,1.08853796425513,0.498677432308744,0.0280303097799223,0.0698672552026519,0.652756855912025,3.68000000000001e-05,5281842,186207.586206897,0,0,2.02577239877577e-05,0.01721420632104,0,1430,20,1461,1492
20,0,0,0,1990,1.20332098261586,0.73442546875,0.0588235294117647,1.0860737044661,0.505615085729174,0.027360591660311,0.0705770897181424,0.651368625327654,3.68e-05,5281842,186207.586206897,0,0,2.02577239877577e-05,0.01721420632104,0,1430,20,1461,1492
20,0.01,0,0,1990,1.19958787793594,0.73442546875,0.0588235294117647,1.09076939693388,0.505659731622726,0.0274313472084003,0.0703587966312065,0.650924776999819,3.68e-05,5281842,186207.586206897,0,0,2.02577239877577e-05,0.01721420632104,0,1430,20,1461,1492
20,0.03,0,0,1990,1.19058956715136,0.73442546875,0.0588235294117647,1.08854069040001,0.503174058106469,0.0280279588285061,0.069832135632797,0.64738014524745,3.68e-05,5281842,186207.586206897,0,0,2.02577239877577e-05,0.01721420632104,0,1430,20,1461,1492
20,0.06,0,0.01,1990,1.20357835547072,0.98437796875,0.0588235294117647,1.05674732319409,0.444378317517743,0.0279097083690351,0.0705884276112949,0.653440755910038,3.68e-05,5281842,186207.586206897,0,0,2.02577239877577e-05,0.01721420632104,0,1430,20,1461,1492
20,0.04,0.02,0,1990,1.21446029701519,0.98437796875,0.0588235294117647,1.0457399969942,0.453322068740608,0.028104342863592,0.0712239364974103,0.657606998491339,3.68e-05,5281842,186207.586206897,0,0,2.02577239877577e-05,0.01721420632104,0,1430,20,1461,1492
