"spark_size","total_re_emergence_prob_1_year","total_re_emergence_prob_2_year","total_re_emergence_prob_3_year","spark_year","R_naught","sigma_P","gamma","phi","sigma_M","rho","Beta_0","delta","mu_H","N_0","I_0","R_0","C_0","r","omega","epsilon","t_stop_immigration","spark","spark_time_start","spark_time_end"
20,0,0,0,1990,1.17083405034923,0.070489140625,0.0588235294117647,1.14895720085489,0.585443314093544,0.0308548098065674,0.0686646425910388,0.689655172413793,3.68e-05,5281842,220311.581897417,0,0,2.02577239877577e-05,0.01721420632104,0,1430,20,1461,1492
20,0,0,0,1990,1.21305541629905,0.01581203125,0.0588235294117647,1.177259098962,0.611790956634115,0.0362277522250243,0.0711317069637686,0.724137931034483,3.68000000000001e-05,5281842,365623.818692884,0,0,2.02577239877577e-05,0.01721420632104,0,1430,20,1461,1492
20,0,0,0,1990,1.21449398022861,0.01581203125,0.0588235294117647,1.17673743927386,0.61483038511318,0.0361879543315913,0.0712159880656552,0.724137931034483,3.68e-05,5281842,365624.267257162,0,0,2.02577239877577e-05,0.01721420632104,0,1430,20,1461,1492
20,0,0,0,1990,1.21480098690397,0.01581203125,0.0588235294117647,1.17492393304913,0.610398862260914,0.0360326206852886,0.0712337334258296,0.724137931034483,3.68e-05,5281842,365625.038229736,0,0,2.02577239877577e-05,0.01721420632104,0,1430,20,1461,1492
20,0,0,0,1990,1.2138372500646,0.01581203125,0.0588235294117647,1.17802998059505,0.614043040765164,0.0361463380798317,0.0711776620386836,0.724137931034483,3.67999999999999e-05,5281842,365623.836527727,0,0,2.02577239877577e-05,0.01721420632104,0,1430,20,1461,1492
20,0,0,0,1990,1.21302333503348,0.01581203125,0.0588235294117647,1.17948472913418,0.611290161593188,0.0361339214697521,0.0711301422555913,0.724137931034483,3.68e-05,5281842,365624.387655424,0,0,2.02577239877577e-05,0.01721420632104,0,1430,20,1461,1492
