"spark_size","total_re_emergence_prob_1_year","total_re_emergence_prob_2_year","total_re_emergence_prob_3_year","spark_year","R_naught","sigma_P","gamma","phi","sigma_M","rho","Beta_0","delta","mu_H","N_0","I_0","R_0","C_0","r","omega","epsilon","t_stop_immigration","spark","spark_time_start","spark_time_end"
20,0,0,0,1990,1.19524985304031,0.70318140625,0.0588235294117647,1.09376948352367,0.508604431561536,0.0266896551724138,0.0701064562668874,0.646238366565954,3.68e-05,5281842,178125.705280723,0,0,2.02577239877577e-05,0.01721420632104,0,1430,20,1461,1492
20,0,0,0,1990,1.20366462827892,0.70318140625,0.0588235294117647,1.09503101470477,0.511003175397723,0.0266896551724138,0.0706001046835923,0.646361254386624,3.68e-05,5281842,178126.589932881,0,0,2.02577239877577e-05,0.01721420632104,0,1430,20,1461,1492
20,0,0,0,1990,1.17110355572433,0.445417890625,0.0588235294117647,1.10916778930274,0.554282230544665,0.0266896551724138,0.0686983483852636,0.628481122763007,3.68e-05,5281842,145313.393667347,0,0,2.02577239877577e-05,0.01721420632104,0,1430,20,1461,1492
20,0,0,0,1990,1.17056684495472,0.445417890625,0.0588235294117647,1.11034329394612,0.551042961427219,0.0266896551724138,0.0686672969084268,0.627639417777644,3.68e-05,5281842,145313.767480157,0,0,2.02577239877577e-05,0.01721420632104,0,1430,20,1461,1492
20,0,0,0,1990,1.17004792565979,0.445417890625,0.0588235294117647,1.10693458952609,0.552534307921135,0.0266896551724138,0.0686355764391332,0.630150181427917,3.68e-05,5281842,145313.123316014,0,0,2.02577239877577e-05,0.01721420632104,0,1430,20,1461,1492
20,0,0,0,1990,1.17220214186651,0.445417890625,0.0588235294117647,1.11028822078442,0.548435452439735,0.0266896551724138,0.0687625045848557,0.629574036427425,3.68e-05,5281842,145312.50877018,0,0,2.02577239877577e-05,0.01721420632104,0,1430,20,1461,1492
