"spark_size","total_re_emergence_prob_1_year","total_re_emergence_prob_2_year","total_re_emergence_prob_3_year","spark_year","R_naught","sigma_P","gamma","phi","sigma_M","rho","Beta_0","delta","mu_H","N_0","I_0","R_0","C_0","r","omega","epsilon","t_stop_immigration","spark","spark_time_start","spark_time_end"
20,0,0,0,1990,1.17770400139189,0.07830015625,0.0588235294117647,1.1687304990887,0.620727586206897,0.0292656754740728,0.0690801250232865,0.661742781937004,3.68e-05,5281842,253125.246809288,0,0,2.02577239877577e-05,0.01721420632104,0,1430,20,1461,1492
20,0,0,0,1990,1.16811415028786,0.445417890625,0.0588235294117647,1.11934023839156,0.620727586206897,0.025563723383495,0.0685273957063366,0.619362779634879,3.68e-05,5281842,145313.712314097,0,0,2.02577239877577e-05,0.01721420632104,0,1430,20,1461,1492
20,0,0,0,1990,1.17192921055429,0.445417890625,0.0588235294117647,1.107835909078,0.620727586206897,0.0261560231417817,0.0687475028714539,0.626163317711945,3.68000000000001e-05,5281842,145313.623265831,0,0,2.02577239877577e-05,0.01721420632104,0,1430,20,1461,1492
20,0,0,0,1990,1.16882175899033,0.070489140625,0.0588235294117647,1.16359680392233,0.620727586206897,0.0276360636300934,0.0685643707127391,0.645399475350236,3.68e-05,5281842,220313.980309557,0,0,2.02577239877577e-05,0.01721420632104,0,1430,20,1461,1492
20,0,0,0,1990,1.16984539856098,0.070489140625,0.0588235294117647,1.16111795196818,0.620727586206897,0.0278868513709838,0.0686232558904432,0.647809985971696,3.68000000000001e-05,5281842,220312.728257957,0,0,2.02577239877577e-05,0.01721420632104,0,1430,20,1461,1492
20,0,0,0,1990,1.16770847070417,0.070489140625,0.0588235294117647,1.16880058420676,0.620727586206897,0.0277811046749251,0.068498795843857,0.647880518285758,3.68e-05,5281842,220314.497319246,0,0,2.02577239877577e-05,0.01721420632104,0,1430,20,1461,1492
