"spark_size","total_re_emergence_prob_1_year","total_re_emergence_prob_2_year","total_re_emergence_prob_3_year","spark_year","R_naught","sigma_P","gamma","phi","sigma_M","rho","Beta_0","delta","mu_H","N_0","I_0","R_0","C_0","r","omega","epsilon","t_stop_immigration","spark","spark_time_start","spark_time_end"
20,0,0,0,1990,1.16416062631802,0.275999655172414,0.0588235294117647,1.12194044403504,0.578793690643216,0.0255519754693024,0.0682972608806232,0.615181668450959,3.68e-05,5281842,140626.406164359,0,0,2.02577239877577e-05,0.01721420632104,0,1430,20,1461,1492
20,0,0,0,1990,1.16681155284278,0.275999655172414,0.0588235294117647,1.11913955267304,0.578859164846449,0.0252790460556552,0.0684517449170374,0.617217616708498,3.68e-05,5281842,140626.172802761,0,0,2.02577239877577e-05,0.01721420632104,0,1430,20,1461,1492
20,0,0,0,1990,1.16427380646983,0.275999655172414,0.0588235294117647,1.11814484789092,0.576007905244085,0.0256667836405034,0.0683036928497714,0.614680697672248,3.68e-05,5281842,140625.308594807,0,0,2.02577239877577e-05,0.01721420632104,0,1430,20,1461,1492
20,0,0,0,1990,1.18156907342127,0.275999655172414,0.0588235294117647,1.16393928477711,0.571827210111469,0.0291970874086682,0.0693056983435416,0.663244468960413,3.68e-05,5281842,253124.465737896,0,0,2.02577239877577e-05,0.01721420632104,0,1430,20,1461,1492
20,0,0,0,1990,1.18389384209447,0.275999655172414,0.0588235294117647,1.1618974335011,0.57417317005355,0.0287791240779935,0.0694433264261108,0.659075773845386,3.68e-05,5281842,253124.371996841,0,0,2.02577239877577e-05,0.01721420632104,0,1430,20,1461,1492
20,0,0,0,1990,1.18461372921868,0.275999655172414,0.0588235294117647,1.17043902351569,0.573078182345094,0.0288018290083957,0.0694856664699437,0.661668758844603,3.68e-05,5281842,253126.201116227,0,0,2.02577239877577e-05,0.01721420632104,0,1430,20,1461,1492
