"spark_size","total_re_emergence_prob_1_year","total_re_emergence_prob_2_year","total_re_emergence_prob_3_year","spark_year","R_naught","sigma_P","gamma","phi","sigma_M","rho","Beta_0","delta","mu_H","N_0","I_0","R_0","C_0","r","omega","epsilon","t_stop_immigration","spark","spark_time_start","spark_time_end"
20,0,0,0,1990,1.17608210827997,0.482856896551724,0.0588235294117647,1.10393990066408,0.540492903239868,0.0257092021576063,0.0689906607927652,0.62632033291835,3.68e-05,5281842,145314.493206844,0,0,2.02577239877577e-05,0.01721420632104,0,1430,20,1461,1492
20,0,0,0,1990,1.17385998286756,0.482856896551724,0.0588235294117647,1.10429920391823,0.548020501878503,0.0260519377672908,0.0688604161944361,0.626127140402479,3.68e-05,5281842,145312.142395903,0,0,2.02577239877577e-05,0.01721420632104,0,1430,20,1461,1492
20,0,0,0,1990,1.18564922168338,0.482856896551724,0.0588235294117647,1.13371902401119,0.550118241401657,0.0284205543134854,0.0695433711865065,0.657888166495598,3.67999999999999e-05,5281842,220313.062209765,0,0,2.02577239877577e-05,0.01721420632104,0,1430,20,1461,1492
20,0,0,0,1990,1.18403143734325,0.482856896551724,0.0588235294117647,1.13919801599386,0.546123617307203,0.0283409958710735,0.0694499967754173,0.655502527100717,3.68e-05,5281842,220313.598117677,0,0,2.02577239877577e-05,0.01721420632104,0,1430,20,1461,1492
20,0,0,0,1990,1.19028542237,0.482856896551724,0.0588235294117647,1.13159839010172,0.551949858373725,0.0280421555644366,0.0698161784009857,0.654877102105947,3.68e-05,5281842,220312.947294405,0,0,2.02577239877577e-05,0.01721420632104,0,1430,20,1461,1492
20,0,0,0,1990,1.18023567928209,0.482856896551724,0.0588235294117647,1.13959751134165,0.552787242135937,0.0282162894198517,0.0692289530450487,0.651277751789567,3.68e-05,5281842,220313.085156885,0,0,2.02577239877577e-05,0.01721420632104,0,1430,20,1461,1492
