"spark_size","total_re_emergence_prob_1_year","total_re_emergence_prob_2_year","total_re_emergence_prob_3_year","spark_year","R_naught","sigma_P","gamma","phi","sigma_M","rho","Beta_0","delta","mu_H","N_0","I_0","R_0","C_0","r","omega","epsilon","t_stop_immigration","spark","spark_time_start","spark_time_end"
20,0,0,0,1990,1.17329264880697,0.379428275862069,0.0588235294117647,1.11299332655084,0.561209833871831,0.0254362065956233,0.0688292257618296,0.62289941611436,3.68000000000001e-05,5281842,145313.049486334,0,0,2.02577239877577e-05,0.01721420632104,0,1430,20,1461,1492
20,0,0,0,1990,1.20020240244604,0.379428275862069,0.0588235294117647,1.16388734414231,0.579092799842999,0.0309856574712318,0.0703916314333991,0.682238780482349,3.68e-05,5281842,295313.312774304,0,0,2.02577239877577e-05,0.01721420632104,0,1430,20,1461,1492
20,0,0,0,1990,1.19474629907588,0.379428275862069,0.0588235294117647,1.16463573475245,0.579426859119217,0.030943071740327,0.0700741323469093,0.675692208076862,3.68e-05,5281842,295314.17747808,0,0,2.02577239877577e-05,0.01721420632104,0,1430,20,1461,1492
20,0,0,0,1990,1.18152856692433,0.379428275862069,0.0588235294117647,1.14538641772301,0.560332252038591,0.0283724542005469,0.069304278990685,0.654503703669104,3.68e-05,5281842,220314.103950687,0,0,2.02577239877577e-05,0.01721420632104,0,1430,20,1461,1492
20,0,0,0,1990,1.17945851990688,0.379428275862069,0.0588235294117647,1.14164241358007,0.558139867118345,0.0282405310938812,0.0691832460250904,0.652252260736958,3.68e-05,5281842,220312.985017942,0,0,2.02577239877577e-05,0.01721420632104,0,1430,20,1461,1492
20,0,0,0,1990,1.18059269967704,0.379428275862069,0.0588235294117647,1.15095133654514,0.570301068564469,0.0281895970022201,0.0692512123904119,0.651298456655401,3.68e-05,5281842,220314.767686385,0,0,2.02577239877577e-05,0.01721420632104,0,1430,20,1461,1492
