"spark_size","total_re_emergence_prob_1_year","total_re_emergence_prob_2_year","total_re_emergence_prob_3_year","spark_year","R_naught","sigma_P","gamma","phi","sigma_M","rho","Beta_0","delta","mu_H","N_0","I_0","R_0","C_0","r","omega","epsilon","t_stop_immigration","spark","spark_time_start","spark_time_end"
20,0,0,0,1990,1.17256894503408,0.17203234375,0.0588235294117647,1.13516467642107,0.586723871342391,0.021551724137931,0.0688028632870851,0.585352903092811,3.68e-05,5281842,159375.086285167,0,0,2.02577239877577e-05,0.01721420632104,0,1430,20,1461,1492
20,0,0,0,1990,1.17648953856767,0.17203234375,0.0588235294117647,1.13298409099715,0.587150600126426,0.021551724137931,0.0690316687381346,0.588128648742953,3.68e-05,5281842,159375.076268624,0,0,2.02577239877577e-05,0.01721420632104,0,1430,20,1461,1492
20,0,0,0,1990,1.1701046021083,0.17203234375,0.0588235294117647,1.13807544609691,0.590285718927592,0.021551724137931,0.0686591320538905,0.5837858282557,3.68e-05,5281842,159374.07013658,0,0,2.02577239877577e-05,0.01721420632104,0,1430,20,1461,1492
20,0,0,0,1990,1.17418828026384,0.17203234375,0.0588235294117647,1.12772537786388,0.587824753517789,0.021551724137931,0.0688975566591244,0.584183216619632,3.68000000000001e-05,5281842,159376.009503821,0,0,2.02577239877577e-05,0.01721420632104,0,1430,20,1461,1492
20,0,0,0,1990,1.17680246654418,0.17203234375,0.0588235294117647,1.1315010579037,0.586733721384557,0.021551724137931,0.0690501572813185,0.587370650082106,3.68000000000001e-05,5281842,159375.091684019,0,0,2.02577239877577e-05,0.01721420632104,0,1430,20,1461,1492
20,0,0,0,1990,1.16717421861446,0.14078828125,0.0588235294117647,1.12008908630176,0.594758024449806,0.021551724137931,0.0684871445345306,0.578987630543962,3.67999999999999e-05,5281842,140627.974572407,0,0,2.02577239877577e-05,0.01721420632104,0,1430,20,1461,1492
