"spark_size","total_re_emergence_prob_1_year","total_re_emergence_prob_2_year","total_re_emergence_prob_3_year","spark_year","R_naught","sigma_P","gamma","phi","sigma_M","rho","Beta_0","delta","mu_H","N_0","I_0","R_0","C_0","r","omega","epsilon","t_stop_immigration","spark","spark_time_start","spark_time_end"
20,0,0,0,1990,1.17474696886487,0.445417890625,0.0588235294117647,1.10524354979708,0.482810344827586,0.0262261605723313,0.0689109777948372,0.630344254499782,3.68e-05,5281842,145311.389199309,0,0,2.02577239877577e-05,0.01721420632104,0,1430,20,1461,1492
20,0,0,0,1990,1.1793527506837,0.445417890625,0.0588235294117647,1.09903990719803,0.482810344827586,0.025315303103104,0.0691820140498942,0.626340445016764,3.68e-05,5281842,145313.885454435,0,0,2.02577239877577e-05,0.01721420632104,0,1430,20,1461,1492
20,0,0,0,1990,1.17355361639685,0.445417890625,0.0588235294117647,1.10202854622293,0.482810344827586,0.025717005876265,0.0688422934823961,0.625910611613956,3.68e-05,5281842,145312.809045607,0,0,2.02577239877577e-05,0.01721420632104,0,1430,20,1461,1492
20,0,0,0,1990,1.17249420076549,0.070489140625,0.0588235294117647,1.1665621237105,0.482810344827586,0.0276243365927586,0.0687799856194119,0.645868642228132,3.68000000000001e-05,5281842,220313.178065279,0,0,2.02577239877577e-05,0.01721420632104,0,1430,20,1461,1492
20,0,0,0,1990,1.1750794310539,0.070489140625,0.0588235294117647,1.16253107164472,0.482810344827586,0.027370612246652,0.0689316635666881,0.644464801711943,3.68e-05,5281842,220312.625587686,0,0,2.02577239877577e-05,0.01721420632104,0,1430,20,1461,1492
20,0,0,0,1990,1.17408465949221,0.070489140625,0.0588235294117647,1.15926425936442,0.482810344827586,0.0277321626057958,0.0688703471184975,0.651577400804008,3.68e-05,5281842,220312.789987196,0,0,2.02577239877577e-05,0.01721420632104,0,1430,20,1461,1492
