"spark_size","total_re_emergence_prob_1_year","total_re_emergence_prob_2_year","total_re_emergence_prob_3_year","spark_year","R_naught","sigma_P","gamma","phi","sigma_M","rho","Beta_0","delta","mu_H","N_0","I_0","R_0","C_0","r","omega","epsilon","t_stop_immigration","spark","spark_time_start","spark_time_end"
20,0,0,0,1990,1.18023207448624,0.310475862068966,0.0588235294117647,1.15280808717496,0.569042199067073,0.0285335143733356,0.0692282515955153,0.656850939553591,3.68e-05,5281842,234377.014533961,0,0,2.02577239877577e-05,0.01721420632104,0,1430,20,1461,1492
20,0,0,0,1990,1.17944250405959,0.310475862068966,0.0588235294117647,1.14431670994916,0.573106303734342,0.0295591937714233,0.0691781778957433,0.664372502486278,3.68e-05,5281842,234376.523040725,0,0,2.02577239877577e-05,0.01721420632104,0,1430,20,1461,1492
20,0,0,0,1990,1.19735494735944,0.310475862068966,0.0588235294117647,1.17380234505706,0.584983919153597,0.0318212651636745,0.0702245415570316,0.685993547386691,3.68e-05,5281842,309376.242949016,0,0,2.02577239877577e-05,0.01721420632104,0,1430,20,1461,1492
20,0,0,0,1990,1.19897403533289,0.310475862068966,0.0588235294117647,1.17188296291529,0.587117657317135,0.0321237681402545,0.0703195344145958,0.685212413435157,3.68e-05,5281842,309374.929013893,0,0,2.02577239877577e-05,0.01721420632104,0,1430,20,1461,1492
20,0,0,0,1990,1.17091119273282,0.310475862068966,0.0588235294117647,1.12504545761218,0.560995782367295,0.0260514261386099,0.0686899754215339,0.625102655823004,3.67999999999999e-05,5281842,159375.792348221,0,0,2.02577239877577e-05,0.01721420632104,0,1430,20,1461,1492
20,0,0,0,1990,1.16761458013971,0.310475862068966,0.0588235294117647,1.1300957538927,0.565213358929618,0.0258056177520297,0.0684975095404682,0.624045019722024,3.68e-05,5281842,159375.623801976,0,0,2.02577239877577e-05,0.01721420632104,0,1430,20,1461,1492
