"spark_size","total_re_emergence_prob_1_year","total_re_emergence_prob_2_year","total_re_emergence_prob_3_year","spark_year","R_naught","sigma_P","gamma","phi","sigma_M","rho","Beta_0","delta","mu_H","N_0","I_0","R_0","C_0","r","omega","epsilon","t_stop_immigration","spark","spark_time_start","spark_time_end"
20,0,0,0,1990,1.17554704400411,0.14078828125,0.0588235294117647,1.09184792381289,0.591466800398712,0.0247063520359634,0.0689655172413793,0.606366338567079,3.68e-05,5281842,140625.048061217,0,0,2.02577239877577e-05,0.01721420632104,0,1430,20,1461,1492
20,0,0,0,1990,1.17574809758685,0.07830015625,0.0588235294117647,1.16834937972968,0.574090317402576,0.0288632821071232,0.0689655172413793,0.661282530424843,3.68e-05,5281842,253125.763211945,0,0,2.02577239877577e-05,0.01721420632104,0,1430,20,1461,1492
20,0,0,0,1990,1.1757198603253,0.07830015625,0.0588235294117647,1.17003689369349,0.572464103422937,0.0285884742726417,0.0689655172413793,0.65726695684792,3.68e-05,5281842,253126.439198286,0,0,2.02577239877577e-05,0.01721420632104,0,1430,20,1461,1492
20,0,0,0,1990,1.17574187699958,0.07830015625,0.0588235294117647,1.16915325289765,0.573548026482284,0.0288421207797307,0.0689655172413793,0.660546379841144,3.68e-05,5281842,253126.053508738,0,0,2.02577239877577e-05,0.01721420632104,0,1430,20,1461,1492
20,0,0,0,1990,1.17575601569725,0.07830015625,0.0588235294117647,1.16636848826669,0.57493980511921,0.0289657999660745,0.0689655172413793,0.661892140390346,3.68e-05,5281842,253125.616947656,0,0,2.02577239877577e-05,0.01721420632104,0,1430,20,1461,1492
20,0,0,0,1990,1.17573775208507,0.07830015625,0.0588235294117647,1.16921872010734,0.573296021955971,0.0286727325158593,0.0689655172413793,0.65989787196802,3.68e-05,5281842,253125.33090363,0,0,2.02577239877577e-05,0.01721420632104,0,1430,20,1461,1492
