"spark_size","total_re_emergence_prob_1_year","total_re_emergence_prob_2_year","total_re_emergence_prob_3_year","spark_year","R_naught","sigma_P","gamma","phi","sigma_M","rho","Beta_0","delta","mu_H","N_0","I_0","R_0","C_0","r","omega","epsilon","t_stop_immigration","spark","spark_time_start","spark_time_end"
20,0,0,0,1990,1.19046402382663,0.138094827586207,0.0588235294117647,1.17623313811815,0.586437984580082,0.0313277902873111,0.0698232157999746,0.679104767050223,3.67999999999999e-05,5281842,295312.960649585,0,0,2.02577239877577e-05,0.01721420632104,0,1430,20,1461,1492
20,0,0,0,1990,1.19393411412812,0.138094827586207,0.0588235294117647,1.17709878610386,0.589438135040334,0.0304665660976262,0.0700282489467847,0.675287921025414,3.68000000000001e-05,5281842,295314.676903904,0,0,2.02577239877577e-05,0.01721420632104,0,1430,20,1461,1492
20,0,0,0,1990,1.21786282352191,0.138094827586207,0.0588235294117647,1.18617442350737,0.61129479855819,0.0342841466348985,0.0714236046121707,0.700577420834806,3.68e-05,5281842,370313.516906766,0,0,2.02577239877577e-05,0.01721420632104,0,1430,20,1461,1492
20,0,0,0,1990,1.21691710214216,0.138094827586207,0.0588235294117647,1.18739946035966,0.611774986312157,0.0345687633269879,0.0713674082096312,0.703025916056916,3.68e-05,5281842,370312.737939193,0,0,2.02577239877577e-05,0.01721420632104,0,1430,20,1461,1492
20,0,0,0,1990,1.2173266259676,0.138094827586207,0.0588235294117647,1.18824702183534,0.612333294390138,0.0343403602922487,0.0713925718869163,0.700245899786066,3.68e-05,5281842,370314.39208085,0,0,2.02577239877577e-05,0.01721420632104,0,1430,20,1461,1492
20,0,0,0,1990,1.21672425320719,0.138094827586207,0.0588235294117647,1.18627131413943,0.609022815475649,0.0347414553090127,0.071355701258954,0.703670704207106,3.68e-05,5281842,370313.220523076,0,0,2.02577239877577e-05,0.01721420632104,0,1430,20,1461,1492
