"spark_size","total_re_emergence_prob_1_year","total_re_emergence_prob_2_year","total_re_emergence_prob_3_year","spark_year","R_naught","sigma_P","gamma","phi","sigma_M","rho","Beta_0","delta","mu_H","N_0","I_0","R_0","C_0","r","omega","epsilon","t_stop_immigration","spark","spark_time_start","spark_time_end"
20,0,0,0,1990,1.1791286440343,0.310475862068966,0.0588235294117647,1.15680013353081,0.564758854040963,0.0282695965451498,0.0691655811509227,0.65252515907554,3.68e-05,5281842,220311.755988935,0,0,2.02577239877577e-05,0.01721420632104,0,1430,20,1461,1492
20,0,0,0,1990,1.17522030676431,0.344952068965517,0.0588235294117647,1.14115131847253,0.563229114706777,0.0270876788323951,0.0689378476103086,0.643339684002143,3.68000000000001e-05,5281842,196876.858758859,0,0,2.02577239877577e-05,0.01721420632104,0,1430,20,1461,1492
20,0,0,0,1990,1.18913531769319,0.344952068965517,0.0588235294117647,1.16212516065942,0.574802599848221,0.0299785447867585,0.0697461604110865,0.671757234715418,3.68e-05,5281842,271875.256804237,0,0,2.02577239877577e-05,0.01721420632104,0,1430,20,1461,1492
20,0,0,0,1990,1.18682268574293,0.344952068965517,0.0588235294117647,1.16403842843038,0.574875844678157,0.0301936837025999,0.069610942747494,0.671250711527124,3.67999999999999e-05,5281842,271875.524486305,0,0,2.02577239877577e-05,0.01721420632104,0,1430,20,1461,1492
20,0,0,0,1990,1.18923170534435,0.344952068965517,0.0588235294117647,1.16301433512827,0.577775528871728,0.0298403274559479,0.0697530789714172,0.668604413475878,3.67999999999999e-05,5281842,271874.668630768,0,0,2.02577239877577e-05,0.01721420632104,0,1430,20,1461,1492
20,0,0,0,1990,1.18778087070026,0.344952068965517,0.0588235294117647,1.16131058237212,0.570548365828945,0.0300075027054231,0.0696677780126868,0.668580939186571,3.68e-05,5281842,271875.068725511,0,0,2.02577239877577e-05,0.01721420632104,0,1430,20,1461,1492
