"spark_size","total_re_emergence_prob_1_year","total_re_emergence_prob_2_year","total_re_emergence_prob_3_year","spark_year","R_naught","sigma_P","gamma","phi","sigma_M","rho","Beta_0","delta","mu_H","N_0","I_0","R_0","C_0","r","omega","epsilon","t_stop_immigration","spark","spark_time_start","spark_time_end"
20,0,0,0,1990,1.20342752951174,0.862095172413793,0.0588235294117647,1.05374311450376,0.46943473781683,0.0270048402640392,0.0705815953716575,0.64751040658243,3.68000000000001e-05,5281842,159374.711464614,0,0,2.02577239877577e-05,0.01721420632104,0,1430,20,1461,1492
20,0,0,0,1990,1.20612803650982,0.862095172413793,0.0588235294117647,1.05548035367549,0.468869128850716,0.0270850097010029,0.0707399852631386,0.647929322277318,3.67999999999999e-05,5281842,159376.143700782,0,0,2.02577239877577e-05,0.01721420632104,0,1430,20,1461,1492
20,0,0,0,1990,1.20523556164905,0.862095172413793,0.0588235294117647,1.08353693042232,0.479221877360254,0.0288293895712051,0.0706872135213158,0.656322790626651,3.68e-05,5281842,215625.158948425,0,0,2.02577239877577e-05,0.01721420632104,0,1430,20,1461,1492
20,0.01,0,0,1990,1.21049841971602,0.862095172413793,0.0588235294117647,1.04757551888832,0.470307717378776,0.0262715902272539,0.0709968108214872,0.644720853526126,3.68e-05,5281842,145313.612446574,0,0,2.02577239877577e-05,0.01721420632104,0,1430,20,1461,1492
20,0.03,0.01,0,1990,1.20298906173377,0.862095172413793,0.0588235294117647,1.04410555383792,0.472459207676868,0.0268465988871807,0.0705551667411042,0.647003602342219,3.68e-05,5281842,145313.215959318,0,0,2.02577239877577e-05,0.01721420632104,0,1430,20,1461,1492
20,0.04,0,0.01,1990,1.20513955459334,0.862095172413793,0.0588235294117647,1.05468926924201,0.46772437429869,0.0266933670316594,0.0706822452378424,0.647129908982195,3.68e-05,5281842,145313.377482241,0,0,2.02577239877577e-05,0.01721420632104,0,1430,20,1461,1492
