"spark_size","total_re_emergence_prob_1_year","total_re_emergence_prob_2_year","total_re_emergence_prob_3_year","spark_year","R_naught","sigma_P","gamma","phi","sigma_M","rho","Beta_0","delta","mu_H","N_0","I_0","R_0","C_0","r","omega","epsilon","t_stop_immigration","spark","spark_time_start","spark_time_end"
20,0,0,0,1990,1.17404018035341,0.195465390625,0.0588235294117647,1.15969578703628,0.575822236366053,0.0282943947132525,0.0688677041535824,0.651813497135725,3.68e-05,5281842,227586.827586207,0,0,2.02577239877577e-05,0.01721420632104,0,1430,20,1461,1492
20,0,0,0,1990,1.17388912918235,0.195465390625,0.0588235294117647,1.16200623181632,0.576222585178711,0.0280553528879712,0.068860071155791,0.649183333073986,3.68000000000001e-05,5281842,227586.827586207,0,0,2.02577239877577e-05,0.01721420632104,0,1430,20,1461,1492
20,0,0,0,1990,1.17418133684052,0.195465390625,0.0588235294117647,1.16069335851649,0.572807792841918,0.0283389657329393,0.0688759813729153,0.652151499398674,3.68e-05,5281842,227586.827586207,0,0,2.02577239877577e-05,0.01721420632104,0,1430,20,1461,1492
20,0,0,0,1990,1.17720917544615,0.195465390625,0.0588235294117647,1.1626024252321,0.572049972538268,0.0281836206598885,0.0690534796851054,0.653091992174142,3.68e-05,5281842,227586.827586207,0,0,2.02577239877577e-05,0.01721420632104,0,1430,20,1461,1492
20,0.01,0,0,1990,1.2227452685706,0.820346640625,0.0588235294117647,1.0933854432486,0.496798643414583,0.0277897348773488,0.0717126675374303,0.662886523190242,3.67999999999999e-05,5281842,227586.827586207,0,0,2.02577239877577e-05,0.01721420632104,0,1430,20,1461,1492
20,0.01,0,0,1990,1.21148470281134,0.820346640625,0.0588235294117647,1.08873152275253,0.50432411492029,0.027972178088155,0.0710538803177617,0.657349446723072,3.68e-05,5281842,227586.827586207,0,0,2.02577239877577e-05,0.01721420632104,0,1430,20,1461,1492
