"spark_size","total_re_emergence_prob_1_year","total_re_emergence_prob_2_year","total_re_emergence_prob_3_year","spark_year","R_naught","sigma_P","gamma","phi","sigma_M","rho","Beta_0","delta","mu_H","N_0","I_0","R_0","C_0","r","omega","epsilon","t_stop_immigration","spark","spark_time_start","spark_time_end"
20,0,0,0,1990,1.17030873512259,0.103618620689655,0.0588235294117647,1.16531689068201,0.587400706532172,0.0309788831019361,0.0686396506751451,0.679188573352371,3.68e-05,5281842,234378.098372046,0,0,2.02577239877577e-05,0.01721420632104,0,1430,20,1461,1492
20,0,0,0,1990,1.17648895753533,0.103618620689655,0.0588235294117647,1.16626385846229,0.58054109252598,0.0282669107481728,0.0690113094749752,0.654107291192056,3.68e-05,5281842,234373.658038785,0,0,2.02577239877577e-05,0.01721420632104,0,1430,20,1461,1492
20,0,0,0,1990,1.1948758356074,0.103618620689655,0.0588235294117647,1.17570315551764,0.59203322444833,0.0320815028959865,0.0700791559142858,0.686642636521811,3.68e-05,5281842,309374.348256745,0,0,2.02577239877577e-05,0.01721420632104,0,1430,20,1461,1492
20,0,0,0,1990,1.19331122693755,0.103618620689655,0.0588235294117647,1.18079663414474,0.590484726161021,0.0324168661031749,0.0699862185573876,0.691727250594627,3.68e-05,5281842,309376.982654424,0,0,2.02577239877577e-05,0.01721420632104,0,1430,20,1461,1492
20,0,0,0,1990,1.18495246377838,0.103618620689655,0.0588235294117647,1.17244284170479,0.613748146293423,0.0374101326808359,0.0694829762909801,0.724557441864484,3.68e-05,5281842,309376.186298118,0,0,2.02577239877577e-05,0.01721420632104,0,1430,20,1461,1492
20,0,0,0,1990,1.19467275875874,0.103618620689655,0.0588235294117647,1.1783736587289,0.591210897842121,0.0317827538778405,0.0700685712450809,0.683976989272735,3.68e-05,5281842,309373.838714809,0,0,2.02577239877577e-05,0.01721420632104,0,1430,20,1461,1492
