"spark_size","total_re_emergence_prob_1_year","total_re_emergence_prob_2_year","total_re_emergence_prob_3_year","spark_year","R_naught","sigma_P","gamma","phi","sigma_M","rho","Beta_0","delta","mu_H","N_0","I_0","R_0","C_0","r","omega","epsilon","t_stop_immigration","spark","spark_time_start","spark_time_end"
20,0,0,0,1990,1.18094648713942,0.241523448275862,0.0588235294117647,1.16626792389835,0.574242453411578,0.0290154545843302,0.0692708549580578,0.659421578178362,3.68000000000001e-05,5281842,253123.94450847,0,0,2.02577239877577e-05,0.01721420632104,0,1430,20,1461,1492
20,0,0,0,1990,1.18432369954331,0.241523448275862,0.0588235294117647,1.16310835028314,0.570550287946055,0.0291205396818028,0.0694681142199222,0.660653065653426,3.67999999999999e-05,5281842,253123.604491868,0,0,2.02577239877577e-05,0.01721420632104,0,1430,20,1461,1492
20,0,0,0,1990,1.18262028173214,0.241523448275862,0.0588235294117647,1.1646090762028,0.578224122390456,0.0291509400719132,0.069368575977893,0.660121347864255,3.67999999999999e-05,5281842,253126.432889567,0,0,2.02577239877577e-05,0.01721420632104,0,1430,20,1461,1492
20,0,0,0,1990,1.1646374215398,0.241523448275862,0.0588235294117647,1.14357873323544,0.570352397369742,0.0274117193284268,0.0683185898178266,0.639872829972661,3.68e-05,5281842,178127.651862002,0,0,2.02577239877577e-05,0.01721420632104,0,1430,20,1461,1492
20,0,0,0,1990,1.20461243023698,0.241523448275862,0.0588235294117647,1.17987309338973,0.592505275750285,0.0323102997616531,0.0706512995206061,0.685180979228038,3.68e-05,5281842,328125.868394229,0,0,2.02577239877577e-05,0.01721420632104,0,1430,20,1461,1492
20,0,0,0,1990,1.20240585922749,0.241523448275862,0.0588235294117647,1.17826792526228,0.596452737851983,0.0323640548115014,0.0705210285515812,0.686924197270719,3.68000000000001e-05,5281842,328125.174972147,0,0,2.02577239877577e-05,0.01721420632104,0,1430,20,1461,1492
