"spark_size","total_re_emergence_prob_1_year","total_re_emergence_prob_2_year","total_re_emergence_prob_3_year","spark_year","R_naught","sigma_P","gamma","phi","sigma_M","rho","Beta_0","delta","mu_H","N_0","I_0","R_0","C_0","r","omega","epsilon","t_stop_immigration","spark","spark_time_start","spark_time_end"
20,0,0,0,1990,1.18443778415334,0.35949671875,0.0588235294117647,1.15922432865379,0.573193478656461,0.0290155763973596,0.0694750205007395,0.65876125978783,3.68000000000001e-05,5281842,248276.448275862,0,0,2.02577239877577e-05,0.01721420632104,0,1430,20,1461,1492
20,0,0,0,1990,1.18582019136963,0.35949671875,0.0588235294117647,1.15394221790162,0.565778376147488,0.0292297754414061,0.0695537034697934,0.663572553201093,3.67999999999999e-05,5281842,248276.448275862,0,0,2.02577239877577e-05,0.01721420632104,0,1430,20,1461,1492
20,0,0,0,1990,1.18400222880701,0.35949671875,0.0588235294117647,1.15541846193081,0.564934449043329,0.0289664538739429,0.0694487286930856,0.659532285324737,3.68e-05,5281842,248276.448275862,0,0,2.02577239877577e-05,0.01721420632104,0,1430,20,1461,1492
20,0,0,0,1990,1.18159297681991,0.35949671875,0.0588235294117647,1.15779121239305,0.568991721318197,0.0290748268220642,0.0693078391503558,0.659147786074347,3.68e-05,5281842,248276.448275862,0,0,2.02577239877577e-05,0.01721420632104,0,1430,20,1461,1492
20,0,0,0,1990,1.1808591592828,0.35949671875,0.0588235294117647,1.15656505634591,0.560833297469123,0.0290223896386135,0.0692649639717516,0.658280325478757,3.68e-05,5281842,248276.448275862,0,0,2.02577239877577e-05,0.01721420632104,0,1430,20,1461,1492
20,0,0,0,1990,1.1775724384296,0.23452046875,0.0588235294117647,1.16277046293378,0.573704107364497,0.0290899693511385,0.0690722331905628,0.660198578428304,3.68e-05,5281842,248276.448275862,0,0,2.02577239877577e-05,0.01721420632104,0,1430,20,1461,1492
