"spark_size","total_re_emergence_prob_1_year","total_re_emergence_prob_2_year","total_re_emergence_prob_3_year","spark_year","R_naught","sigma_P","gamma","phi","sigma_M","rho","Beta_0","delta","mu_H","N_0","I_0","R_0","C_0","r","omega","epsilon","t_stop_immigration","spark","spark_time_start","spark_time_end"
20,0,0,0,1990,1.16880605237856,0.07830015625,0.0588235294117647,1.17286124725488,0.582642555424049,0.0279872331115829,0.0685639914181153,0.64698800431949,3.68e-05,5281842,227586.827586207,0,0,2.02577239877577e-05,0.01721420632104,0,1430,20,1461,1492
20,0,0,0,1990,1.17174031705703,0.07830015625,0.0588235294117647,1.16874681907939,0.578528061840735,0.0279055555902271,0.0687344120934199,0.65035292540768,3.68e-05,5281842,227586.827586207,0,0,2.02577239877577e-05,0.01721420632104,0,1430,20,1461,1492
20,0,0,0,1990,1.17135016707049,0.07830015625,0.0588235294117647,1.16627160307049,0.579193428859868,0.0280745215751853,0.0687115619060232,0.649421268633863,3.68e-05,5281842,227586.827586207,0,0,2.02577239877577e-05,0.01721420632104,0,1430,20,1461,1492
20,0,0,0,1990,1.17183055744006,0.07830015625,0.0588235294117647,1.16985728000033,0.575258859459934,0.0280555252849528,0.0687408605683214,0.647513814805778,3.68e-05,5281842,227586.827586207,0,0,2.02577239877577e-05,0.01721420632104,0,1430,20,1461,1492
20,0.01,0,0,1990,1.19040732089357,0.57820515625,0.0588235294117647,1.12689385337149,0.53806660452161,0.0287285039459778,0.0698208218996284,0.660156846015663,3.68e-05,5281842,227586.827586207,0,0,2.02577239877577e-05,0.01721420632104,0,1430,20,1461,1492
20,0,0,0,1990,1.19463622928434,0.57820515625,0.0588235294117647,1.13368364145718,0.540211198041763,0.0283257782850343,0.0700699355150054,0.65938397122201,3.68e-05,5281842,227586.827586207,0,0,2.02577239877577e-05,0.01721420632104,0,1430,20,1461,1492
