"spark_size","total_re_emergence_prob_1_year","total_re_emergence_prob_2_year","total_re_emergence_prob_3_year","spark_year","R_naught","sigma_P","gamma","phi","sigma_M","rho","Beta_0","delta","mu_H","N_0","I_0","R_0","C_0","r","omega","epsilon","t_stop_immigration","spark","spark_time_start","spark_time_end"
20,0,0,0,1990,1.17564102649324,0.445417890625,0.0588235294117647,1.10384538334881,0.545697701200917,0.0256673808457611,0.0689655172413793,0.6243300041564,3.68e-05,5281842,145313.288857754,0,0,2.02577239877577e-05,0.01721420632104,0,1430,20,1461,1492
20,0,0,0,1990,1.17564125952157,0.445417890625,0.0588235294117647,1.10815498723672,0.544948200644212,0.0258995537550843,0.0689655172413793,0.625555085254125,3.68e-05,5281842,145313.899102656,0,0,2.02577239877577e-05,0.01721420632104,0,1430,20,1461,1492
20,0,0,0,1990,1.17561904498614,0.445417890625,0.0588235294117647,1.10254930668354,0.546966335042958,0.0251893610119555,0.0689655172413793,0.620512376668968,3.68e-05,5281842,145313.029175064,0,0,2.02577239877577e-05,0.01721420632104,0,1430,20,1461,1492
20,0,0,0,1990,1.17564389707266,0.445417890625,0.0588235294117647,1.10189671167675,0.554662686267544,0.0254839866010916,0.0689655172413793,0.624250142989055,3.68e-05,5281842,145313.72261494,0,0,2.02577239877577e-05,0.01721420632104,0,1430,20,1461,1492
20,0,0,0,1990,1.17571065847832,0.070489140625,0.0588235294117647,1.14372129543838,0.572376203026106,0.0275489975579782,0.0689655172413793,0.647138214285495,3.67999999999999e-05,5281842,220312.861359486,0,0,2.02577239877577e-05,0.01721420632104,0,1430,20,1461,1492
20,0,0,0,1990,1.1757149261518,0.070489140625,0.0588235294117647,1.14296107848855,0.572229949473998,0.0275823449599453,0.0689655172413793,0.647583943267148,3.68e-05,5281842,220313.567965492,0,0,2.02577239877577e-05,0.01721420632104,0,1430,20,1461,1492
