"spark_size","total_re_emergence_prob_1_year","total_re_emergence_prob_2_year","total_re_emergence_prob_3_year","spark_year","R_naught","sigma_P","gamma","phi","sigma_M","rho","Beta_0","delta","mu_H","N_0","I_0","R_0","C_0","r","omega","epsilon","t_stop_immigration","spark","spark_time_start","spark_time_end"
20,0,0,0,1990,1.21651651152929,0.138094827586207,0.0588235294117647,1.18863472422638,0.611729701177904,0.0344424473144456,0.071344411382173,0.702153476881548,3.67999999999999e-05,5281842,370312.785791014,0,0,2.02577239877577e-05,0.01721420632104,0,1430,20,1461,1492
20,0,0,0,1990,1.17131360252251,0.138094827586207,0.0588235294117647,1.16320830047339,0.57916742115882,0.0278341698198233,0.0687100584628231,0.646621107868673,3.67999999999999e-05,5281842,220313.552331978,0,0,2.02577239877577e-05,0.01721420632104,0,1430,20,1461,1492
20,0,0,0,1990,1.17001559019239,0.138094827586207,0.0588235294117647,1.16303286467577,0.574025975190164,0.0276991203783739,0.0686335670034627,0.647532888178206,3.68e-05,5281842,220313.69666561,0,0,2.02577239877577e-05,0.01721420632104,0,1430,20,1461,1492
20,0,0,0,1990,1.17185694013099,0.138094827586207,0.0588235294117647,1.15898870725196,0.573523847108304,0.0277985015753272,0.06874153750169,0.646323480111117,3.68e-05,5281842,220312.62419126,0,0,2.02577239877577e-05,0.01721420632104,0,1430,20,1461,1492
20,0,0,0,1990,1.17504721362197,0.138094827586207,0.0588235294117647,1.16013185559245,0.575869209990042,0.0274817871390478,0.0689291226365135,0.645475897910706,3.67999999999999e-05,5281842,220314.333366477,0,0,2.02577239877577e-05,0.01721420632104,0,1430,20,1461,1492
20,0,0,0,1990,1.17376663499136,0.138094827586207,0.0588235294117647,1.16065565139176,0.571700869276853,0.0277955748500381,0.0688529941533269,0.648437198349929,3.68000000000001e-05,5281842,220313.177778827,0,0,2.02577239877577e-05,0.01721420632104,0,1430,20,1461,1492
