"spark_size","total_re_emergence_prob_1_year","total_re_emergence_prob_2_year","total_re_emergence_prob_3_year","spark_year","R_naught","sigma_P","gamma","phi","sigma_M","rho","Beta_0","delta","mu_H","N_0","I_0","R_0","C_0","r","omega","epsilon","t_stop_immigration","spark","spark_time_start","spark_time_end"
20,0,0,0,1990,1.19656451696521,0.57820515625,0.0588235294117647,1.13928564905177,0.547411583517076,0.0308588757012021,0.0701772380001502,0.676721421390729,3.68e-05,5281842,268966.068965517,0,0,2.02577239877577e-05,0.01721420632104,0,1430,20,1461,1492
20,0,0,0,1990,1.18981840884295,0.32825265625,0.0588235294117647,1.16572578284837,0.57251849206206,0.0300142710277763,0.0697874087745818,0.669760931081326,3.68e-05,5281842,268966.068965517,0,0,2.02577239877577e-05,0.01721420632104,0,1430,20,1461,1492
20,0,0,0,1990,1.189355117805,0.32825265625,0.0588235294117647,1.16335331576997,0.576728622904711,0.0298251210275829,0.0697610937826845,0.66659877864507,3.68000000000001e-05,5281842,268966.068965517,0,0,2.02577239877577e-05,0.01721420632104,0,1430,20,1461,1492
20,0,0,0,1990,1.18527525176289,0.32825265625,0.0588235294117647,1.16552902102067,0.57584787725005,0.029982039761972,0.0695216955160238,0.667605498689546,3.68e-05,5281842,268966.068965517,0,0,2.02577239877577e-05,0.01721420632104,0,1430,20,1461,1492
20,0,0,0,1990,1.19044313398221,0.32825265625,0.0588235294117647,1.16280496801978,0.574655767641422,0.0296935606036995,0.069824371352434,0.667884863490028,3.68e-05,5281842,268966.068965517,0,0,2.02577239877577e-05,0.01721420632104,0,1430,20,1461,1492
20,0,0,0,1990,1.18806668173045,0.32825265625,0.0588235294117647,1.1646518631935,0.580711597410662,0.0299210332979195,0.0696852103534051,0.667893424008606,3.68e-05,5281842,268966.068965517,0,0,2.02577239877577e-05,0.01721420632104,0,1430,20,1461,1492
