"spark_size","total_re_emergence_prob_1_year","total_re_emergence_prob_2_year","total_re_emergence_prob_3_year","spark_year","R_naught","sigma_P","gamma","phi","sigma_M","rho","Beta_0","delta","mu_H","N_0","I_0","R_0","C_0","r","omega","epsilon","t_stop_immigration","spark","spark_time_start","spark_time_end"
20,0,0,0,1990,1.1729171861873,0.10954421875,0.0588235294117647,1.16326905699235,0.576504945483338,0.0282930801178423,0.0688015840791949,0.653684159575657,3.67999999999999e-05,5281842,227586.827586207,0,0,2.02577239877577e-05,0.01721420632104,0,1430,20,1461,1492
20,0,0,0,1990,1.17662749172593,0.10954421875,0.0588235294117647,1.161396510014,0.572765752106759,0.0276911585816228,0.0690214458966448,0.646931315409719,3.68e-05,5281842,227586.827586207,0,0,2.02577239877577e-05,0.01721420632104,0,1430,20,1461,1492
20,0,0,0,1990,1.17134835693948,0.10954421875,0.0588235294117647,1.15926035788856,0.572853177182884,0.028143005876106,0.0687091526798761,0.653476651595461,3.68e-05,5281842,227586.827586207,0,0,2.02577239877577e-05,0.01721420632104,0,1430,20,1461,1492
20,0,0,0,1990,1.17321795181145,0.10954421875,0.0588235294117647,1.16182324781628,0.578368188913222,0.0280927595123313,0.0688204272597298,0.649877898373143,3.67999999999999e-05,5281842,227586.827586207,0,0,2.02577239877577e-05,0.01721420632104,0,1430,20,1461,1492
20,0,0,0,1990,1.17487969167855,0.10954421875,0.0588235294117647,1.16664610230113,0.576870656932911,0.0277520708286095,0.0689181701418649,0.650749769696491,3.68e-05,5281842,227586.827586207,0,0,2.02577239877577e-05,0.01721420632104,0,1430,20,1461,1492
20,0,0,0,1990,1.17808289934498,0.35949671875,0.0588235294117647,1.1541476830166,0.563061384591157,0.028215953947858,0.0691044048417963,0.651203715874051,3.68e-05,5281842,227586.827586207,0,0,2.02577239877577e-05,0.01721420632104,0,1430,20,1461,1492
