"spark_size","total_re_emergence_prob_1_year","total_re_emergence_prob_2_year","total_re_emergence_prob_3_year","spark_year","R_naught","sigma_P","gamma","phi","sigma_M","rho","Beta_0","delta","mu_H","N_0","I_0","R_0","C_0","r","omega","epsilon","t_stop_immigration","spark","spark_time_start","spark_time_end"
20,0,0,0,1990,1.18596492938976,0.517333103448276,0.0588235294117647,1.12543656102218,0.546627496423357,0.0285747479659824,0.0695612543877537,0.657040922179833,3.68e-05,5281842,220314.271998592,0,0,2.02577239877577e-05,0.01721420632104,0,1430,20,1461,1492
20,0,0,0,1990,1.1879784481254,0.517333103448276,0.0588235294117647,1.12853200107934,0.546251417635193,0.0281350749511789,0.069681111789993,0.65326374282709,3.68e-05,5281842,220313.785713305,0,0,2.02577239877577e-05,0.01721420632104,0,1430,20,1461,1492
20,0,0,0,1990,1.19074548492156,0.551809310344828,0.0588235294117647,1.14733317942134,0.554845039018437,0.0306527964599183,0.0698397126700561,0.669206396996132,3.68e-05,5281842,271874.760409973,0,0,2.02577239877577e-05,0.01721420632104,0,1430,20,1461,1492
20,0,0,0,1990,1.19683242553457,0.551809310344828,0.0588235294117647,1.14151464167482,0.555338019540858,0.0299213078793822,0.0701956864311029,0.670098432052345,3.68e-05,5281842,271875.98934528,0,0,2.02577239877577e-05,0.01721420632104,0,1430,20,1461,1492
20,0.01,0,0,1990,1.19597158179295,0.551809310344828,0.0588235294117647,1.14769247491238,0.555750022480513,0.0302928871519681,0.0701456445173093,0.670915031961787,3.68e-05,5281842,271875.093802389,0,0,2.02577239877577e-05,0.01721420632104,0,1430,20,1461,1492
20,0.01,0,0,1990,1.19715986807863,0.551809310344828,0.0588235294117647,1.14750052777194,0.551869045587104,0.0302435108089231,0.0702153323652009,0.670870663772308,3.68e-05,5281842,271875.50822068,0,0,2.02577239877577e-05,0.01721420632104,0,1430,20,1461,1492
