"spark_size","total_re_emergence_prob_1_year","total_re_emergence_prob_2_year","total_re_emergence_prob_3_year","spark_year","R_naught","sigma_P","gamma","phi","sigma_M","rho","Beta_0","delta","mu_H","N_0","I_0","R_0","C_0","r","omega","epsilon","t_stop_immigration","spark","spark_time_start","spark_time_end"
20,0,0,0,1990,1.179956366358,0.20704724137931,0.0588235294117647,1.1676141164407,0.579479754769087,0.0291119694397162,0.0692131223123897,0.658927609180099,3.68e-05,5281842,253126.204310834,0,0,2.02577239877577e-05,0.01721420632104,0,1430,20,1461,1492
20,0,0,0,1990,1.1823974668826,0.20704724137931,0.0588235294117647,1.16693508714323,0.576911788350614,0.029313164238296,0.0693544930043667,0.663703173838291,3.68e-05,5281842,253124.956041728,0,0,2.02577239877577e-05,0.01721420632104,0,1430,20,1461,1492
20,0,0,0,1990,1.1793390508468,0.20704724137931,0.0588235294117647,1.17049043135507,0.576312350068907,0.0292055130721233,0.069176913311149,0.659908594490671,3.68e-05,5281842,253124.715976322,0,0,2.02577239877577e-05,0.01721420632104,0,1430,20,1461,1492
20,0,0,0,1990,1.1821811376181,0.20704724137931,0.0588235294117647,1.16819221636015,0.577715822121972,0.0289869343896417,0.0693426529355471,0.661794573187776,3.68000000000001e-05,5281842,253125.943843134,0,0,2.02577239877577e-05,0.01721420632104,0,1430,20,1461,1492
20,0,0,0,1990,1.16390087504942,0.20704724137931,0.0588235294117647,1.14474752890566,0.58197083268856,0.0260567665976239,0.0682807101187805,0.62550195157456,3.67999999999999e-05,5281842,178126.265453204,0,0,2.02577239877577e-05,0.01721420632104,0,1430,20,1461,1492
20,0,0,0,1990,1.20102006000003,0.20704724137931,0.0588235294117647,1.1802476794225,0.595654740417935,0.0324586544192121,0.0704396176321006,0.688013477928419,3.68e-05,5281842,328125.391340049,0,0,2.02577239877577e-05,0.01721420632104,0,1430,20,1461,1492
