"spark_size","total_re_emergence_prob_1_year","total_re_emergence_prob_2_year","total_re_emergence_prob_3_year","spark_year","R_naught","sigma_P","gamma","phi","sigma_M","rho","Beta_0","delta","mu_H","N_0","I_0","R_0","C_0","r","omega","epsilon","t_stop_immigration","spark","spark_time_start","spark_time_end"
20,0.03,0,0,1990,1.21586184076838,0.965523793103448,0.0588235294117647,1.03300329079691,0.433080168301454,0.0265237588403111,0.071309958598035,0.644895515678682,3.68e-05,5281842,145313.504380079,0,0,2.02577239877577e-05,0.01721420632104,0,1430,20,1461,1492
20,0,0,0,1990,1.2186786559337,0.965523793103448,0.0588235294117647,1.02636276397494,0.42503674781128,0.0268161214074933,0.0714724410397951,0.650236802569807,3.68000000000001e-05,5281842,145312.927921602,0,0,2.02577239877577e-05,0.01721420632104,0,1430,20,1461,1492
20,0.01,0.01,0,1990,1.20749912956076,0.965523793103448,0.0588235294117647,1.04143645159666,0.438566810677299,0.0272595984115516,0.0708187363864269,0.648782179341402,3.68e-05,5281842,145314.855936559,0,0,2.02577239877577e-05,0.01721420632104,0,1430,20,1461,1492
20,0.01,0,0,1990,1.21418304195412,0.965523793103448,0.0588235294117647,1.02913973083312,0.440633701123332,0.0266615823424525,0.071207777169167,0.653416782337526,3.68e-05,5281842,145313.370871855,0,0,2.02577239877577e-05,0.01721420632104,0,1430,20,1461,1492
20,0.07,0.02,0,1990,1.20329188260123,0.965523793103448,0.0588235294117647,1.02951037900014,0.434953081656101,0.0273076341751128,0.0705698305257589,0.651503595575952,3.68e-05,5281842,145313.596696334,0,0,2.02577239877577e-05,0.01721420632104,0,1430,20,1461,1492
20,0.04,0,0,1990,1.21223429539313,0.965523793103448,0.0588235294117647,1.06603596566187,0.458173634456264,0.0286690970015215,0.0710944165536587,0.66009618373732,3.68e-05,5281842,220313.568440273,0,0,2.02577239877577e-05,0.01721420632104,0,1430,20,1461,1492
