"spark_size","total_re_emergence_prob_1_year","total_re_emergence_prob_2_year","total_re_emergence_prob_3_year","spark_year","R_naught","sigma_P","gamma","phi","sigma_M","rho","Beta_0","delta","mu_H","N_0","I_0","R_0","C_0","r","omega","epsilon","t_stop_immigration","spark","spark_time_start","spark_time_end"
20,0,0,0,1990,1.15855684311456,0.0691424137931034,0.0588235294117647,1.13416124145711,0.597956157255181,0.0255453552089706,0.0679724041059135,0.607933612888757,3.68e-05,5281842,140626.114637254,0,0,2.02577239877577e-05,0.01721420632104,0,1430,20,1461,1492
20,0,0,0,1990,1.1772940067839,0.0691424137931034,0.0588235294117647,1.17137529148855,0.576576540360941,0.029132365051725,0.0690563987289089,0.661759215881186,3.68e-05,5281842,253126.27755852,0,0,2.02577239877577e-05,0.01721420632104,0,1430,20,1461,1492
20,0,0,0,1990,1.1790144575887,0.0691424137931034,0.0588235294117647,1.17352874395473,0.575489358642131,0.0291741915180214,0.0691573713903024,0.662348873298859,3.67999999999999e-05,5281842,253126.500362652,0,0,2.02577239877577e-05,0.01721420632104,0,1430,20,1461,1492
20,0,0,0,1990,1.17674475686471,0.0691424137931034,0.0588235294117647,1.17412767713295,0.572994558382435,0.029100746646427,0.0690250869946311,0.660198014607874,3.68e-05,5281842,253125.758021383,0,0,2.02577239877577e-05,0.01721420632104,0,1430,20,1461,1492
20,0,0,0,1990,1.17763884016615,0.0691424137931034,0.0588235294117647,1.16932650522382,0.578760461333762,0.0290339710494535,0.069077268729627,0.659273265239777,3.68e-05,5281842,253125.946306156,0,0,2.02577239877577e-05,0.01721420632104,0,1430,20,1461,1492
20,0,0,0,1990,1.1762432951255,0.0691424137931034,0.0588235294117647,1.1767304076256,0.576169745671313,0.029317425781821,0.0689954928689388,0.661603716345311,3.68000000000001e-05,5281842,253125.405224636,0,0,2.02577239877577e-05,0.01721420632104,0,1430,20,1461,1492
