"spark_size","total_re_emergence_prob_1_year","total_re_emergence_prob_2_year","total_re_emergence_prob_3_year","spark_year","R_naught","sigma_P","gamma","phi","sigma_M","rho","Beta_0","delta","mu_H","N_0","I_0","R_0","C_0","r","omega","epsilon","t_stop_immigration","spark","spark_time_start","spark_time_end"
20,0.02,0,0,1990,1.22179797184208,0.965523793103448,0.0588235294117647,1.04952732256674,0.442646122619242,0.0269496670493849,0.0716564352165856,0.653047498616771,3.68e-05,5281842,159376.065550914,0,0,2.02577239877577e-05,0.01721420632104,0,1430,20,1461,1492
20,0.07,0,0,1990,1.22457270866407,0.965523793103448,0.0588235294117647,1.03985818565362,0.450605497529324,0.0267987948410649,0.0718165034528,0.657422666255786,3.68e-05,5281842,159375.658900412,0,0,2.02577239877577e-05,0.01721420632104,0,1430,20,1461,1492
20,0.04,0.01,0.01,1990,1.21741106633443,0.965523793103448,0.0588235294117647,1.04184182771373,0.445884701700046,0.0268954626164951,0.0713991676939075,0.651144697395578,3.68000000000001e-05,5281842,159376.049218793,0,0,2.02577239877577e-05,0.01721420632104,0,1430,20,1461,1492
20,0.02,0,0,1990,1.22100743511322,0.965523793103448,0.0588235294117647,1.03492170605465,0.436436996331985,0.0271976119232139,0.0716081407327873,0.654419377461991,3.67999999999999e-05,5281842,159376.157749941,0,0,2.02577239877577e-05,0.01721420632104,0,1430,20,1461,1492
20,0.04,0,0,1990,1.21279934799301,0.965523793103448,0.0588235294117647,1.07924491990721,0.479598932512146,0.029310451538631,0.0711244706782525,0.671566979441386,3.68e-05,5281842,215625.67421581,0,0,2.02577239877577e-05,0.01721420632104,0,1430,20,1461,1492
20,0.05,0,0.01,1990,1.19599955117183,0.965523793103448,0.0588235294117647,1.07539012551334,0.4771632127576,0.0306062656525964,0.0701393720964488,0.6701907761495,3.68e-05,5281842,215626.46293527,0,0,2.02577239877577e-05,0.01721420632104,0,1430,20,1461,1492
